model,serial_no,image_name,image_type,image_path,image_ext,file_size,file_mtime
EOS_T001-TOP,3,G2_D6.jpg,roi,C:\Users\PC4\Downloads\TUK_PCA\AOI\defect image\EOS_T001-TOP\00000003\G2_D6.jpg,.jpg,2614,2025-10-20 10:36
EOS_T001-TOP,5,G2_D6.jpg,roi,C:\Users\PC4\Downloads\TUK_PCA\AOI\defect image\EOS_T001-TOP\00000005\G2_D6.jpg,.jpg,2614,2025-10-20 10:36
EOS_T001-TOP,8,G2_D6.jpg,roi,C:\Users\PC4\Downloads\TUK_PCA\AOI\defect image\EOS_T001-TOP\00000008\G2_D6.jpg,.jpg,2614,2025-10-20 10:36
EOS_T001-TOP,19,G1_D6.jpg,roi,C:\Users\PC4\Downloads\TUK_PCA\AOI\defect image\EOS_T001-TOP\00000019\G1_D6.jpg,.jpg,2570,2025-10-20 10:36
EOS_T001-TOP,20,G2_D6.jpg,roi,C:\Users\PC4\Downloads\TUK_PCA\AOI\defect image\EOS_T001-TOP\00000020\G2_D6.jpg,.jpg,2614,2025-10-20 10:36
EOS_T001-TOP,27,G2_D6.jpg,roi,C:\Users\PC4\Downloads\TUK_PCA\AOI\defect image\EOS_T001-TOP\00000027\G2_D6.jpg,.jpg,2614,2025-10-20 10:36
EOS_T001-TOP,36,G3_D6.jpg,roi,C:\Users\PC4\Downloads\TUK_PCA\AOI\defect image\EOS_T001-TOP\00000036\G3_D6.jpg,.jpg,2564,2025-10-20 10:36
EOS_T001-TOP,42,G1_D6.jpg,roi,C:\Users\PC4\Downloads\TUK_PCA\AOI\defect image\EOS_T001-TOP\00000042\G1_D6.jpg,.jpg,2570,2025-10-20 10:36
EOS_T001-TOP,46,G0_D6.jpg,roi,C:\Users\PC4\Downloads\TUK_PCA\AOI\defect image\EOS_T001-TOP\00000046\G0_D6.jpg,.jpg,2494,2025-10-20 10:36
EOS_T001-TOP,46,G2_D6.jpg,roi,C:\Users\PC4\Downloads\TUK_PCA\AOI\defect image\EOS_T001-TOP\00000046\G2_D6.jpg,.jpg,2614,2025-10-20 10:36
EOS_T001-TOP,56,G2_D6.jpg,roi,C:\Users\PC4\Downloads\TUK_PCA\AOI\defect image\EOS_T001-TOP\00000056\G2_D6.jpg,.jpg,2614,2025-10-20 10:36
EOS_T001-TOP,56,G3_D6.jpg,roi,C:\Users\PC4\Downloads\TUK_PCA\AOI\defect image\EOS_T001-TOP\00000056\G3_D6.jpg,.jpg,2564,2025-10-20 10:36
EOS_T001-TOP,60,G0_D6.jpg,roi,C:\Users\PC4\Downloads\TUK_PCA\AOI\defect image\EOS_T001-TOP\00000060\G0_D6.jpg,.jpg,2494,2025-10-20 10:36
EOS_T001-TOP,65,G0_D6.jpg,roi,C:\Users\PC4\Downloads\TUK_PCA\AOI\defect image\EOS_T001-TOP\00000065\G0_D6.jpg,.jpg,2494,2025-10-20 10:36
EOS_T001-TOP,68,G3_D6.jpg,roi,C:\Users\PC4\Downloads\TUK_PCA\AOI\defect image\EOS_T001-TOP\00000068\G3_D6.jpg,.jpg,2564,2025-10-20 10:36
EOS_T001-TOP,73,G0_D6.jpg,roi,C:\Users\PC4\Downloads\TUK_PCA\AOI\defect image\EOS_T001-TOP\00000073\G0_D6.jpg,.jpg,2494,2025-10-20 10:36
EOS_T001-TOP,73,G1_D6.jpg,roi,C:\Users\PC4\Downloads\TUK_PCA\AOI\defect image\EOS_T001-TOP\00000073\G1_D6.jpg,.jpg,2570,2025-10-20 10:36
EOS_T001-TOP,74,G0_D6.jpg,roi,C:\Users\PC4\Downloads\TUK_PCA\AOI\defect image\EOS_T001-TOP\00000074\G0_D6.jpg,.jpg,2494,2025-10-20 10:36
EOS_T001-TOP,75,G2_D6.jpg,roi,C:\Users\PC4\Downloads\TUK_PCA\AOI\defect image\EOS_T001-TOP\00000075\G2_D6.jpg,.jpg,2614,2025-10-20 10:36
EOS_T001-TOP,76,G3_D6.jpg,roi,C:\Users\PC4\Downloads\TUK_PCA\AOI\defect image\EOS_T001-TOP\00000076\G3_D6.jpg,.jpg,2564,2025-10-20 10:36
EOS_T001-TOP,77,G3_D6.jpg,roi,C:\Users\PC4\Downloads\TUK_PCA\AOI\defect image\EOS_T001-TOP\00000077\G3_D6.jpg,.jpg,2564,2025-10-20 10:36
EOS_T001-TOP,80,G2_D6.jpg,roi,C:\Users\PC4\Downloads\TUK_PCA\AOI\defect image\EOS_T001-TOP\00000080\G2_D6.jpg,.jpg,2614,2025-10-20 10:36
EOS_T001-TOP,94,G0_D6.jpg,roi,C:\Users\PC4\Downloads\TUK_PCA\AOI\defect image\EOS_T001-TOP\00000094\G0_D6.jpg,.jpg,2494,2025-10-20 10:36
EOS_T001-TOP,94,G2_D6.jpg,roi,C:\Users\PC4\Downloads\TUK_PCA\AOI\defect image\EOS_T001-TOP\00000094\G2_D6.jpg,.jpg,2614,2025-10-20 10:36
EOS_T001-TOP,94,G3_D6.jpg,roi,C:\Users\PC4\Downloads\TUK_PCA\AOI\defect image\EOS_T001-TOP\00000094\G3_D6.jpg,.jpg,2564,2025-10-20 10:36
EOS_T001-TOP,95,G2_D6.jpg,roi,C:\Users\PC4\Downloads\TUK_PCA\AOI\defect image\EOS_T001-TOP\00000095\G2_D6.jpg,.jpg,2614,2025-10-20 10:36
EOS_T001-TOP,100,G0_D6.jpg,roi,C:\Users\PC4\Downloads\TUK_PCA\AOI\defect image\EOS_T001-TOP\00000100\G0_D6.jpg,.jpg,2494,2025-10-20 10:36
EOS_T001-TOP,100,G2_D6.jpg,roi,C:\Users\PC4\Downloads\TUK_PCA\AOI\defect image\EOS_T001-TOP\00000100\G2_D6.jpg,.jpg,2614,2025-10-20 10:36
EOS_T001-TOP,108,G3_D6.jpg,roi,C:\Users\PC4\Downloads\TUK_PCA\AOI\defect image\EOS_T001-TOP\00000108\G3_D6.jpg,.jpg,2564,2025-10-20 10:36
EOS_T001-TOP,128,G3_D6.jpg,roi,C:\Users\PC4\Downloads\TUK_PCA\AOI\defect image\EOS_T001-TOP\00000128\G3_D6.jpg,.jpg,2564,2025-10-20 10:36
EOS_T001-TOP,129,G2_D6.jpg,roi,C:\Users\PC4\Downloads\TUK_PCA\AOI\defect image\EOS_T001-TOP\00000129\G2_D6.jpg,.jpg,2614,2025-10-20 10:36
EOS_T001-TOP,130,G3_D6.jpg,roi,C:\Users\PC4\Downloads\TUK_PCA\AOI\defect image\EOS_T001-TOP\00000130\G3_D6.jpg,.jpg,2564,2025-10-20 10:36
EOS_T001-TOP,135,G1_D6.jpg,roi,C:\Users\PC4\Downloads\TUK_PCA\AOI\defect image\EOS_T001-TOP\00000135\G1_D6.jpg,.jpg,2570,2025-10-20 10:36
EOS_T001-TOP,140,G2_D6.jpg,roi,C:\Users\PC4\Downloads\TUK_PCA\AOI\defect image\EOS_T001-TOP\00000140\G2_D6.jpg,.jpg,2614,2025-10-20 10:36
EOS_T001-TOP,142,G1_D6.jpg,roi,C:\Users\PC4\Downloads\TUK_PCA\AOI\defect image\EOS_T001-TOP\00000142\G1_D6.jpg,.jpg,2570,2025-10-20 10:36
EOS_T001-TOP,160,G0_D6.jpg,roi,C:\Users\PC4\Downloads\TUK_PCA\AOI\defect image\EOS_T001-TOP\00000160\G0_D6.jpg,.jpg,2494,2025-10-20 10:36
EOS_T001-TOP,167,G2_D6.jpg,roi,C:\Users\PC4\Downloads\TUK_PCA\AOI\defect image\EOS_T001-TOP\00000167\G2_D6.jpg,.jpg,2614,2025-10-20 10:36
EOS_T001-TOP,174,G1_D6.jpg,roi,C:\Users\PC4\Downloads\TUK_PCA\AOI\defect image\EOS_T001-TOP\00000174\G1_D6.jpg,.jpg,2570,2025-10-20 10:36
EOS_T001-TOP,186,G2_D6.jpg,roi,C:\Users\PC4\Downloads\TUK_PCA\AOI\defect image\EOS_T001-TOP\00000186\G2_D6.jpg,.jpg,2614,2025-10-20 10:36
EOS_T001-TOP,196,G3_D6.jpg,roi,C:\Users\PC4\Downloads\TUK_PCA\AOI\defect image\EOS_T001-TOP\00000196\G3_D6.jpg,.jpg,2564,2025-10-20 10:36
EOS_T001-TOP,201,G1_D6.jpg,roi,C:\Users\PC4\Downloads\TUK_PCA\AOI\defect image\EOS_T001-TOP\00000201\G1_D6.jpg,.jpg,2570,2025-10-20 10:36
EOS_T001-TOP,201,G2_D6.jpg,roi,C:\Users\PC4\Downloads\TUK_PCA\AOI\defect image\EOS_T001-TOP\00000201\G2_D6.jpg,.jpg,2614,2025-10-20 10:36
EOS_T001-TOP,206,G2_D6.jpg,roi,C:\Users\PC4\Downloads\TUK_PCA\AOI\defect image\EOS_T001-TOP\00000206\G2_D6.jpg,.jpg,2614,2025-10-20 10:36
EOS_T001-TOP,223,G2_D6.jpg,roi,C:\Users\PC4\Downloads\TUK_PCA\AOI\defect image\EOS_T001-TOP\00000223\G2_D6.jpg,.jpg,2614,2025-10-20 10:36
EOS_T001-TOP,226,G1_D6.jpg,roi,C:\Users\PC4\Downloads\TUK_PCA\AOI\defect image\EOS_T001-TOP\00000226\G1_D6.jpg,.jpg,2570,2025-10-20 10:36
EOS_T001-TOP,3,D2_D6.jpg,roi,C:\Users\PC4\Downloads\TUK_PCA\AOI\defect image\EOS_T001-TOP\00000003\D2_D6.jpg,.jpg,2623,2025-10-20 10:36
EOS_T001-TOP,5,D2_D6.jpg,roi,C:\Users\PC4\Downloads\TUK_PCA\AOI\defect image\EOS_T001-TOP\00000005\D2_D6.jpg,.jpg,2598,2025-10-20 10:38
EOS_T001-TOP,8,D2_D6.jpg,roi,C:\Users\PC4\Downloads\TUK_PCA\AOI\defect image\EOS_T001-TOP\00000008\D2_D6.jpg,.jpg,2590,2025-10-20 10:46
EOS_T001-TOP,16,BRDFID_0.jpg,roi,C:\Users\PC4\Downloads\TUK_PCA\AOI\defect image\EOS_T001-TOP\00000016\BRDFID_0.jpg,.jpg,986008,2025-10-20 10:49
EOS_T001-TOP,19,D1_D6.jpg,roi,C:\Users\PC4\Downloads\TUK_PCA\AOI\defect image\EOS_T001-TOP\00000019\D1_D6.jpg,.jpg,2585,2025-10-20 10:51
EOS_T001-TOP,20,D2_D6.jpg,roi,C:\Users\PC4\Downloads\TUK_PCA\AOI\defect image\EOS_T001-TOP\00000020\D2_D6.jpg,.jpg,2574,2025-10-20 10:51
EOS_T001-TOP,27,D2_D6.jpg,roi,C:\Users\PC4\Downloads\TUK_PCA\AOI\defect image\EOS_T001-TOP\00000027\D2_D6.jpg,.jpg,2518,2025-10-20 10:54
EOS_T001-TOP,36,D3_D6.jpg,roi,C:\Users\PC4\Downloads\TUK_PCA\AOI\defect image\EOS_T001-TOP\00000036\D3_D6.jpg,.jpg,2359,2025-10-20 10:57
EOS_T001-TOP,42,D1_D6.jpg,roi,C:\Users\PC4\Downloads\TUK_PCA\AOI\defect image\EOS_T001-TOP\00000042\D1_D6.jpg,.jpg,2436,2025-10-20 10:59
EOS_T001-TOP,46,D0_D6.jpg,roi,C:\Users\PC4\Downloads\TUK_PCA\AOI\defect image\EOS_T001-TOP\00000046\D0_D6.jpg,.jpg,2416,2025-10-20 11:01
EOS_T001-TOP,46,D2_D6.jpg,roi,C:\Users\PC4\Downloads\TUK_PCA\AOI\defect image\EOS_T001-TOP\00000046\D2_D6.jpg,.jpg,2258,2025-10-20 11:01
EOS_T001-TOP,48,BRDFID_1.jpg,roi,C:\Users\PC4\Downloads\TUK_PCA\AOI\defect image\EOS_T001-TOP\00000048\BRDFID_1.jpg,.jpg,1115735,2025-10-20 11:02
EOS_T001-TOP,56,D2_D6.jpg,roi,C:\Users\PC4\Downloads\TUK_PCA\AOI\defect image\EOS_T001-TOP\00000056\D2_D6.jpg,.jpg,2288,2025-10-20 11:06
EOS_T001-TOP,56,D3_D6.jpg,roi,C:\Users\PC4\Downloads\TUK_PCA\AOI\defect image\EOS_T001-TOP\00000056\D3_D6.jpg,.jpg,2267,2025-10-20 11:06
EOS_T001-TOP,60,D0_D6.jpg,roi,C:\Users\PC4\Downloads\TUK_PCA\AOI\defect image\EOS_T001-TOP\00000060\D0_D6.jpg,.jpg,2392,2025-10-20 11:07
EOS_T001-TOP,65,D0_D6.jpg,roi,C:\Users\PC4\Downloads\TUK_PCA\AOI\defect image\EOS_T001-TOP\00000065\D0_D6.jpg,.jpg,2288,2025-10-20 11:10
EOS_T001-TOP,66,BRDFID_0.jpg,roi,C:\Users\PC4\Downloads\TUK_PCA\AOI\defect image\EOS_T001-TOP\00000066\BRDFID_0.jpg,.jpg,1491032,2025-10-20 11:10
EOS_T001-TOP,68,D3_D6.jpg,roi,C:\Users\PC4\Downloads\TUK_PCA\AOI\defect image\EOS_T001-TOP\00000068\D3_D6.jpg,.jpg,2520,2025-10-20 11:11
EOS_T001-TOP,73,D0_D6.jpg,roi,C:\Users\PC4\Downloads\TUK_PCA\AOI\defect image\EOS_T001-TOP\00000073\D0_D6.jpg,.jpg,2298,2025-10-20 11:13
EOS_T001-TOP,73,D1_D6.jpg,roi,C:\Users\PC4\Downloads\TUK_PCA\AOI\defect image\EOS_T001-TOP\00000073\D1_D6.jpg,.jpg,2491,2025-10-20 11:13
EOS_T001-TOP,74,D0_D6.jpg,roi,C:\Users\PC4\Downloads\TUK_PCA\AOI\defect image\EOS_T001-TOP\00000074\D0_D6.jpg,.jpg,2511,2025-10-20 11:14
EOS_T001-TOP,75,D2_D6.jpg,roi,C:\Users\PC4\Downloads\TUK_PCA\AOI\defect image\EOS_T001-TOP\00000075\D2_D6.jpg,.jpg,2450,2025-10-20 11:14
EOS_T001-TOP,76,D3_D6.jpg,roi,C:\Users\PC4\Downloads\TUK_PCA\AOI\defect image\EOS_T001-TOP\00000076\D3_D6.jpg,.jpg,2481,2025-10-20 11:14
EOS_T001-TOP,77,D3_D6.jpg,roi,C:\Users\PC4\Downloads\TUK_PCA\AOI\defect image\EOS_T001-TOP\00000077\D3_D6.jpg,.jpg,2491,2025-10-20 11:15
EOS_T001-TOP,80,D2_D6.jpg,roi,C:\Users\PC4\Downloads\TUK_PCA\AOI\defect image\EOS_T001-TOP\00000080\D2_D6.jpg,.jpg,2317,2025-10-20 11:16
EOS_T001-TOP,85,BRDFID_0.jpg,roi,C:\Users\PC4\Downloads\TUK_PCA\AOI\defect image\EOS_T001-TOP\00000085\BRDFID_0.jpg,.jpg,981310,2025-10-20 11:19
EOS_T001-TOP,92,BRDFID_0.jpg,roi,C:\Users\PC4\Downloads\TUK_PCA\AOI\defect image\EOS_T001-TOP\00000092\BRDFID_0.jpg,.jpg,1049570,2025-10-20 11:58
EOS_T001-TOP,94,D0_D6.jpg,roi,C:\Users\PC4\Downloads\TUK_PCA\AOI\defect image\EOS_T001-TOP\00000094\D0_D6.jpg,.jpg,2356,2025-10-20 11:58
EOS_T001-TOP,94,D2_D6.jpg,roi,C:\Users\PC4\Downloads\TUK_PCA\AOI\defect image\EOS_T001-TOP\00000094\D2_D6.jpg,.jpg,2306,2025-10-20 11:58
EOS_T001-TOP,94,D3_D6.jpg,roi,C:\Users\PC4\Downloads\TUK_PCA\AOI\defect image\EOS_T001-TOP\00000094\D3_D6.jpg,.jpg,2492,2025-10-20 11:58
EOS_T001-TOP,95,D2_D6.jpg,roi,C:\Users\PC4\Downloads\TUK_PCA\AOI\defect image\EOS_T001-TOP\00000095\D2_D6.jpg,.jpg,2343,2025-10-20 11:59
EOS_T001-TOP,100,D0_D6.jpg,roi,C:\Users\PC4\Downloads\TUK_PCA\AOI\defect image\EOS_T001-TOP\00000100\D0_D6.jpg,.jpg,2312,2025-10-20 12:01
EOS_T001-TOP,100,D2_D6.jpg,roi,C:\Users\PC4\Downloads\TUK_PCA\AOI\defect image\EOS_T001-TOP\00000100\D2_D6.jpg,.jpg,2491,2025-10-20 12:01
EOS_T001-TOP,108,D3_D6.jpg,roi,C:\Users\PC4\Downloads\TUK_PCA\AOI\defect image\EOS_T001-TOP\00000108\D3_D6.jpg,.jpg,2411,2025-10-20 12:05
EOS_T001-TOP,120,BRDFID_0.jpg,roi,C:\Users\PC4\Downloads\TUK_PCA\AOI\defect image\EOS_T001-TOP\00000120\BRDFID_0.jpg,.jpg,1486749,2025-10-20 12:10
EOS_T001-TOP,128,D3_D6.jpg,roi,C:\Users\PC4\Downloads\TUK_PCA\AOI\defect image\EOS_T001-TOP\00000128\D3_D6.jpg,.jpg,2441,2025-10-20 12:13
EOS_T001-TOP,129,D2_D6.jpg,roi,C:\Users\PC4\Downloads\TUK_PCA\AOI\defect image\EOS_T001-TOP\00000129\D2_D6.jpg,.jpg,2384,2025-10-20 12:14
EOS_T001-TOP,130,D3_D6.jpg,roi,C:\Users\PC4\Downloads\TUK_PCA\AOI\defect image\EOS_T001-TOP\00000130\D3_D6.jpg,.jpg,2610,2025-10-20 12:14
EOS_T001-TOP,131,BRDFID_0.jpg,roi,C:\Users\PC4\Downloads\TUK_PCA\AOI\defect image\EOS_T001-TOP\00000131\BRDFID_0.jpg,.jpg,1488310,2025-10-20 12:15
EOS_T001-TOP,135,D1_D6.jpg,roi,C:\Users\PC4\Downloads\TUK_PCA\AOI\defect image\EOS_T001-TOP\00000135\D1_D6.jpg,.jpg,2394,2025-10-20 12:17
EOS_T001-TOP,140,D2_D6.jpg,roi,C:\Users\PC4\Downloads\TUK_PCA\AOI\defect image\EOS_T001-TOP\00000140\D2_D6.jpg,.jpg,2444,2025-10-20 12:19
EOS_T001-TOP,142,D1_D6.jpg,roi,C:\Users\PC4\Downloads\TUK_PCA\AOI\defect image\EOS_T001-TOP\00000142\D1_D6.jpg,.jpg,2495,2025-10-20 12:20
EOS_T001-TOP,160,D0_D6.jpg,roi,C:\Users\PC4\Downloads\TUK_PCA\AOI\defect image\EOS_T001-TOP\00000160\D0_D6.jpg,.jpg,2426,2025-10-20 12:28
EOS_T001-TOP,167,D2_D6.jpg,roi,C:\Users\PC4\Downloads\TUK_PCA\AOI\defect image\EOS_T001-TOP\00000167\D2_D6.jpg,.jpg,2536,2025-10-20 12:31
EOS_T001-TOP,174,D1_D6.jpg,roi,C:\Users\PC4\Downloads\TUK_PCA\AOI\defect image\EOS_T001-TOP\00000174\D1_D6.jpg,.jpg,2534,2025-10-20 12:34
EOS_T001-TOP,186,D2_D6.jpg,roi,C:\Users\PC4\Downloads\TUK_PCA\AOI\defect image\EOS_T001-TOP\00000186\D2_D6.jpg,.jpg,2301,2025-10-20 12:39
EOS_T001-TOP,196,D3_D6.jpg,roi,C:\Users\PC4\Downloads\TUK_PCA\AOI\defect image\EOS_T001-TOP\00000196\D3_D6.jpg,.jpg,2397,2025-10-20 12:44
EOS_T001-TOP,201,D1_D6.jpg,roi,C:\Users\PC4\Downloads\TUK_PCA\AOI\defect image\EOS_T001-TOP\00000201\D1_D6.jpg,.jpg,2358,2025-10-20 12:46
EOS_T001-TOP,201,D2_D6.jpg,roi,C:\Users\PC4\Downloads\TUK_PCA\AOI\defect image\EOS_T001-TOP\00000201\D2_D6.jpg,.jpg,2304,2025-10-20 12:46
EOS_T001-TOP,206,D2_D6.jpg,roi,C:\Users\PC4\Downloads\TUK_PCA\AOI\defect image\EOS_T001-TOP\00000206\D2_D6.jpg,.jpg,2332,2025-10-20 12:48
EOS_T001-TOP,223,D2_D6.jpg,roi,C:\Users\PC4\Downloads\TUK_PCA\AOI\defect image\EOS_T001-TOP\00000223\D2_D6.jpg,.jpg,2417,2025-10-20 12:56
EOS_T001-TOP,226,D1_D6.jpg,roi,C:\Users\PC4\Downloads\TUK_PCA\AOI\defect image\EOS_T001-TOP\00000226\D1_D6.jpg,.jpg,2436,2025-10-20 12:57
EOS_T001-BOT,1,G0_D1.jpg,roi,C:\Users\PC4\Downloads\TUK_PCA\AOI\defect image\EOS_T001-BOT\00000001\G0_D1.jpg,.jpg,5197,2025-10-20 15:01
EOS_T001-BOT,1,G0_D2.jpg,roi,C:\Users\PC4\Downloads\TUK_PCA\AOI\defect image\EOS_T001-BOT\00000001\G0_D2.jpg,.jpg,5110,2025-10-20 15:01
EOS_T001-BOT,3,G2_IC1.jpg,roi,C:\Users\PC4\Downloads\TUK_PCA\AOI\defect image\EOS_T001-BOT\00000003\G2_IC1.jpg,.jpg,46904,2025-10-20 15:01
EOS_T001-BOT,1,G0_Q2.jpg,roi,C:\Users\PC4\Downloads\TUK_PCA\AOI\defect image\EOS_T001-BOT\00000001\G0_Q2.jpg,.jpg,7160,2025-10-20 15:01
EOS_T001-BOT,1,G0_Q3.jpg,roi,C:\Users\PC4\Downloads\TUK_PCA\AOI\defect image\EOS_T001-BOT\00000001\G0_Q3.jpg,.jpg,6610,2025-10-20 15:01
EOS_T001-BOT,2,G3_LS1.jpg,roi,C:\Users\PC4\Downloads\TUK_PCA\AOI\defect image\EOS_T001-BOT\00000002\G3_LS1.jpg,.jpg,69522,2025-10-20 15:01
EOS_T001-BOT,3,G0_IC1.jpg,roi,C:\Users\PC4\Downloads\TUK_PCA\AOI\defect image\EOS_T001-BOT\00000003\G0_IC1.jpg,.jpg,49230,2025-10-20 15:01
EOS_T001-BOT,3,G0_Q1.jpg,roi,C:\Users\PC4\Downloads\TUK_PCA\AOI\defect image\EOS_T001-BOT\00000003\G0_Q1.jpg,.jpg,6888,2025-10-20 15:01
EOS_T001-BOT,3,G0_Q3.jpg,roi,C:\Users\PC4\Downloads\TUK_PCA\AOI\defect image\EOS_T001-BOT\00000003\G0_Q3.jpg,.jpg,6610,2025-10-20 15:01
EOS_T001-BOT,3,G0_U1.jpg,roi,C:\Users\PC4\Downloads\TUK_PCA\AOI\defect image\EOS_T001-BOT\00000003\G0_U1.jpg,.jpg,106303,2025-10-20 15:01
EOS_T001-BOT,3,G1_Q2.jpg,roi,C:\Users\PC4\Downloads\TUK_PCA\AOI\defect image\EOS_T001-BOT\00000003\G1_Q2.jpg,.jpg,7118,2025-10-20 15:01
EOS_T001-BOT,3,G2_Q1.jpg,roi,C:\Users\PC4\Downloads\TUK_PCA\AOI\defect image\EOS_T001-BOT\00000003\G2_Q1.jpg,.jpg,6590,2025-10-20 15:01
EOS_T001-BOT,4,G0_U1.jpg,roi,C:\Users\PC4\Downloads\TUK_PCA\AOI\defect image\EOS_T001-BOT\00000004\G0_U1.jpg,.jpg,106303,2025-10-20 15:01
EOS_T001-BOT,1,D0_D1.jpg,roi,C:\Users\PC4\Downloads\TUK_PCA\AOI\defect image\EOS_T001-BOT\00000001\D0_D1.jpg,.jpg,5292,2025-10-20 15:02
EOS_T001-BOT,1,D0_D2.jpg,roi,C:\Users\PC4\Downloads\TUK_PCA\AOI\defect image\EOS_T001-BOT\00000001\D0_D2.jpg,.jpg,5097,2025-10-20 15:02
EOS_T001-BOT,1,D0_Q2.jpg,roi,C:\Users\PC4\Downloads\TUK_PCA\AOI\defect image\EOS_T001-BOT\00000001\D0_Q2.jpg,.jpg,6968,2025-10-20 15:02
EOS_T001-BOT,1,D0_Q3.jpg,roi,C:\Users\PC4\Downloads\TUK_PCA\AOI\defect image\EOS_T001-BOT\00000001\D0_Q3.jpg,.jpg,6582,2025-10-20 15:02
EOS_T001-BOT,2,D3_LS1.jpg,roi,C:\Users\PC4\Downloads\TUK_PCA\AOI\defect image\EOS_T001-BOT\00000002\D3_LS1.jpg,.jpg,71874,2025-10-20 15:07
EOS_T001-BOT,3,D0_IC1.jpg,roi,C:\Users\PC4\Downloads\TUK_PCA\AOI\defect image\EOS_T001-BOT\00000003\D0_IC1.jpg,.jpg,46112,2025-10-20 15:08
EOS_T001-BOT,3,D0_Q1.jpg,roi,C:\Users\PC4\Downloads\TUK_PCA\AOI\defect image\EOS_T001-BOT\00000003\D0_Q1.jpg,.jpg,6972,2025-10-20 15:08
EOS_T001-BOT,3,D0_Q3.jpg,roi,C:\Users\PC4\Downloads\TUK_PCA\AOI\defect image\EOS_T001-BOT\00000003\D0_Q3.jpg,.jpg,6693,2025-10-20 15:08
EOS_T001-BOT,3,D0_U1.jpg,roi,C:\Users\PC4\Downloads\TUK_PCA\AOI\defect image\EOS_T001-BOT\00000003\D0_U1.jpg,.jpg,103731,2025-10-20 15:08
EOS_T001-BOT,3,D1_Q2.jpg,roi,C:\Users\PC4\Downloads\TUK_PCA\AOI\defect image\EOS_T001-BOT\00000003\D1_Q2.jpg,.jpg,7198,2025-10-20 15:08
EOS_T001-BOT,3,D2_IC1.jpg,roi,C:\Users\PC4\Downloads\TUK_PCA\AOI\defect image\EOS_T001-BOT\00000003\D2_IC1.jpg,.jpg,45838,2025-10-20 15:08
EOS_T001-BOT,3,D2_Q1.jpg,roi,C:\Users\PC4\Downloads\TUK_PCA\AOI\defect image\EOS_T001-BOT\00000003\D2_Q1.jpg,.jpg,6707,2025-10-20 15:08
EOS_T001-BOT,4,D0_U1.jpg,roi,C:\Users\PC4\Downloads\TUK_PCA\AOI\defect image\EOS_T001-BOT\00000004\D0_U1.jpg,.jpg,103063,2025-10-20 15:10
EOS_T001-BOT,5,G2_D1.jpg,roi,C:\Users\PC4\Downloads\TUK_PCA\AOI\defect image\EOS_T001-BOT\00000005\G2_D1.jpg,.jpg,5763,2025-10-20 15:11
EOS_T001-BOT,11,G3_IC2.jpg,roi,C:\Users\PC4\Downloads\TUK_PCA\AOI\defect image\EOS_T001-BOT\00000011\G3_IC2.jpg,.jpg,12141,2025-10-20 15:11
EOS_T001-BOT,22,G2_D4.jpg,roi,C:\Users\PC4\Downloads\TUK_PCA\AOI\defect image\EOS_T001-BOT\00000022\G2_D4.jpg,.jpg,5964,2025-10-20 15:11
EOS_T001-BOT,26,G2_IC2.jpg,roi,C:\Users\PC4\Downloads\TUK_PCA\AOI\defect image\EOS_T001-BOT\00000026\G2_IC2.jpg,.jpg,12309,2025-10-20 15:11
EOS_T001-BOT,26,G3_IC2.jpg,roi,C:\Users\PC4\Downloads\TUK_PCA\AOI\defect image\EOS_T001-BOT\00000026\G3_IC2.jpg,.jpg,12141,2025-10-20 15:11
EOS_T001-BOT,40,G0_IC2.jpg,roi,C:\Users\PC4\Downloads\TUK_PCA\AOI\defect image\EOS_T001-BOT\00000040\G0_IC2.jpg,.jpg,12490,2025-10-20 15:11
EOS_T001-BOT,42,G3_IC2.jpg,roi,C:\Users\PC4\Downloads\TUK_PCA\AOI\defect image\EOS_T001-BOT\00000042\G3_IC2.jpg,.jpg,12141,2025-10-20 15:11
EOS_T001-BOT,49,G1_IC2.jpg,roi,C:\Users\PC4\Downloads\TUK_PCA\AOI\defect image\EOS_T001-BOT\00000049\G1_IC2.jpg,.jpg,12053,2025-10-20 15:11
EOS_T001-BOT,65,G1_IC2.jpg,roi,C:\Users\PC4\Downloads\TUK_PCA\AOI\defect image\EOS_T001-BOT\00000065\G1_IC2.jpg,.jpg,12053,2025-10-20 15:11
EOS_T001-BOT,66,G3_IC2.jpg,roi,C:\Users\PC4\Downloads\TUK_PCA\AOI\defect image\EOS_T001-BOT\00000066\G3_IC2.jpg,.jpg,12141,2025-10-20 15:11
EOS_T001-BOT,113,G1_R14.jpg,roi,C:\Users\PC4\Downloads\TUK_PCA\AOI\defect image\EOS_T001-BOT\00000113\G1_R14.jpg,.jpg,3255,2025-10-20 15:11
EOS_T001-BOT,113,G1_R17.jpg,roi,C:\Users\PC4\Downloads\TUK_PCA\AOI\defect image\EOS_T001-BOT\00000113\G1_R17.jpg,.jpg,3265,2025-10-20 15:11
EOS_T001-BOT,152,G3_C3.jpg,roi,C:\Users\PC4\Downloads\TUK_PCA\AOI\defect image\EOS_T001-BOT\00000152\G3_C3.jpg,.jpg,2535,2025-10-20 15:11
EOS_T001-BOT,152,G3_C6.jpg,roi,C:\Users\PC4\Downloads\TUK_PCA\AOI\defect image\EOS_T001-BOT\00000152\G3_C6.jpg,.jpg,2711,2025-10-20 15:11
EOS_T001-BOT,152,G3_D1.jpg,roi,C:\Users\PC4\Downloads\TUK_PCA\AOI\defect image\EOS_T001-BOT\00000152\G3_D1.jpg,.jpg,5617,2025-10-20 15:11
EOS_T001-BOT,152,G3_D2.jpg,roi,C:\Users\PC4\Downloads\TUK_PCA\AOI\defect image\EOS_T001-BOT\00000152\G3_D2.jpg,.jpg,5832,2025-10-20 15:11
EOS_T001-BOT,152,G3_D3.jpg,roi,C:\Users\PC4\Downloads\TUK_PCA\AOI\defect image\EOS_T001-BOT\00000152\G3_D3.jpg,.jpg,6112,2025-10-20 15:11
EOS_T001-BOT,152,G3_IC2.jpg,roi,C:\Users\PC4\Downloads\TUK_PCA\AOI\defect image\EOS_T001-BOT\00000152\G3_IC2.jpg,.jpg,12141,2025-10-20 15:11
EOS_T001-BOT,152,G3_R14.jpg,roi,C:\Users\PC4\Downloads\TUK_PCA\AOI\defect image\EOS_T001-BOT\00000152\G3_R14.jpg,.jpg,3326,2025-10-20 15:11
EOS_T001-BOT,152,G3_R17.jpg,roi,C:\Users\PC4\Downloads\TUK_PCA\AOI\defect image\EOS_T001-BOT\00000152\G3_R17.jpg,.jpg,3271,2025-10-20 15:11
EOS_T001-BOT,152,G3_R6.jpg,roi,C:\Users\PC4\Downloads\TUK_PCA\AOI\defect image\EOS_T001-BOT\00000152\G3_R6.jpg,.jpg,3215,2025-10-20 15:11
EOS_T001-BOT,159,G3_Q4.jpg,roi,C:\Users\PC4\Downloads\TUK_PCA\AOI\defect image\EOS_T001-BOT\00000159\G3_Q4.jpg,.jpg,6651,2025-10-20 15:11
EOS_T001-BOT,187,G3_Q4.jpg,roi,C:\Users\PC4\Downloads\TUK_PCA\AOI\defect image\EOS_T001-BOT\00000187\G3_Q4.jpg,.jpg,6651,2025-10-20 15:11
EOS_T001-BOT,188,G3_C3.jpg,roi,C:\Users\PC4\Downloads\TUK_PCA\AOI\defect image\EOS_T001-BOT\00000188\G3_C3.jpg,.jpg,2535,2025-10-20 15:11
EOS_T001-BOT,188,G3_C6.jpg,roi,C:\Users\PC4\Downloads\TUK_PCA\AOI\defect image\EOS_T001-BOT\00000188\G3_C6.jpg,.jpg,2711,2025-10-20 15:11
EOS_T001-BOT,188,G3_D1.jpg,roi,C:\Users\PC4\Downloads\TUK_PCA\AOI\defect image\EOS_T001-BOT\00000188\G3_D1.jpg,.jpg,5617,2025-10-20 15:11
EOS_T001-BOT,188,G3_D2.jpg,roi,C:\Users\PC4\Downloads\TUK_PCA\AOI\defect image\EOS_T001-BOT\00000188\G3_D2.jpg,.jpg,5832,2025-10-20 15:11
EOS_T001-BOT,188,G3_D3.jpg,roi,C:\Users\PC4\Downloads\TUK_PCA\AOI\defect image\EOS_T001-BOT\00000188\G3_D3.jpg,.jpg,6112,2025-10-20 15:11
EOS_T001-BOT,188,G3_IC2.jpg,roi,C:\Users\PC4\Downloads\TUK_PCA\AOI\defect image\EOS_T001-BOT\00000188\G3_IC2.jpg,.jpg,12141,2025-10-20 15:11
EOS_T001-BOT,188,G3_R14.jpg,roi,C:\Users\PC4\Downloads\TUK_PCA\AOI\defect image\EOS_T001-BOT\00000188\G3_R14.jpg,.jpg,3326,2025-10-20 15:11
EOS_T001-BOT,188,G3_R17.jpg,roi,C:\Users\PC4\Downloads\TUK_PCA\AOI\defect image\EOS_T001-BOT\00000188\G3_R17.jpg,.jpg,3271,2025-10-20 15:11
EOS_T001-BOT,188,G3_R6.jpg,roi,C:\Users\PC4\Downloads\TUK_PCA\AOI\defect image\EOS_T001-BOT\00000188\G3_R6.jpg,.jpg,3215,2025-10-20 15:11
EOS_T001-BOT,191,G0_D4.jpg,roi,C:\Users\PC4\Downloads\TUK_PCA\AOI\defect image\EOS_T001-BOT\00000191\G0_D4.jpg,.jpg,5931,2025-10-20 15:11
EOS_T001-BOT,214,G3_C3.jpg,roi,C:\Users\PC4\Downloads\TUK_PCA\AOI\defect image\EOS_T001-BOT\00000214\G3_C3.jpg,.jpg,2535,2025-10-20 15:11
EOS_T001-BOT,214,G3_C6.jpg,roi,C:\Users\PC4\Downloads\TUK_PCA\AOI\defect image\EOS_T001-BOT\00000214\G3_C6.jpg,.jpg,2711,2025-10-20 15:11
EOS_T001-BOT,214,G3_D1.jpg,roi,C:\Users\PC4\Downloads\TUK_PCA\AOI\defect image\EOS_T001-BOT\00000214\G3_D1.jpg,.jpg,5617,2025-10-20 15:11
EOS_T001-BOT,214,G3_D2.jpg,roi,C:\Users\PC4\Downloads\TUK_PCA\AOI\defect image\EOS_T001-BOT\00000214\G3_D2.jpg,.jpg,5832,2025-10-20 15:11
EOS_T001-BOT,214,G3_D3.jpg,roi,C:\Users\PC4\Downloads\TUK_PCA\AOI\defect image\EOS_T001-BOT\00000214\G3_D3.jpg,.jpg,6112,2025-10-20 15:11
EOS_T001-BOT,214,G3_IC2.jpg,roi,C:\Users\PC4\Downloads\TUK_PCA\AOI\defect image\EOS_T001-BOT\00000214\G3_IC2.jpg,.jpg,12141,2025-10-20 15:11
EOS_T001-BOT,214,G3_R14.jpg,roi,C:\Users\PC4\Downloads\TUK_PCA\AOI\defect image\EOS_T001-BOT\00000214\G3_R14.jpg,.jpg,3326,2025-10-20 15:11
EOS_T001-BOT,214,G3_R17.jpg,roi,C:\Users\PC4\Downloads\TUK_PCA\AOI\defect image\EOS_T001-BOT\00000214\G3_R17.jpg,.jpg,3271,2025-10-20 15:11
EOS_T001-BOT,214,G3_R6.jpg,roi,C:\Users\PC4\Downloads\TUK_PCA\AOI\defect image\EOS_T001-BOT\00000214\G3_R6.jpg,.jpg,3215,2025-10-20 15:11
EOS_T001-BOT,215,G3_Q4.jpg,roi,C:\Users\PC4\Downloads\TUK_PCA\AOI\defect image\EOS_T001-BOT\00000215\G3_Q4.jpg,.jpg,6651,2025-10-20 15:11
EOS_T001-BOT,5,G0_U1.jpg,roi,C:\Users\PC4\Downloads\TUK_PCA\AOI\defect image\EOS_T001-BOT\00000005\G0_U1.jpg,.jpg,106303,2025-10-20 15:11
EOS_T001-BOT,7,G1_LS1.jpg,roi,C:\Users\PC4\Downloads\TUK_PCA\AOI\defect image\EOS_T001-BOT\00000007\G1_LS1.jpg,.jpg,68384,2025-10-20 15:11
EOS_T001-BOT,9,G1_U1.jpg,roi,C:\Users\PC4\Downloads\TUK_PCA\AOI\defect image\EOS_T001-BOT\00000009\G1_U1.jpg,.jpg,101909,2025-10-20 15:11
EOS_T001-BOT,20,G1_LS1.jpg,roi,C:\Users\PC4\Downloads\TUK_PCA\AOI\defect image\EOS_T001-BOT\00000020\G1_LS1.jpg,.jpg,68384,2025-10-20 15:11
EOS_T001-BOT,20,G2_LS1.jpg,roi,C:\Users\PC4\Downloads\TUK_PCA\AOI\defect image\EOS_T001-BOT\00000020\G2_LS1.jpg,.jpg,67090,2025-10-20 15:11
EOS_T001-BOT,20,G3_D4.jpg,roi,C:\Users\PC4\Downloads\TUK_PCA\AOI\defect image\EOS_T001-BOT\00000020\G3_D4.jpg,.jpg,5882,2025-10-20 15:11
EOS_T001-BOT,20,G3_U1.jpg,roi,C:\Users\PC4\Downloads\TUK_PCA\AOI\defect image\EOS_T001-BOT\00000020\G3_U1.jpg,.jpg,102065,2025-10-20 15:11
EOS_T001-BOT,21,G0_U1.jpg,roi,C:\Users\PC4\Downloads\TUK_PCA\AOI\defect image\EOS_T001-BOT\00000021\G0_U1.jpg,.jpg,106303,2025-10-20 15:11
EOS_T001-BOT,21,G3_LS1.jpg,roi,C:\Users\PC4\Downloads\TUK_PCA\AOI\defect image\EOS_T001-BOT\00000021\G3_LS1.jpg,.jpg,65551,2025-10-20 15:11
EOS_T001-BOT,28,G3_R23.jpg,roi,C:\Users\PC4\Downloads\TUK_PCA\AOI\defect image\EOS_T001-BOT\00000028\G3_R23.jpg,.jpg,3299,2025-10-20 15:11
EOS_T001-BOT,31,G3_U1.jpg,roi,C:\Users\PC4\Downloads\TUK_PCA\AOI\defect image\EOS_T001-BOT\00000031\G3_U1.jpg,.jpg,102065,2025-10-20 15:11
EOS_T001-BOT,32,G1_U1.jpg,roi,C:\Users\PC4\Downloads\TUK_PCA\AOI\defect image\EOS_T001-BOT\00000032\G1_U1.jpg,.jpg,101909,2025-10-20 15:11
EOS_T001-BOT,41,G2_Q2.jpg,roi,C:\Users\PC4\Downloads\TUK_PCA\AOI\defect image\EOS_T001-BOT\00000041\G2_Q2.jpg,.jpg,7145,2025-10-20 15:11
EOS_T001-BOT,53,G2_Q2.jpg,roi,C:\Users\PC4\Downloads\TUK_PCA\AOI\defect image\EOS_T001-BOT\00000053\G2_Q2.jpg,.jpg,7145,2025-10-20 15:11
EOS_T001-BOT,57,G0_Q2.jpg,roi,C:\Users\PC4\Downloads\TUK_PCA\AOI\defect image\EOS_T001-BOT\00000057\G0_Q2.jpg,.jpg,7160,2025-10-20 15:11
EOS_T001-BOT,57,G3_U1.jpg,roi,C:\Users\PC4\Downloads\TUK_PCA\AOI\defect image\EOS_T001-BOT\00000057\G3_U1.jpg,.jpg,102065,2025-10-20 15:11
EOS_T001-BOT,58,G0_Q3.jpg,roi,C:\Users\PC4\Downloads\TUK_PCA\AOI\defect image\EOS_T001-BOT\00000058\G0_Q3.jpg,.jpg,6610,2025-10-20 15:11
EOS_T001-BOT,61,G3_U1.jpg,roi,C:\Users\PC4\Downloads\TUK_PCA\AOI\defect image\EOS_T001-BOT\00000061\G3_U1.jpg,.jpg,102065,2025-10-20 15:11
EOS_T001-BOT,63,G2_Q3.jpg,roi,C:\Users\PC4\Downloads\TUK_PCA\AOI\defect image\EOS_T001-BOT\00000063\G2_Q3.jpg,.jpg,6650,2025-10-20 15:11
EOS_T001-BOT,65,G1_Q2.jpg,roi,C:\Users\PC4\Downloads\TUK_PCA\AOI\defect image\EOS_T001-BOT\00000065\G1_Q2.jpg,.jpg,7118,2025-10-20 15:11
EOS_T001-BOT,65,G2_Q1.jpg,roi,C:\Users\PC4\Downloads\TUK_PCA\AOI\defect image\EOS_T001-BOT\00000065\G2_Q1.jpg,.jpg,6590,2025-10-20 15:11
EOS_T001-BOT,67,G3_U1.jpg,roi,C:\Users\PC4\Downloads\TUK_PCA\AOI\defect image\EOS_T001-BOT\00000067\G3_U1.jpg,.jpg,102065,2025-10-20 15:11
EOS_T001-BOT,68,G0_U1.jpg,roi,C:\Users\PC4\Downloads\TUK_PCA\AOI\defect image\EOS_T001-BOT\00000068\G0_U1.jpg,.jpg,106303,2025-10-20 15:11
EOS_T001-BOT,68,G3_U1.jpg,roi,C:\Users\PC4\Downloads\TUK_PCA\AOI\defect image\EOS_T001-BOT\00000068\G3_U1.jpg,.jpg,102065,2025-10-20 15:11
EOS_T001-BOT,72,G2_U1.jpg,roi,C:\Users\PC4\Downloads\TUK_PCA\AOI\defect image\EOS_T001-BOT\00000072\G2_U1.jpg,.jpg,101791,2025-10-20 15:11
EOS_T001-BOT,73,G2_Q1.jpg,roi,C:\Users\PC4\Downloads\TUK_PCA\AOI\defect image\EOS_T001-BOT\00000073\G2_Q1.jpg,.jpg,6590,2025-10-20 15:11
EOS_T001-BOT,77,G0_Q2.jpg,roi,C:\Users\PC4\Downloads\TUK_PCA\AOI\defect image\EOS_T001-BOT\00000077\G0_Q2.jpg,.jpg,7160,2025-10-20 15:11
EOS_T001-BOT,99,G2_Q2.jpg,roi,C:\Users\PC4\Downloads\TUK_PCA\AOI\defect image\EOS_T001-BOT\00000099\G2_Q2.jpg,.jpg,7145,2025-10-20 15:11
EOS_T001-BOT,109,G1_Q2.jpg,roi,C:\Users\PC4\Downloads\TUK_PCA\AOI\defect image\EOS_T001-BOT\00000109\G1_Q2.jpg,.jpg,7118,2025-10-20 15:11
EOS_T001-BOT,112,G1_R13.jpg,roi,C:\Users\PC4\Downloads\TUK_PCA\AOI\defect image\EOS_T001-BOT\00000112\G1_R13.jpg,.jpg,3234,2025-10-20 15:11
EOS_T001-BOT,112,G3_R21.jpg,roi,C:\Users\PC4\Downloads\TUK_PCA\AOI\defect image\EOS_T001-BOT\00000112\G3_R21.jpg,.jpg,3253,2025-10-20 15:11
EOS_T001-BOT,113,G2_R21.jpg,roi,C:\Users\PC4\Downloads\TUK_PCA\AOI\defect image\EOS_T001-BOT\00000113\G2_R21.jpg,.jpg,3257,2025-10-20 15:11
EOS_T001-BOT,114,G1_R13.jpg,roi,C:\Users\PC4\Downloads\TUK_PCA\AOI\defect image\EOS_T001-BOT\00000114\G1_R13.jpg,.jpg,3234,2025-10-20 15:11
EOS_T001-BOT,114,G1_R15.jpg,roi,C:\Users\PC4\Downloads\TUK_PCA\AOI\defect image\EOS_T001-BOT\00000114\G1_R15.jpg,.jpg,3352,2025-10-20 15:11
EOS_T001-BOT,114,G1_R20.jpg,roi,C:\Users\PC4\Downloads\TUK_PCA\AOI\defect image\EOS_T001-BOT\00000114\G1_R20.jpg,.jpg,3308,2025-10-20 15:11
EOS_T001-BOT,114,G1_R21.jpg,roi,C:\Users\PC4\Downloads\TUK_PCA\AOI\defect image\EOS_T001-BOT\00000114\G1_R21.jpg,.jpg,3169,2025-10-20 15:11
EOS_T001-BOT,114,G2_R21.jpg,roi,C:\Users\PC4\Downloads\TUK_PCA\AOI\defect image\EOS_T001-BOT\00000114\G2_R21.jpg,.jpg,3257,2025-10-20 15:11
EOS_T001-BOT,114,G3_R16.jpg,roi,C:\Users\PC4\Downloads\TUK_PCA\AOI\defect image\EOS_T001-BOT\00000114\G3_R16.jpg,.jpg,3327,2025-10-20 15:11
EOS_T001-BOT,117,G1_Q1.jpg,roi,C:\Users\PC4\Downloads\TUK_PCA\AOI\defect image\EOS_T001-BOT\00000117\G1_Q1.jpg,.jpg,6686,2025-10-20 15:11
EOS_T001-BOT,128,G0_U1.jpg,roi,C:\Users\PC4\Downloads\TUK_PCA\AOI\defect image\EOS_T001-BOT\00000128\G0_U1.jpg,.jpg,106303,2025-10-20 15:11
EOS_T001-BOT,133,G3_R20.jpg,roi,C:\Users\PC4\Downloads\TUK_PCA\AOI\defect image\EOS_T001-BOT\00000133\G3_R20.jpg,.jpg,3323,2025-10-20 15:11
EOS_T001-BOT,137,G0_Q3.jpg,roi,C:\Users\PC4\Downloads\TUK_PCA\AOI\defect image\EOS_T001-BOT\00000137\G0_Q3.jpg,.jpg,6610,2025-10-20 15:11
EOS_T001-BOT,137,G0_R21.jpg,roi,C:\Users\PC4\Downloads\TUK_PCA\AOI\defect image\EOS_T001-BOT\00000137\G0_R21.jpg,.jpg,3261,2025-10-20 15:11
EOS_T001-BOT,143,G0_Q2.jpg,roi,C:\Users\PC4\Downloads\TUK_PCA\AOI\defect image\EOS_T001-BOT\00000143\G0_Q2.jpg,.jpg,7160,2025-10-20 15:11
EOS_T001-BOT,145,G2_Q2.jpg,roi,C:\Users\PC4\Downloads\TUK_PCA\AOI\defect image\EOS_T001-BOT\00000145\G2_Q2.jpg,.jpg,7145,2025-10-20 15:11
EOS_T001-BOT,149,G2_Q1.jpg,roi,C:\Users\PC4\Downloads\TUK_PCA\AOI\defect image\EOS_T001-BOT\00000149\G2_Q1.jpg,.jpg,6590,2025-10-20 15:11
EOS_T001-BOT,152,G3_C13.jpg,roi,C:\Users\PC4\Downloads\TUK_PCA\AOI\defect image\EOS_T001-BOT\00000152\G3_C13.jpg,.jpg,2664,2025-10-20 15:11
EOS_T001-BOT,152,G3_C19.jpg,roi,C:\Users\PC4\Downloads\TUK_PCA\AOI\defect image\EOS_T001-BOT\00000152\G3_C19.jpg,.jpg,2353,2025-10-20 15:11
EOS_T001-BOT,152,G3_C2.jpg,roi,C:\Users\PC4\Downloads\TUK_PCA\AOI\defect image\EOS_T001-BOT\00000152\G3_C2.jpg,.jpg,2526,2025-10-20 15:11
EOS_T001-BOT,152,G3_C5.jpg,roi,C:\Users\PC4\Downloads\TUK_PCA\AOI\defect image\EOS_T001-BOT\00000152\G3_C5.jpg,.jpg,2614,2025-10-20 15:11
EOS_T001-BOT,152,G3_C7.jpg,roi,C:\Users\PC4\Downloads\TUK_PCA\AOI\defect image\EOS_T001-BOT\00000152\G3_C7.jpg,.jpg,2876,2025-10-20 15:11
EOS_T001-BOT,152,G3_D4.jpg,roi,C:\Users\PC4\Downloads\TUK_PCA\AOI\defect image\EOS_T001-BOT\00000152\G3_D4.jpg,.jpg,5882,2025-10-20 15:11
EOS_T001-BOT,152,G3_IC1.jpg,roi,C:\Users\PC4\Downloads\TUK_PCA\AOI\defect image\EOS_T001-BOT\00000152\G3_IC1.jpg,.jpg,48076,2025-10-20 15:11
EOS_T001-BOT,152,G3_JP1.jpg,roi,C:\Users\PC4\Downloads\TUK_PCA\AOI\defect image\EOS_T001-BOT\00000152\G3_JP1.jpg,.jpg,3371,2025-10-20 15:11
EOS_T001-BOT,152,G3_LS1.jpg,roi,C:\Users\PC4\Downloads\TUK_PCA\AOI\defect image\EOS_T001-BOT\00000152\G3_LS1.jpg,.jpg,65551,2025-10-20 15:11
EOS_T001-BOT,152,G3_R13.jpg,roi,C:\Users\PC4\Downloads\TUK_PCA\AOI\defect image\EOS_T001-BOT\00000152\G3_R13.jpg,.jpg,3274,2025-10-20 15:11
EOS_T001-BOT,152,G3_R15.jpg,roi,C:\Users\PC4\Downloads\TUK_PCA\AOI\defect image\EOS_T001-BOT\00000152\G3_R15.jpg,.jpg,3347,2025-10-20 15:11
EOS_T001-BOT,152,G3_R16.jpg,roi,C:\Users\PC4\Downloads\TUK_PCA\AOI\defect image\EOS_T001-BOT\00000152\G3_R16.jpg,.jpg,3327,2025-10-20 15:11
EOS_T001-BOT,152,G3_R20.jpg,roi,C:\Users\PC4\Downloads\TUK_PCA\AOI\defect image\EOS_T001-BOT\00000152\G3_R20.jpg,.jpg,3323,2025-10-20 15:11
EOS_T001-BOT,152,G3_R21.jpg,roi,C:\Users\PC4\Downloads\TUK_PCA\AOI\defect image\EOS_T001-BOT\00000152\G3_R21.jpg,.jpg,3253,2025-10-20 15:11
EOS_T001-BOT,152,G3_R22.jpg,roi,C:\Users\PC4\Downloads\TUK_PCA\AOI\defect image\EOS_T001-BOT\00000152\G3_R22.jpg,.jpg,3368,2025-10-20 15:11
EOS_T001-BOT,152,G3_R23.jpg,roi,C:\Users\PC4\Downloads\TUK_PCA\AOI\defect image\EOS_T001-BOT\00000152\G3_R23.jpg,.jpg,3299,2025-10-20 15:11
EOS_T001-BOT,152,G3_R24.jpg,roi,C:\Users\PC4\Downloads\TUK_PCA\AOI\defect image\EOS_T001-BOT\00000152\G3_R24.jpg,.jpg,2800,2025-10-20 15:11
EOS_T001-BOT,152,G3_R25.jpg,roi,C:\Users\PC4\Downloads\TUK_PCA\AOI\defect image\EOS_T001-BOT\00000152\G3_R25.jpg,.jpg,3092,2025-10-20 15:11
EOS_T001-BOT,152,G3_R5.jpg,roi,C:\Users\PC4\Downloads\TUK_PCA\AOI\defect image\EOS_T001-BOT\00000152\G3_R5.jpg,.jpg,3338,2025-10-20 15:11
EOS_T001-BOT,152,G3_R7.jpg,roi,C:\Users\PC4\Downloads\TUK_PCA\AOI\defect image\EOS_T001-BOT\00000152\G3_R7.jpg,.jpg,3274,2025-10-20 15:11
EOS_T001-BOT,152,G3_R8.jpg,roi,C:\Users\PC4\Downloads\TUK_PCA\AOI\defect image\EOS_T001-BOT\00000152\G3_R8.jpg,.jpg,3186,2025-10-20 15:11
EOS_T001-BOT,152,G3_R9.jpg,roi,C:\Users\PC4\Downloads\TUK_PCA\AOI\defect image\EOS_T001-BOT\00000152\G3_R9.jpg,.jpg,3102,2025-10-20 15:11
EOS_T001-BOT,152,G3_U1.jpg,roi,C:\Users\PC4\Downloads\TUK_PCA\AOI\defect image\EOS_T001-BOT\00000152\G3_U1.jpg,.jpg,102065,2025-10-20 15:11
EOS_T001-BOT,153,G0_Q2.jpg,roi,C:\Users\PC4\Downloads\TUK_PCA\AOI\defect image\EOS_T001-BOT\00000153\G0_Q2.jpg,.jpg,7160,2025-10-20 15:11
EOS_T001-BOT,159,G0_IC1.jpg,roi,C:\Users\PC4\Downloads\TUK_PCA\AOI\defect image\EOS_T001-BOT\00000159\G0_IC1.jpg,.jpg,49230,2025-10-20 15:11
EOS_T001-BOT,160,G0_IC1.jpg,roi,C:\Users\PC4\Downloads\TUK_PCA\AOI\defect image\EOS_T001-BOT\00000160\G0_IC1.jpg,.jpg,49230,2025-10-20 15:11
EOS_T001-BOT,161,G1_Q1.jpg,roi,C:\Users\PC4\Downloads\TUK_PCA\AOI\defect image\EOS_T001-BOT\00000161\G1_Q1.jpg,.jpg,6686,2025-10-20 15:11
EOS_T001-BOT,162,G2_LS1.jpg,roi,C:\Users\PC4\Downloads\TUK_PCA\AOI\defect image\EOS_T001-BOT\00000162\G2_LS1.jpg,.jpg,67090,2025-10-20 15:11
EOS_T001-BOT,163,G3_R16.jpg,roi,C:\Users\PC4\Downloads\TUK_PCA\AOI\defect image\EOS_T001-BOT\00000163\G3_R16.jpg,.jpg,3327,2025-10-20 15:11
EOS_T001-BOT,181,G1_LS1.jpg,roi,C:\Users\PC4\Downloads\TUK_PCA\AOI\defect image\EOS_T001-BOT\00000181\G1_LS1.jpg,.jpg,68384,2025-10-20 15:11
EOS_T001-BOT,184,G1_LS1.jpg,roi,C:\Users\PC4\Downloads\TUK_PCA\AOI\defect image\EOS_T001-BOT\00000184\G1_LS1.jpg,.jpg,68384,2025-10-20 15:11
EOS_T001-BOT,188,G3_C13.jpg,roi,C:\Users\PC4\Downloads\TUK_PCA\AOI\defect image\EOS_T001-BOT\00000188\G3_C13.jpg,.jpg,2664,2025-10-20 15:11
EOS_T001-BOT,188,G3_C19.jpg,roi,C:\Users\PC4\Downloads\TUK_PCA\AOI\defect image\EOS_T001-BOT\00000188\G3_C19.jpg,.jpg,2353,2025-10-20 15:11
EOS_T001-BOT,188,G3_C2.jpg,roi,C:\Users\PC4\Downloads\TUK_PCA\AOI\defect image\EOS_T001-BOT\00000188\G3_C2.jpg,.jpg,2526,2025-10-20 15:11
EOS_T001-BOT,188,G3_C5.jpg,roi,C:\Users\PC4\Downloads\TUK_PCA\AOI\defect image\EOS_T001-BOT\00000188\G3_C5.jpg,.jpg,2614,2025-10-20 15:11
EOS_T001-BOT,188,G3_C7.jpg,roi,C:\Users\PC4\Downloads\TUK_PCA\AOI\defect image\EOS_T001-BOT\00000188\G3_C7.jpg,.jpg,2876,2025-10-20 15:11
EOS_T001-BOT,188,G3_D4.jpg,roi,C:\Users\PC4\Downloads\TUK_PCA\AOI\defect image\EOS_T001-BOT\00000188\G3_D4.jpg,.jpg,5882,2025-10-20 15:11
EOS_T001-BOT,188,G3_IC1.jpg,roi,C:\Users\PC4\Downloads\TUK_PCA\AOI\defect image\EOS_T001-BOT\00000188\G3_IC1.jpg,.jpg,48076,2025-10-20 15:11
EOS_T001-BOT,188,G3_JP1.jpg,roi,C:\Users\PC4\Downloads\TUK_PCA\AOI\defect image\EOS_T001-BOT\00000188\G3_JP1.jpg,.jpg,3371,2025-10-20 15:11
EOS_T001-BOT,188,G3_LS1.jpg,roi,C:\Users\PC4\Downloads\TUK_PCA\AOI\defect image\EOS_T001-BOT\00000188\G3_LS1.jpg,.jpg,65551,2025-10-20 15:11
EOS_T001-BOT,188,G3_R13.jpg,roi,C:\Users\PC4\Downloads\TUK_PCA\AOI\defect image\EOS_T001-BOT\00000188\G3_R13.jpg,.jpg,3274,2025-10-20 15:11
EOS_T001-BOT,188,G3_R15.jpg,roi,C:\Users\PC4\Downloads\TUK_PCA\AOI\defect image\EOS_T001-BOT\00000188\G3_R15.jpg,.jpg,3347,2025-10-20 15:11
EOS_T001-BOT,188,G3_R16.jpg,roi,C:\Users\PC4\Downloads\TUK_PCA\AOI\defect image\EOS_T001-BOT\00000188\G3_R16.jpg,.jpg,3327,2025-10-20 15:11
EOS_T001-BOT,188,G3_R20.jpg,roi,C:\Users\PC4\Downloads\TUK_PCA\AOI\defect image\EOS_T001-BOT\00000188\G3_R20.jpg,.jpg,3323,2025-10-20 15:11
EOS_T001-BOT,188,G3_R21.jpg,roi,C:\Users\PC4\Downloads\TUK_PCA\AOI\defect image\EOS_T001-BOT\00000188\G3_R21.jpg,.jpg,3253,2025-10-20 15:11
EOS_T001-BOT,188,G3_R22.jpg,roi,C:\Users\PC4\Downloads\TUK_PCA\AOI\defect image\EOS_T001-BOT\00000188\G3_R22.jpg,.jpg,3368,2025-10-20 15:11
EOS_T001-BOT,188,G3_R23.jpg,roi,C:\Users\PC4\Downloads\TUK_PCA\AOI\defect image\EOS_T001-BOT\00000188\G3_R23.jpg,.jpg,3299,2025-10-20 15:11
EOS_T001-BOT,188,G3_R24.jpg,roi,C:\Users\PC4\Downloads\TUK_PCA\AOI\defect image\EOS_T001-BOT\00000188\G3_R24.jpg,.jpg,2800,2025-10-20 15:11
EOS_T001-BOT,188,G3_R25.jpg,roi,C:\Users\PC4\Downloads\TUK_PCA\AOI\defect image\EOS_T001-BOT\00000188\G3_R25.jpg,.jpg,3092,2025-10-20 15:11
EOS_T001-BOT,188,G3_R5.jpg,roi,C:\Users\PC4\Downloads\TUK_PCA\AOI\defect image\EOS_T001-BOT\00000188\G3_R5.jpg,.jpg,3338,2025-10-20 15:11
EOS_T001-BOT,188,G3_R7.jpg,roi,C:\Users\PC4\Downloads\TUK_PCA\AOI\defect image\EOS_T001-BOT\00000188\G3_R7.jpg,.jpg,3274,2025-10-20 15:11
EOS_T001-BOT,188,G3_R8.jpg,roi,C:\Users\PC4\Downloads\TUK_PCA\AOI\defect image\EOS_T001-BOT\00000188\G3_R8.jpg,.jpg,3186,2025-10-20 15:11
EOS_T001-BOT,188,G3_R9.jpg,roi,C:\Users\PC4\Downloads\TUK_PCA\AOI\defect image\EOS_T001-BOT\00000188\G3_R9.jpg,.jpg,3102,2025-10-20 15:11
EOS_T001-BOT,188,G3_U1.jpg,roi,C:\Users\PC4\Downloads\TUK_PCA\AOI\defect image\EOS_T001-BOT\00000188\G3_U1.jpg,.jpg,102065,2025-10-20 15:11
EOS_T001-BOT,189,G0_Q2.jpg,roi,C:\Users\PC4\Downloads\TUK_PCA\AOI\defect image\EOS_T001-BOT\00000189\G0_Q2.jpg,.jpg,7160,2025-10-20 15:11
EOS_T001-BOT,191,G2_Q2.jpg,roi,C:\Users\PC4\Downloads\TUK_PCA\AOI\defect image\EOS_T001-BOT\00000191\G2_Q2.jpg,.jpg,7145,2025-10-20 15:11
EOS_T001-BOT,192,G0_Q3.jpg,roi,C:\Users\PC4\Downloads\TUK_PCA\AOI\defect image\EOS_T001-BOT\00000192\G0_Q3.jpg,.jpg,6610,2025-10-20 15:11
EOS_T001-BOT,193,G0_Q2.jpg,roi,C:\Users\PC4\Downloads\TUK_PCA\AOI\defect image\EOS_T001-BOT\00000193\G0_Q2.jpg,.jpg,7160,2025-10-20 15:11
EOS_T001-BOT,196,G2_Q2.jpg,roi,C:\Users\PC4\Downloads\TUK_PCA\AOI\defect image\EOS_T001-BOT\00000196\G2_Q2.jpg,.jpg,7145,2025-10-20 15:11
EOS_T001-BOT,198,G0_Q2.jpg,roi,C:\Users\PC4\Downloads\TUK_PCA\AOI\defect image\EOS_T001-BOT\00000198\G0_Q2.jpg,.jpg,7160,2025-10-20 15:11
EOS_T001-BOT,199,G2_Q2.jpg,roi,C:\Users\PC4\Downloads\TUK_PCA\AOI\defect image\EOS_T001-BOT\00000199\G2_Q2.jpg,.jpg,7145,2025-10-20 15:11
EOS_T001-BOT,200,G0_Q3.jpg,roi,C:\Users\PC4\Downloads\TUK_PCA\AOI\defect image\EOS_T001-BOT\00000200\G0_Q3.jpg,.jpg,6610,2025-10-20 15:11
EOS_T001-BOT,201,G1_Q2.jpg,roi,C:\Users\PC4\Downloads\TUK_PCA\AOI\defect image\EOS_T001-BOT\00000201\G1_Q2.jpg,.jpg,7118,2025-10-20 15:11
EOS_T001-BOT,202,G2_Q3.jpg,roi,C:\Users\PC4\Downloads\TUK_PCA\AOI\defect image\EOS_T001-BOT\00000202\G2_Q3.jpg,.jpg,6650,2025-10-20 15:11
EOS_T001-BOT,209,G1_Q2.jpg,roi,C:\Users\PC4\Downloads\TUK_PCA\AOI\defect image\EOS_T001-BOT\00000209\G1_Q2.jpg,.jpg,7118,2025-10-20 15:11
EOS_T001-BOT,213,G0_U1.jpg,roi,C:\Users\PC4\Downloads\TUK_PCA\AOI\defect image\EOS_T001-BOT\00000213\G0_U1.jpg,.jpg,106303,2025-10-20 15:11
EOS_T001-BOT,214,G3_C13.jpg,roi,C:\Users\PC4\Downloads\TUK_PCA\AOI\defect image\EOS_T001-BOT\00000214\G3_C13.jpg,.jpg,2664,2025-10-20 15:11
EOS_T001-BOT,214,G3_C19.jpg,roi,C:\Users\PC4\Downloads\TUK_PCA\AOI\defect image\EOS_T001-BOT\00000214\G3_C19.jpg,.jpg,2353,2025-10-20 15:11
EOS_T001-BOT,214,G3_C2.jpg,roi,C:\Users\PC4\Downloads\TUK_PCA\AOI\defect image\EOS_T001-BOT\00000214\G3_C2.jpg,.jpg,2526,2025-10-20 15:11
EOS_T001-BOT,214,G3_C5.jpg,roi,C:\Users\PC4\Downloads\TUK_PCA\AOI\defect image\EOS_T001-BOT\00000214\G3_C5.jpg,.jpg,2614,2025-10-20 15:11
EOS_T001-BOT,214,G3_C7.jpg,roi,C:\Users\PC4\Downloads\TUK_PCA\AOI\defect image\EOS_T001-BOT\00000214\G3_C7.jpg,.jpg,2876,2025-10-20 15:11
EOS_T001-BOT,214,G3_D4.jpg,roi,C:\Users\PC4\Downloads\TUK_PCA\AOI\defect image\EOS_T001-BOT\00000214\G3_D4.jpg,.jpg,5882,2025-10-20 15:11
EOS_T001-BOT,214,G3_IC1.jpg,roi,C:\Users\PC4\Downloads\TUK_PCA\AOI\defect image\EOS_T001-BOT\00000214\G3_IC1.jpg,.jpg,48076,2025-10-20 15:11
EOS_T001-BOT,214,G3_JP1.jpg,roi,C:\Users\PC4\Downloads\TUK_PCA\AOI\defect image\EOS_T001-BOT\00000214\G3_JP1.jpg,.jpg,3371,2025-10-20 15:11
EOS_T001-BOT,214,G3_LS1.jpg,roi,C:\Users\PC4\Downloads\TUK_PCA\AOI\defect image\EOS_T001-BOT\00000214\G3_LS1.jpg,.jpg,65551,2025-10-20 15:11
EOS_T001-BOT,214,G3_R13.jpg,roi,C:\Users\PC4\Downloads\TUK_PCA\AOI\defect image\EOS_T001-BOT\00000214\G3_R13.jpg,.jpg,3274,2025-10-20 15:11
EOS_T001-BOT,214,G3_R15.jpg,roi,C:\Users\PC4\Downloads\TUK_PCA\AOI\defect image\EOS_T001-BOT\00000214\G3_R15.jpg,.jpg,3347,2025-10-20 15:11
EOS_T001-BOT,214,G3_R16.jpg,roi,C:\Users\PC4\Downloads\TUK_PCA\AOI\defect image\EOS_T001-BOT\00000214\G3_R16.jpg,.jpg,3327,2025-10-20 15:11
EOS_T001-BOT,214,G3_R20.jpg,roi,C:\Users\PC4\Downloads\TUK_PCA\AOI\defect image\EOS_T001-BOT\00000214\G3_R20.jpg,.jpg,3323,2025-10-20 15:11
EOS_T001-BOT,214,G3_R21.jpg,roi,C:\Users\PC4\Downloads\TUK_PCA\AOI\defect image\EOS_T001-BOT\00000214\G3_R21.jpg,.jpg,3253,2025-10-20 15:11
EOS_T001-BOT,214,G3_R22.jpg,roi,C:\Users\PC4\Downloads\TUK_PCA\AOI\defect image\EOS_T001-BOT\00000214\G3_R22.jpg,.jpg,3368,2025-10-20 15:11
EOS_T001-BOT,214,G3_R23.jpg,roi,C:\Users\PC4\Downloads\TUK_PCA\AOI\defect image\EOS_T001-BOT\00000214\G3_R23.jpg,.jpg,3299,2025-10-20 15:11
EOS_T001-BOT,214,G3_R24.jpg,roi,C:\Users\PC4\Downloads\TUK_PCA\AOI\defect image\EOS_T001-BOT\00000214\G3_R24.jpg,.jpg,2800,2025-10-20 15:11
EOS_T001-BOT,214,G3_R25.jpg,roi,C:\Users\PC4\Downloads\TUK_PCA\AOI\defect image\EOS_T001-BOT\00000214\G3_R25.jpg,.jpg,3092,2025-10-20 15:11
EOS_T001-BOT,214,G3_R5.jpg,roi,C:\Users\PC4\Downloads\TUK_PCA\AOI\defect image\EOS_T001-BOT\00000214\G3_R5.jpg,.jpg,3338,2025-10-20 15:11
EOS_T001-BOT,214,G3_R7.jpg,roi,C:\Users\PC4\Downloads\TUK_PCA\AOI\defect image\EOS_T001-BOT\00000214\G3_R7.jpg,.jpg,3274,2025-10-20 15:11
EOS_T001-BOT,214,G3_R8.jpg,roi,C:\Users\PC4\Downloads\TUK_PCA\AOI\defect image\EOS_T001-BOT\00000214\G3_R8.jpg,.jpg,3186,2025-10-20 15:11
EOS_T001-BOT,214,G3_R9.jpg,roi,C:\Users\PC4\Downloads\TUK_PCA\AOI\defect image\EOS_T001-BOT\00000214\G3_R9.jpg,.jpg,3102,2025-10-20 15:11
EOS_T001-BOT,214,G3_U1.jpg,roi,C:\Users\PC4\Downloads\TUK_PCA\AOI\defect image\EOS_T001-BOT\00000214\G3_U1.jpg,.jpg,102065,2025-10-20 15:11
EOS_T001-BOT,18,G3_Q1.jpg,roi,C:\Users\PC4\Downloads\TUK_PCA\AOI\defect image\EOS_T001-BOT\00000018\G3_Q1.jpg,.jpg,6713,2025-10-20 15:11
EOS_T001-BOT,31,G3_Q3.jpg,roi,C:\Users\PC4\Downloads\TUK_PCA\AOI\defect image\EOS_T001-BOT\00000031\G3_Q3.jpg,.jpg,6526,2025-10-20 15:11
EOS_T001-BOT,83,G3_Q1.jpg,roi,C:\Users\PC4\Downloads\TUK_PCA\AOI\defect image\EOS_T001-BOT\00000083\G3_Q1.jpg,.jpg,6713,2025-10-20 15:11
EOS_T001-BOT,84,G3_Q1.jpg,roi,C:\Users\PC4\Downloads\TUK_PCA\AOI\defect image\EOS_T001-BOT\00000084\G3_Q1.jpg,.jpg,6713,2025-10-20 15:11
EOS_T001-BOT,101,G3_Q2.jpg,roi,C:\Users\PC4\Downloads\TUK_PCA\AOI\defect image\EOS_T001-BOT\00000101\G3_Q2.jpg,.jpg,6945,2025-10-20 15:11
EOS_T001-BOT,116,G3_Q1.jpg,roi,C:\Users\PC4\Downloads\TUK_PCA\AOI\defect image\EOS_T001-BOT\00000116\G3_Q1.jpg,.jpg,6713,2025-10-20 15:11
EOS_T001-BOT,152,G3_Q1.jpg,roi,C:\Users\PC4\Downloads\TUK_PCA\AOI\defect image\EOS_T001-BOT\00000152\G3_Q1.jpg,.jpg,6713,2025-10-20 15:11
EOS_T001-BOT,152,G3_Q2.jpg,roi,C:\Users\PC4\Downloads\TUK_PCA\AOI\defect image\EOS_T001-BOT\00000152\G3_Q2.jpg,.jpg,6945,2025-10-20 15:11
EOS_T001-BOT,152,G3_Q3.jpg,roi,C:\Users\PC4\Downloads\TUK_PCA\AOI\defect image\EOS_T001-BOT\00000152\G3_Q3.jpg,.jpg,6526,2025-10-20 15:11
EOS_T001-BOT,188,G3_Q1.jpg,roi,C:\Users\PC4\Downloads\TUK_PCA\AOI\defect image\EOS_T001-BOT\00000188\G3_Q1.jpg,.jpg,6713,2025-10-20 15:11
EOS_T001-BOT,188,G3_Q2.jpg,roi,C:\Users\PC4\Downloads\TUK_PCA\AOI\defect image\EOS_T001-BOT\00000188\G3_Q2.jpg,.jpg,6945,2025-10-20 15:11
EOS_T001-BOT,188,G3_Q3.jpg,roi,C:\Users\PC4\Downloads\TUK_PCA\AOI\defect image\EOS_T001-BOT\00000188\G3_Q3.jpg,.jpg,6526,2025-10-20 15:11
EOS_T001-BOT,208,G3_Q2.jpg,roi,C:\Users\PC4\Downloads\TUK_PCA\AOI\defect image\EOS_T001-BOT\00000208\G3_Q2.jpg,.jpg,6945,2025-10-20 15:11
EOS_T001-BOT,214,G3_Q1.jpg,roi,C:\Users\PC4\Downloads\TUK_PCA\AOI\defect image\EOS_T001-BOT\00000214\G3_Q1.jpg,.jpg,6713,2025-10-20 15:11
EOS_T001-BOT,214,G3_Q2.jpg,roi,C:\Users\PC4\Downloads\TUK_PCA\AOI\defect image\EOS_T001-BOT\00000214\G3_Q2.jpg,.jpg,6945,2025-10-20 15:11
EOS_T001-BOT,214,G3_Q3.jpg,roi,C:\Users\PC4\Downloads\TUK_PCA\AOI\defect image\EOS_T001-BOT\00000214\G3_Q3.jpg,.jpg,6526,2025-10-20 15:11
EOS_T001-BOT,5,D0_U1.jpg,roi,C:\Users\PC4\Downloads\TUK_PCA\AOI\defect image\EOS_T001-BOT\00000005\D0_U1.jpg,.jpg,103699,2025-10-20 15:12
EOS_T001-BOT,5,D2_D1.jpg,roi,C:\Users\PC4\Downloads\TUK_PCA\AOI\defect image\EOS_T001-BOT\00000005\D2_D1.jpg,.jpg,4528,2025-10-20 15:12
EOS_T001-BOT,7,D1_LS1.jpg,roi,C:\Users\PC4\Downloads\TUK_PCA\AOI\defect image\EOS_T001-BOT\00000007\D1_LS1.jpg,.jpg,72974,2025-10-20 15:23
EOS_T001-BOT,8,BRDFID_0.jpg,roi,C:\Users\PC4\Downloads\TUK_PCA\AOI\defect image\EOS_T001-BOT\00000008\BRDFID_0.jpg,.jpg,946300,2025-10-20 15:24
EOS_T001-BOT,9,D1_U1.jpg,roi,C:\Users\PC4\Downloads\TUK_PCA\AOI\defect image\EOS_T001-BOT\00000009\D1_U1.jpg,.jpg,104761,2025-10-20 15:24
EOS_T001-BOT,10,BRDFID_0.jpg,roi,C:\Users\PC4\Downloads\TUK_PCA\AOI\defect image\EOS_T001-BOT\00000010\BRDFID_0.jpg,.jpg,953176,2025-10-20 15:25
EOS_T001-BOT,11,D3_IC2.jpg,roi,C:\Users\PC4\Downloads\TUK_PCA\AOI\defect image\EOS_T001-BOT\00000011\D3_IC2.jpg,.jpg,12561,2025-10-20 15:26
EOS_T001-BOT,12,BRDFID_0.jpg,roi,C:\Users\PC4\Downloads\TUK_PCA\AOI\defect image\EOS_T001-BOT\00000012\BRDFID_0.jpg,.jpg,941814,2025-10-20 15:27
EOS_T001-BOT,18,D3_Q1.jpg,roi,C:\Users\PC4\Downloads\TUK_PCA\AOI\defect image\EOS_T001-BOT\00000018\D3_Q1.jpg,.jpg,6920,2025-10-20 15:38
EOS_T001-BOT,20,D1_LS1.jpg,roi,C:\Users\PC4\Downloads\TUK_PCA\AOI\defect image\EOS_T001-BOT\00000020\D1_LS1.jpg,.jpg,73862,2025-10-20 15:39
EOS_T001-BOT,20,D2_LS1.jpg,roi,C:\Users\PC4\Downloads\TUK_PCA\AOI\defect image\EOS_T001-BOT\00000020\D2_LS1.jpg,.jpg,74740,2025-10-20 15:39
EOS_T001-BOT,20,D3_D4.jpg,roi,C:\Users\PC4\Downloads\TUK_PCA\AOI\defect image\EOS_T001-BOT\00000020\D3_D4.jpg,.jpg,5076,2025-10-20 15:39
EOS_T001-BOT,20,D3_U1.jpg,roi,C:\Users\PC4\Downloads\TUK_PCA\AOI\defect image\EOS_T001-BOT\00000020\D3_U1.jpg,.jpg,103502,2025-10-20 15:39
EOS_T001-BOT,21,D0_U1.jpg,roi,C:\Users\PC4\Downloads\TUK_PCA\AOI\defect image\EOS_T001-BOT\00000021\D0_U1.jpg,.jpg,103172,2025-10-20 15:40
EOS_T001-BOT,21,D3_LS1.jpg,roi,C:\Users\PC4\Downloads\TUK_PCA\AOI\defect image\EOS_T001-BOT\00000021\D3_LS1.jpg,.jpg,75246,2025-10-20 15:40
EOS_T001-BOT,22,D2_D4.jpg,roi,C:\Users\PC4\Downloads\TUK_PCA\AOI\defect image\EOS_T001-BOT\00000022\D2_D4.jpg,.jpg,5090,2025-10-20 15:41
EOS_T001-BOT,26,D2_IC2.jpg,roi,C:\Users\PC4\Downloads\TUK_PCA\AOI\defect image\EOS_T001-BOT\00000026\D2_IC2.jpg,.jpg,12634,2025-10-20 15:43
EOS_T001-BOT,26,D3_IC2.jpg,roi,C:\Users\PC4\Downloads\TUK_PCA\AOI\defect image\EOS_T001-BOT\00000026\D3_IC2.jpg,.jpg,13003,2025-10-20 15:43
EOS_T001-BOT,28,D3_R23.jpg,roi,C:\Users\PC4\Downloads\TUK_PCA\AOI\defect image\EOS_T001-BOT\00000028\D3_R23.jpg,.jpg,3233,2025-10-20 15:45
EOS_T001-BOT,31,D3_Q3.jpg,roi,C:\Users\PC4\Downloads\TUK_PCA\AOI\defect image\EOS_T001-BOT\00000031\D3_Q3.jpg,.jpg,6367,2025-10-20 15:46
EOS_T001-BOT,31,D3_U1.jpg,roi,C:\Users\PC4\Downloads\TUK_PCA\AOI\defect image\EOS_T001-BOT\00000031\D3_U1.jpg,.jpg,103755,2025-10-20 15:46
EOS_T001-BOT,32,D1_U1.jpg,roi,C:\Users\PC4\Downloads\TUK_PCA\AOI\defect image\EOS_T001-BOT\00000032\D1_U1.jpg,.jpg,102883,2025-10-20 15:47
EOS_T001-BOT,40,D0_IC2.jpg,roi,C:\Users\PC4\Downloads\TUK_PCA\AOI\defect image\EOS_T001-BOT\00000040\D0_IC2.jpg,.jpg,13289,2025-10-20 15:52
EOS_T001-BOT,41,D2_Q2.jpg,roi,C:\Users\PC4\Downloads\TUK_PCA\AOI\defect image\EOS_T001-BOT\00000041\D2_Q2.jpg,.jpg,6964,2025-10-20 15:52
EOS_T001-BOT,42,D3_IC2.jpg,roi,C:\Users\PC4\Downloads\TUK_PCA\AOI\defect image\EOS_T001-BOT\00000042\D3_IC2.jpg,.jpg,13259,2025-10-20 15:53
EOS_T001-BOT,49,D1_IC2.jpg,roi,C:\Users\PC4\Downloads\TUK_PCA\AOI\defect image\EOS_T001-BOT\00000049\D1_IC2.jpg,.jpg,12692,2025-10-20 15:57
EOS_T001-BOT,53,D2_Q2.jpg,roi,C:\Users\PC4\Downloads\TUK_PCA\AOI\defect image\EOS_T001-BOT\00000053\D2_Q2.jpg,.jpg,7108,2025-10-20 16:00
EOS_T001-BOT,57,D0_Q2.jpg,roi,C:\Users\PC4\Downloads\TUK_PCA\AOI\defect image\EOS_T001-BOT\00000057\D0_Q2.jpg,.jpg,6725,2025-10-20 16:02
EOS_T001-BOT,57,D3_U1.jpg,roi,C:\Users\PC4\Downloads\TUK_PCA\AOI\defect image\EOS_T001-BOT\00000057\D3_U1.jpg,.jpg,105384,2025-10-20 16:02
EOS_T001-BOT,58,D0_Q3.jpg,roi,C:\Users\PC4\Downloads\TUK_PCA\AOI\defect image\EOS_T001-BOT\00000058\D0_Q3.jpg,.jpg,6463,2025-10-20 16:03
EOS_T001-BOT,61,D3_U1.jpg,roi,C:\Users\PC4\Downloads\TUK_PCA\AOI\defect image\EOS_T001-BOT\00000061\D3_U1.jpg,.jpg,103234,2025-10-20 16:05
EOS_T001-BOT,63,D2_Q3.jpg,roi,C:\Users\PC4\Downloads\TUK_PCA\AOI\defect image\EOS_T001-BOT\00000063\D2_Q3.jpg,.jpg,6629,2025-10-20 16:06
EOS_T001-BOT,65,D1_IC2.jpg,roi,C:\Users\PC4\Downloads\TUK_PCA\AOI\defect image\EOS_T001-BOT\00000065\D1_IC2.jpg,.jpg,12564,2025-10-20 16:07
EOS_T001-BOT,65,D1_Q2.jpg,roi,C:\Users\PC4\Downloads\TUK_PCA\AOI\defect image\EOS_T001-BOT\00000065\D1_Q2.jpg,.jpg,6924,2025-10-20 16:07
EOS_T001-BOT,65,D2_Q1.jpg,roi,C:\Users\PC4\Downloads\TUK_PCA\AOI\defect image\EOS_T001-BOT\00000065\D2_Q1.jpg,.jpg,6738,2025-10-20 16:07
EOS_T001-BOT,66,D3_IC2.jpg,roi,C:\Users\PC4\Downloads\TUK_PCA\AOI\defect image\EOS_T001-BOT\00000066\D3_IC2.jpg,.jpg,13267,2025-10-20 16:08
EOS_T001-BOT,67,D3_U1.jpg,roi,C:\Users\PC4\Downloads\TUK_PCA\AOI\defect image\EOS_T001-BOT\00000067\D3_U1.jpg,.jpg,104434,2025-10-20 16:08
EOS_T001-BOT,68,D0_U1.jpg,roi,C:\Users\PC4\Downloads\TUK_PCA\AOI\defect image\EOS_T001-BOT\00000068\D0_U1.jpg,.jpg,103057,2025-10-20 16:09
EOS_T001-BOT,68,D3_U1.jpg,roi,C:\Users\PC4\Downloads\TUK_PCA\AOI\defect image\EOS_T001-BOT\00000068\D3_U1.jpg,.jpg,103822,2025-10-20 16:09
EOS_T001-BOT,72,D2_U1.jpg,roi,C:\Users\PC4\Downloads\TUK_PCA\AOI\defect image\EOS_T001-BOT\00000072\D2_U1.jpg,.jpg,102409,2025-10-20 16:11
EOS_T001-BOT,73,D2_Q1.jpg,roi,C:\Users\PC4\Downloads\TUK_PCA\AOI\defect image\EOS_T001-BOT\00000073\D2_Q1.jpg,.jpg,6684,2025-10-20 16:12
EOS_T001-BOT,77,D0_Q2.jpg,roi,C:\Users\PC4\Downloads\TUK_PCA\AOI\defect image\EOS_T001-BOT\00000077\D0_Q2.jpg,.jpg,6882,2025-10-20 16:14
EOS_T001-BOT,83,D3_Q1.jpg,roi,C:\Users\PC4\Downloads\TUK_PCA\AOI\defect image\EOS_T001-BOT\00000083\D3_Q1.jpg,.jpg,6746,2025-10-20 16:18
EOS_T001-BOT,84,D3_Q1.jpg,roi,C:\Users\PC4\Downloads\TUK_PCA\AOI\defect image\EOS_T001-BOT\00000084\D3_Q1.jpg,.jpg,6758,2025-10-20 16:19
EOS_T001-BOT,99,D2_Q2.jpg,roi,C:\Users\PC4\Downloads\TUK_PCA\AOI\defect image\EOS_T001-BOT\00000099\D2_Q2.jpg,.jpg,6832,2025-10-20 16:28
EOS_T001-BOT,101,D3_Q2.jpg,roi,C:\Users\PC4\Downloads\TUK_PCA\AOI\defect image\EOS_T001-BOT\00000101\D3_Q2.jpg,.jpg,7199,2025-10-20 16:29
EOS_T001-BOT,109,D1_Q2.jpg,roi,C:\Users\PC4\Downloads\TUK_PCA\AOI\defect image\EOS_T001-BOT\00000109\D1_Q2.jpg,.jpg,6797,2025-10-20 16:34
EOS_T001-BOT,112,D1_R13.jpg,roi,C:\Users\PC4\Downloads\TUK_PCA\AOI\defect image\EOS_T001-BOT\00000112\D1_R13.jpg,.jpg,3604,2025-10-20 16:36
EOS_T001-BOT,112,D3_R21.jpg,roi,C:\Users\PC4\Downloads\TUK_PCA\AOI\defect image\EOS_T001-BOT\00000112\D3_R21.jpg,.jpg,3599,2025-10-20 16:36
EOS_T001-BOT,113,D1_R14.jpg,roi,C:\Users\PC4\Downloads\TUK_PCA\AOI\defect image\EOS_T001-BOT\00000113\D1_R14.jpg,.jpg,3761,2025-10-20 16:36
EOS_T001-BOT,113,D1_R17.jpg,roi,C:\Users\PC4\Downloads\TUK_PCA\AOI\defect image\EOS_T001-BOT\00000113\D1_R17.jpg,.jpg,3706,2025-10-20 16:36
EOS_T001-BOT,113,D2_R21.jpg,roi,C:\Users\PC4\Downloads\TUK_PCA\AOI\defect image\EOS_T001-BOT\00000113\D2_R21.jpg,.jpg,3476,2025-10-20 16:36
EOS_T001-BOT,114,D1_R13.jpg,roi,C:\Users\PC4\Downloads\TUK_PCA\AOI\defect image\EOS_T001-BOT\00000114\D1_R13.jpg,.jpg,3734,2025-10-20 16:37
EOS_T001-BOT,114,D1_R15.jpg,roi,C:\Users\PC4\Downloads\TUK_PCA\AOI\defect image\EOS_T001-BOT\00000114\D1_R15.jpg,.jpg,3716,2025-10-20 16:37
EOS_T001-BOT,114,D1_R20.jpg,roi,C:\Users\PC4\Downloads\TUK_PCA\AOI\defect image\EOS_T001-BOT\00000114\D1_R20.jpg,.jpg,3705,2025-10-20 16:37
EOS_T001-BOT,114,D1_R21.jpg,roi,C:\Users\PC4\Downloads\TUK_PCA\AOI\defect image\EOS_T001-BOT\00000114\D1_R21.jpg,.jpg,3510,2025-10-20 16:37
EOS_T001-BOT,114,D2_R21.jpg,roi,C:\Users\PC4\Downloads\TUK_PCA\AOI\defect image\EOS_T001-BOT\00000114\D2_R21.jpg,.jpg,3380,2025-10-20 16:37
EOS_T001-BOT,114,D3_R16.jpg,roi,C:\Users\PC4\Downloads\TUK_PCA\AOI\defect image\EOS_T001-BOT\00000114\D3_R16.jpg,.jpg,3762,2025-10-20 16:37
EOS_T001-BOT,116,D3_Q1.jpg,roi,C:\Users\PC4\Downloads\TUK_PCA\AOI\defect image\EOS_T001-BOT\00000116\D3_Q1.jpg,.jpg,6806,2025-10-20 16:38
EOS_T001-BOT,117,D1_Q1.jpg,roi,C:\Users\PC4\Downloads\TUK_PCA\AOI\defect image\EOS_T001-BOT\00000117\D1_Q1.jpg,.jpg,6801,2025-10-20 16:39
EOS_T001-BOT,128,D0_U1.jpg,roi,C:\Users\PC4\Downloads\TUK_PCA\AOI\defect image\EOS_T001-BOT\00000128\D0_U1.jpg,.jpg,100736,2025-10-20 16:46
EOS_T001-BOT,133,D3_R20.jpg,roi,C:\Users\PC4\Downloads\TUK_PCA\AOI\defect image\EOS_T001-BOT\00000133\D3_R20.jpg,.jpg,3368,2025-10-20 16:49
EOS_T001-BOT,137,D0_Q3.jpg,roi,C:\Users\PC4\Downloads\TUK_PCA\AOI\defect image\EOS_T001-BOT\00000137\D0_Q3.jpg,.jpg,6697,2025-10-20 16:51
EOS_T001-BOT,137,D0_R21.jpg,roi,C:\Users\PC4\Downloads\TUK_PCA\AOI\defect image\EOS_T001-BOT\00000137\D0_R21.jpg,.jpg,3156,2025-10-20 16:51
EOS_T001-BOT,143,D0_Q2.jpg,roi,C:\Users\PC4\Downloads\TUK_PCA\AOI\defect image\EOS_T001-BOT\00000143\D0_Q2.jpg,.jpg,6784,2025-10-20 16:55
EOS_T001-BOT,145,D2_Q2.jpg,roi,C:\Users\PC4\Downloads\TUK_PCA\AOI\defect image\EOS_T001-BOT\00000145\D2_Q2.jpg,.jpg,6792,2025-10-20 16:56
EOS_T001-BOT,149,D2_Q1.jpg,roi,C:\Users\PC4\Downloads\TUK_PCA\AOI\defect image\EOS_T001-BOT\00000149\D2_Q1.jpg,.jpg,6711,2025-10-20 16:59
EOS_T001-BOT,152,D3_R13.jpg,roi,C:\Users\PC4\Downloads\TUK_PCA\AOI\defect image\EOS_T001-BOT\00000152\D3_R13.jpg,.jpg,3380,2025-10-20 17:00
EOS_T001-BOT,152,D3_R14.jpg,roi,C:\Users\PC4\Downloads\TUK_PCA\AOI\defect image\EOS_T001-BOT\00000152\D3_R14.jpg,.jpg,3410,2025-10-20 17:00
EOS_T001-BOT,152,D3_R17.jpg,roi,C:\Users\PC4\Downloads\TUK_PCA\AOI\defect image\EOS_T001-BOT\00000152\D3_R17.jpg,.jpg,3531,2025-10-20 17:00
EOS_T001-BOT,152,D3_R21.jpg,roi,C:\Users\PC4\Downloads\TUK_PCA\AOI\defect image\EOS_T001-BOT\00000152\D3_R21.jpg,.jpg,3394,2025-10-20 17:00
EOS_T001-BOT,152,D3_R24.jpg,roi,C:\Users\PC4\Downloads\TUK_PCA\AOI\defect image\EOS_T001-BOT\00000152\D3_R24.jpg,.jpg,3062,2025-10-20 17:00
EOS_T001-BOT,152,D3_R6.jpg,roi,C:\Users\PC4\Downloads\TUK_PCA\AOI\defect image\EOS_T001-BOT\00000152\D3_R6.jpg,.jpg,3148,2025-10-20 17:00
EOS_T001-BOT,152,D3_R9.jpg,roi,C:\Users\PC4\Downloads\TUK_PCA\AOI\defect image\EOS_T001-BOT\00000152\D3_R9.jpg,.jpg,3145,2025-10-20 17:00
EOS_T001-BOT,152,D3_C13.jpg,roi,C:\Users\PC4\Downloads\TUK_PCA\AOI\defect image\EOS_T001-BOT\00000152\D3_C13.jpg,.jpg,2593,2025-10-20 17:00
EOS_T001-BOT,152,D3_C19.jpg,roi,C:\Users\PC4\Downloads\TUK_PCA\AOI\defect image\EOS_T001-BOT\00000152\D3_C19.jpg,.jpg,2416,2025-10-20 17:00
EOS_T001-BOT,152,D3_C2.jpg,roi,C:\Users\PC4\Downloads\TUK_PCA\AOI\defect image\EOS_T001-BOT\00000152\D3_C2.jpg,.jpg,2516,2025-10-20 17:00
EOS_T001-BOT,152,D3_C3.jpg,roi,C:\Users\PC4\Downloads\TUK_PCA\AOI\defect image\EOS_T001-BOT\00000152\D3_C3.jpg,.jpg,2590,2025-10-20 17:00
EOS_T001-BOT,152,D3_C5.jpg,roi,C:\Users\PC4\Downloads\TUK_PCA\AOI\defect image\EOS_T001-BOT\00000152\D3_C5.jpg,.jpg,2549,2025-10-20 17:00
EOS_T001-BOT,152,D3_C6.jpg,roi,C:\Users\PC4\Downloads\TUK_PCA\AOI\defect image\EOS_T001-BOT\00000152\D3_C6.jpg,.jpg,2669,2025-10-20 17:00
EOS_T001-BOT,152,D3_C7.jpg,roi,C:\Users\PC4\Downloads\TUK_PCA\AOI\defect image\EOS_T001-BOT\00000152\D3_C7.jpg,.jpg,2657,2025-10-20 17:00
EOS_T001-BOT,152,D3_D1.jpg,roi,C:\Users\PC4\Downloads\TUK_PCA\AOI\defect image\EOS_T001-BOT\00000152\D3_D1.jpg,.jpg,5055,2025-10-20 17:00
EOS_T001-BOT,152,D3_D2.jpg,roi,C:\Users\PC4\Downloads\TUK_PCA\AOI\defect image\EOS_T001-BOT\00000152\D3_D2.jpg,.jpg,5102,2025-10-20 17:00
EOS_T001-BOT,152,D3_D3.jpg,roi,C:\Users\PC4\Downloads\TUK_PCA\AOI\defect image\EOS_T001-BOT\00000152\D3_D3.jpg,.jpg,4941,2025-10-20 17:00
EOS_T001-BOT,152,D3_D4.jpg,roi,C:\Users\PC4\Downloads\TUK_PCA\AOI\defect image\EOS_T001-BOT\00000152\D3_D4.jpg,.jpg,4990,2025-10-20 17:00
EOS_T001-BOT,152,D3_IC1.jpg,roi,C:\Users\PC4\Downloads\TUK_PCA\AOI\defect image\EOS_T001-BOT\00000152\D3_IC1.jpg,.jpg,46719,2025-10-20 17:00
EOS_T001-BOT,152,D3_IC2.jpg,roi,C:\Users\PC4\Downloads\TUK_PCA\AOI\defect image\EOS_T001-BOT\00000152\D3_IC2.jpg,.jpg,12692,2025-10-20 17:00
EOS_T001-BOT,152,D3_JP1.jpg,roi,C:\Users\PC4\Downloads\TUK_PCA\AOI\defect image\EOS_T001-BOT\00000152\D3_JP1.jpg,.jpg,3325,2025-10-20 17:00
EOS_T001-BOT,152,D3_LS1.jpg,roi,C:\Users\PC4\Downloads\TUK_PCA\AOI\defect image\EOS_T001-BOT\00000152\D3_LS1.jpg,.jpg,73548,2025-10-20 17:00
EOS_T001-BOT,152,D3_Q1.jpg,roi,C:\Users\PC4\Downloads\TUK_PCA\AOI\defect image\EOS_T001-BOT\00000152\D3_Q1.jpg,.jpg,6810,2025-10-20 17:00
EOS_T001-BOT,152,D3_Q2.jpg,roi,C:\Users\PC4\Downloads\TUK_PCA\AOI\defect image\EOS_T001-BOT\00000152\D3_Q2.jpg,.jpg,7104,2025-10-20 17:00
EOS_T001-BOT,152,D3_Q3.jpg,roi,C:\Users\PC4\Downloads\TUK_PCA\AOI\defect image\EOS_T001-BOT\00000152\D3_Q3.jpg,.jpg,6662,2025-10-20 17:00
EOS_T001-BOT,152,D3_R15.jpg,roi,C:\Users\PC4\Downloads\TUK_PCA\AOI\defect image\EOS_T001-BOT\00000152\D3_R15.jpg,.jpg,3377,2025-10-20 17:00
EOS_T001-BOT,152,D3_R16.jpg,roi,C:\Users\PC4\Downloads\TUK_PCA\AOI\defect image\EOS_T001-BOT\00000152\D3_R16.jpg,.jpg,3352,2025-10-20 17:00
EOS_T001-BOT,152,D3_R20.jpg,roi,C:\Users\PC4\Downloads\TUK_PCA\AOI\defect image\EOS_T001-BOT\00000152\D3_R20.jpg,.jpg,3423,2025-10-20 17:00
EOS_T001-BOT,152,D3_R22.jpg,roi,C:\Users\PC4\Downloads\TUK_PCA\AOI\defect image\EOS_T001-BOT\00000152\D3_R22.jpg,.jpg,3431,2025-10-20 17:00
EOS_T001-BOT,152,D3_R23.jpg,roi,C:\Users\PC4\Downloads\TUK_PCA\AOI\defect image\EOS_T001-BOT\00000152\D3_R23.jpg,.jpg,3334,2025-10-20 17:00
EOS_T001-BOT,152,D3_R25.jpg,roi,C:\Users\PC4\Downloads\TUK_PCA\AOI\defect image\EOS_T001-BOT\00000152\D3_R25.jpg,.jpg,3093,2025-10-20 17:00
EOS_T001-BOT,152,D3_R5.jpg,roi,C:\Users\PC4\Downloads\TUK_PCA\AOI\defect image\EOS_T001-BOT\00000152\D3_R5.jpg,.jpg,3287,2025-10-20 17:00
EOS_T001-BOT,152,D3_R7.jpg,roi,C:\Users\PC4\Downloads\TUK_PCA\AOI\defect image\EOS_T001-BOT\00000152\D3_R7.jpg,.jpg,3349,2025-10-20 17:00
EOS_T001-BOT,152,D3_R8.jpg,roi,C:\Users\PC4\Downloads\TUK_PCA\AOI\defect image\EOS_T001-BOT\00000152\D3_R8.jpg,.jpg,3059,2025-10-20 17:00
EOS_T001-BOT,152,D3_U1.jpg,roi,C:\Users\PC4\Downloads\TUK_PCA\AOI\defect image\EOS_T001-BOT\00000152\D3_U1.jpg,.jpg,100228,2025-10-20 17:00
EOS_T001-BOT,153,D0_Q2.jpg,roi,C:\Users\PC4\Downloads\TUK_PCA\AOI\defect image\EOS_T001-BOT\00000153\D0_Q2.jpg,.jpg,6859,2025-10-20 17:01
EOS_T001-BOT,159,D0_IC1.jpg,roi,C:\Users\PC4\Downloads\TUK_PCA\AOI\defect image\EOS_T001-BOT\00000159\D0_IC1.jpg,.jpg,46994,2025-10-20 17:05
EOS_T001-BOT,159,D3_Q4.jpg,roi,C:\Users\PC4\Downloads\TUK_PCA\AOI\defect image\EOS_T001-BOT\00000159\D3_Q4.jpg,.jpg,7040,2025-10-20 17:05
EOS_T001-BOT,160,D0_IC1.jpg,roi,C:\Users\PC4\Downloads\TUK_PCA\AOI\defect image\EOS_T001-BOT\00000160\D0_IC1.jpg,.jpg,46095,2025-10-20 17:05
EOS_T001-BOT,161,D1_Q1.jpg,roi,C:\Users\PC4\Downloads\TUK_PCA\AOI\defect image\EOS_T001-BOT\00000161\D1_Q1.jpg,.jpg,6828,2025-10-20 17:06
EOS_T001-BOT,162,D2_LS1.jpg,roi,C:\Users\PC4\Downloads\TUK_PCA\AOI\defect image\EOS_T001-BOT\00000162\D2_LS1.jpg,.jpg,74762,2025-10-20 17:07
EOS_T001-BOT,163,D3_R16.jpg,roi,C:\Users\PC4\Downloads\TUK_PCA\AOI\defect image\EOS_T001-BOT\00000163\D3_R16.jpg,.jpg,3348,2025-10-20 17:07
EOS_T001-BOT,181,D1_LS1.jpg,roi,C:\Users\PC4\Downloads\TUK_PCA\AOI\defect image\EOS_T001-BOT\00000181\D1_LS1.jpg,.jpg,73498,2025-10-20 17:18
EOS_T001-BOT,184,D1_LS1.jpg,roi,C:\Users\PC4\Downloads\TUK_PCA\AOI\defect image\EOS_T001-BOT\00000184\D1_LS1.jpg,.jpg,73547,2025-10-20 17:19
EOS_T001-BOT,187,D3_Q4.jpg,roi,C:\Users\PC4\Downloads\TUK_PCA\AOI\defect image\EOS_T001-BOT\00000187\D3_Q4.jpg,.jpg,7118,2025-10-20 17:22
EOS_T001-BOT,188,D3_C13.jpg,roi,C:\Users\PC4\Downloads\TUK_PCA\AOI\defect image\EOS_T001-BOT\00000188\D3_C13.jpg,.jpg,2612,2025-10-20 17:22
EOS_T001-BOT,188,D3_C19.jpg,roi,C:\Users\PC4\Downloads\TUK_PCA\AOI\defect image\EOS_T001-BOT\00000188\D3_C19.jpg,.jpg,2377,2025-10-20 17:22
EOS_T001-BOT,188,D3_C2.jpg,roi,C:\Users\PC4\Downloads\TUK_PCA\AOI\defect image\EOS_T001-BOT\00000188\D3_C2.jpg,.jpg,2583,2025-10-20 17:22
EOS_T001-BOT,188,D3_C3.jpg,roi,C:\Users\PC4\Downloads\TUK_PCA\AOI\defect image\EOS_T001-BOT\00000188\D3_C3.jpg,.jpg,2779,2025-10-20 17:22
EOS_T001-BOT,188,D3_C5.jpg,roi,C:\Users\PC4\Downloads\TUK_PCA\AOI\defect image\EOS_T001-BOT\00000188\D3_C5.jpg,.jpg,2590,2025-10-20 17:22
EOS_T001-BOT,188,D3_C6.jpg,roi,C:\Users\PC4\Downloads\TUK_PCA\AOI\defect image\EOS_T001-BOT\00000188\D3_C6.jpg,.jpg,2829,2025-10-20 17:22
EOS_T001-BOT,188,D3_C7.jpg,roi,C:\Users\PC4\Downloads\TUK_PCA\AOI\defect image\EOS_T001-BOT\00000188\D3_C7.jpg,.jpg,2844,2025-10-20 17:22
EOS_T001-BOT,188,D3_D1.jpg,roi,C:\Users\PC4\Downloads\TUK_PCA\AOI\defect image\EOS_T001-BOT\00000188\D3_D1.jpg,.jpg,5140,2025-10-20 17:22
EOS_T001-BOT,188,D3_D2.jpg,roi,C:\Users\PC4\Downloads\TUK_PCA\AOI\defect image\EOS_T001-BOT\00000188\D3_D2.jpg,.jpg,5326,2025-10-20 17:22
EOS_T001-BOT,188,D3_D3.jpg,roi,C:\Users\PC4\Downloads\TUK_PCA\AOI\defect image\EOS_T001-BOT\00000188\D3_D3.jpg,.jpg,5182,2025-10-20 17:22
EOS_T001-BOT,188,D3_D4.jpg,roi,C:\Users\PC4\Downloads\TUK_PCA\AOI\defect image\EOS_T001-BOT\00000188\D3_D4.jpg,.jpg,5173,2025-10-20 17:22
EOS_T001-BOT,188,D3_IC1.jpg,roi,C:\Users\PC4\Downloads\TUK_PCA\AOI\defect image\EOS_T001-BOT\00000188\D3_IC1.jpg,.jpg,48165,2025-10-20 17:22
EOS_T001-BOT,188,D3_IC2.jpg,roi,C:\Users\PC4\Downloads\TUK_PCA\AOI\defect image\EOS_T001-BOT\00000188\D3_IC2.jpg,.jpg,12736,2025-10-20 17:22
EOS_T001-BOT,188,D3_JP1.jpg,roi,C:\Users\PC4\Downloads\TUK_PCA\AOI\defect image\EOS_T001-BOT\00000188\D3_JP1.jpg,.jpg,3379,2025-10-20 17:22
EOS_T001-BOT,188,D3_LS1.jpg,roi,C:\Users\PC4\Downloads\TUK_PCA\AOI\defect image\EOS_T001-BOT\00000188\D3_LS1.jpg,.jpg,74032,2025-10-20 17:22
EOS_T001-BOT,188,D3_Q1.jpg,roi,C:\Users\PC4\Downloads\TUK_PCA\AOI\defect image\EOS_T001-BOT\00000188\D3_Q1.jpg,.jpg,6885,2025-10-20 17:22
EOS_T001-BOT,188,D3_Q2.jpg,roi,C:\Users\PC4\Downloads\TUK_PCA\AOI\defect image\EOS_T001-BOT\00000188\D3_Q2.jpg,.jpg,7067,2025-10-20 17:22
EOS_T001-BOT,188,D3_Q3.jpg,roi,C:\Users\PC4\Downloads\TUK_PCA\AOI\defect image\EOS_T001-BOT\00000188\D3_Q3.jpg,.jpg,6775,2025-10-20 17:22
EOS_T001-BOT,188,D3_R13.jpg,roi,C:\Users\PC4\Downloads\TUK_PCA\AOI\defect image\EOS_T001-BOT\00000188\D3_R13.jpg,.jpg,3476,2025-10-20 17:22
EOS_T001-BOT,188,D3_R14.jpg,roi,C:\Users\PC4\Downloads\TUK_PCA\AOI\defect image\EOS_T001-BOT\00000188\D3_R14.jpg,.jpg,3529,2025-10-20 17:22
EOS_T001-BOT,188,D3_R15.jpg,roi,C:\Users\PC4\Downloads\TUK_PCA\AOI\defect image\EOS_T001-BOT\00000188\D3_R15.jpg,.jpg,3432,2025-10-20 17:22
EOS_T001-BOT,188,D3_R16.jpg,roi,C:\Users\PC4\Downloads\TUK_PCA\AOI\defect image\EOS_T001-BOT\00000188\D3_R16.jpg,.jpg,3440,2025-10-20 17:22
EOS_T001-BOT,188,D3_R17.jpg,roi,C:\Users\PC4\Downloads\TUK_PCA\AOI\defect image\EOS_T001-BOT\00000188\D3_R17.jpg,.jpg,3402,2025-10-20 17:22
EOS_T001-BOT,188,D3_R20.jpg,roi,C:\Users\PC4\Downloads\TUK_PCA\AOI\defect image\EOS_T001-BOT\00000188\D3_R20.jpg,.jpg,3459,2025-10-20 17:22
EOS_T001-BOT,188,D3_R21.jpg,roi,C:\Users\PC4\Downloads\TUK_PCA\AOI\defect image\EOS_T001-BOT\00000188\D3_R21.jpg,.jpg,3296,2025-10-20 17:22
EOS_T001-BOT,188,D3_R22.jpg,roi,C:\Users\PC4\Downloads\TUK_PCA\AOI\defect image\EOS_T001-BOT\00000188\D3_R22.jpg,.jpg,3466,2025-10-20 17:22
EOS_T001-BOT,188,D3_R23.jpg,roi,C:\Users\PC4\Downloads\TUK_PCA\AOI\defect image\EOS_T001-BOT\00000188\D3_R23.jpg,.jpg,3490,2025-10-20 17:22
EOS_T001-BOT,188,D3_R24.jpg,roi,C:\Users\PC4\Downloads\TUK_PCA\AOI\defect image\EOS_T001-BOT\00000188\D3_R24.jpg,.jpg,3116,2025-10-20 17:22
EOS_T001-BOT,188,D3_R25.jpg,roi,C:\Users\PC4\Downloads\TUK_PCA\AOI\defect image\EOS_T001-BOT\00000188\D3_R25.jpg,.jpg,3139,2025-10-20 17:22
EOS_T001-BOT,188,D3_R5.jpg,roi,C:\Users\PC4\Downloads\TUK_PCA\AOI\defect image\EOS_T001-BOT\00000188\D3_R5.jpg,.jpg,3247,2025-10-20 17:22
EOS_T001-BOT,188,D3_R6.jpg,roi,C:\Users\PC4\Downloads\TUK_PCA\AOI\defect image\EOS_T001-BOT\00000188\D3_R6.jpg,.jpg,3121,2025-10-20 17:22
EOS_T001-BOT,188,D3_R7.jpg,roi,C:\Users\PC4\Downloads\TUK_PCA\AOI\defect image\EOS_T001-BOT\00000188\D3_R7.jpg,.jpg,3360,2025-10-20 17:22
EOS_T001-BOT,188,D3_R8.jpg,roi,C:\Users\PC4\Downloads\TUK_PCA\AOI\defect image\EOS_T001-BOT\00000188\D3_R8.jpg,.jpg,3202,2025-10-20 17:22
EOS_T001-BOT,188,D3_R9.jpg,roi,C:\Users\PC4\Downloads\TUK_PCA\AOI\defect image\EOS_T001-BOT\00000188\D3_R9.jpg,.jpg,3194,2025-10-20 17:22
EOS_T001-BOT,188,D3_U1.jpg,roi,C:\Users\PC4\Downloads\TUK_PCA\AOI\defect image\EOS_T001-BOT\00000188\D3_U1.jpg,.jpg,101163,2025-10-20 17:22
EOS_T001-BOT,189,D0_Q2.jpg,roi,C:\Users\PC4\Downloads\TUK_PCA\AOI\defect image\EOS_T001-BOT\00000189\D0_Q2.jpg,.jpg,7060,2025-10-20 17:22
EOS_T001-BOT,191,D0_D4.jpg,roi,C:\Users\PC4\Downloads\TUK_PCA\AOI\defect image\EOS_T001-BOT\00000191\D0_D4.jpg,.jpg,5437,2025-10-20 17:23
EOS_T001-BOT,191,D2_Q2.jpg,roi,C:\Users\PC4\Downloads\TUK_PCA\AOI\defect image\EOS_T001-BOT\00000191\D2_Q2.jpg,.jpg,6897,2025-10-20 17:23
EOS_T001-BOT,192,D0_Q3.jpg,roi,C:\Users\PC4\Downloads\TUK_PCA\AOI\defect image\EOS_T001-BOT\00000192\D0_Q3.jpg,.jpg,6727,2025-10-20 17:24
EOS_T001-BOT,193,D0_Q2.jpg,roi,C:\Users\PC4\Downloads\TUK_PCA\AOI\defect image\EOS_T001-BOT\00000193\D0_Q2.jpg,.jpg,6882,2025-10-20 17:24
EOS_T001-BOT,196,D2_Q2.jpg,roi,C:\Users\PC4\Downloads\TUK_PCA\AOI\defect image\EOS_T001-BOT\00000196\D2_Q2.jpg,.jpg,7137,2025-10-20 17:26
EOS_T001-BOT,198,D0_Q2.jpg,roi,C:\Users\PC4\Downloads\TUK_PCA\AOI\defect image\EOS_T001-BOT\00000198\D0_Q2.jpg,.jpg,6738,2025-10-20 17:27
EOS_T001-BOT,199,D2_Q2.jpg,roi,C:\Users\PC4\Downloads\TUK_PCA\AOI\defect image\EOS_T001-BOT\00000199\D2_Q2.jpg,.jpg,7132,2025-10-20 17:27
EOS_T001-BOT,200,D0_Q3.jpg,roi,C:\Users\PC4\Downloads\TUK_PCA\AOI\defect image\EOS_T001-BOT\00000200\D0_Q3.jpg,.jpg,6531,2025-10-20 17:28
EOS_T001-BOT,201,D1_Q2.jpg,roi,C:\Users\PC4\Downloads\TUK_PCA\AOI\defect image\EOS_T001-BOT\00000201\D1_Q2.jpg,.jpg,6930,2025-10-20 17:28
EOS_T001-BOT,202,D2_Q3.jpg,roi,C:\Users\PC4\Downloads\TUK_PCA\AOI\defect image\EOS_T001-BOT\00000202\D2_Q3.jpg,.jpg,6691,2025-10-20 17:29
EOS_T001-BOT,208,D3_Q2.jpg,roi,C:\Users\PC4\Downloads\TUK_PCA\AOI\defect image\EOS_T001-BOT\00000208\D3_Q2.jpg,.jpg,7182,2025-10-20 17:31
EOS_T001-BOT,209,D1_Q2.jpg,roi,C:\Users\PC4\Downloads\TUK_PCA\AOI\defect image\EOS_T001-BOT\00000209\D1_Q2.jpg,.jpg,6738,2025-10-20 17:32
EOS_T001-BOT,213,D0_U1.jpg,roi,C:\Users\PC4\Downloads\TUK_PCA\AOI\defect image\EOS_T001-BOT\00000213\D0_U1.jpg,.jpg,102117,2025-10-20 17:34
EOS_T001-BOT,214,D3_C13.jpg,roi,C:\Users\PC4\Downloads\TUK_PCA\AOI\defect image\EOS_T001-BOT\00000214\D3_C13.jpg,.jpg,2599,2025-10-20 17:35
EOS_T001-BOT,214,D3_C19.jpg,roi,C:\Users\PC4\Downloads\TUK_PCA\AOI\defect image\EOS_T001-BOT\00000214\D3_C19.jpg,.jpg,2367,2025-10-20 17:35
EOS_T001-BOT,214,D3_C2.jpg,roi,C:\Users\PC4\Downloads\TUK_PCA\AOI\defect image\EOS_T001-BOT\00000214\D3_C2.jpg,.jpg,2590,2025-10-20 17:35
EOS_T001-BOT,214,D3_C3.jpg,roi,C:\Users\PC4\Downloads\TUK_PCA\AOI\defect image\EOS_T001-BOT\00000214\D3_C3.jpg,.jpg,2755,2025-10-20 17:35
EOS_T001-BOT,214,D3_C5.jpg,roi,C:\Users\PC4\Downloads\TUK_PCA\AOI\defect image\EOS_T001-BOT\00000214\D3_C5.jpg,.jpg,2610,2025-10-20 17:35
EOS_T001-BOT,214,D3_C6.jpg,roi,C:\Users\PC4\Downloads\TUK_PCA\AOI\defect image\EOS_T001-BOT\00000214\D3_C6.jpg,.jpg,2833,2025-10-20 17:35
EOS_T001-BOT,214,D3_C7.jpg,roi,C:\Users\PC4\Downloads\TUK_PCA\AOI\defect image\EOS_T001-BOT\00000214\D3_C7.jpg,.jpg,2843,2025-10-20 17:35
EOS_T001-BOT,214,D3_D1.jpg,roi,C:\Users\PC4\Downloads\TUK_PCA\AOI\defect image\EOS_T001-BOT\00000214\D3_D1.jpg,.jpg,5149,2025-10-20 17:35
EOS_T001-BOT,214,D3_D2.jpg,roi,C:\Users\PC4\Downloads\TUK_PCA\AOI\defect image\EOS_T001-BOT\00000214\D3_D2.jpg,.jpg,5335,2025-10-20 17:35
EOS_T001-BOT,214,D3_D3.jpg,roi,C:\Users\PC4\Downloads\TUK_PCA\AOI\defect image\EOS_T001-BOT\00000214\D3_D3.jpg,.jpg,5141,2025-10-20 17:35
EOS_T001-BOT,214,D3_D4.jpg,roi,C:\Users\PC4\Downloads\TUK_PCA\AOI\defect image\EOS_T001-BOT\00000214\D3_D4.jpg,.jpg,5183,2025-10-20 17:35
EOS_T001-BOT,214,D3_IC1.jpg,roi,C:\Users\PC4\Downloads\TUK_PCA\AOI\defect image\EOS_T001-BOT\00000214\D3_IC1.jpg,.jpg,48386,2025-10-20 17:35
EOS_T001-BOT,214,D3_IC2.jpg,roi,C:\Users\PC4\Downloads\TUK_PCA\AOI\defect image\EOS_T001-BOT\00000214\D3_IC2.jpg,.jpg,12754,2025-10-20 17:35
EOS_T001-BOT,214,D3_JP1.jpg,roi,C:\Users\PC4\Downloads\TUK_PCA\AOI\defect image\EOS_T001-BOT\00000214\D3_JP1.jpg,.jpg,3385,2025-10-20 17:35
EOS_T001-BOT,214,D3_LS1.jpg,roi,C:\Users\PC4\Downloads\TUK_PCA\AOI\defect image\EOS_T001-BOT\00000214\D3_LS1.jpg,.jpg,73874,2025-10-20 17:35
EOS_T001-BOT,214,D3_Q1.jpg,roi,C:\Users\PC4\Downloads\TUK_PCA\AOI\defect image\EOS_T001-BOT\00000214\D3_Q1.jpg,.jpg,6872,2025-10-20 17:35
EOS_T001-BOT,214,D3_Q2.jpg,roi,C:\Users\PC4\Downloads\TUK_PCA\AOI\defect image\EOS_T001-BOT\00000214\D3_Q2.jpg,.jpg,7166,2025-10-20 17:35
EOS_T001-BOT,214,D3_Q3.jpg,roi,C:\Users\PC4\Downloads\TUK_PCA\AOI\defect image\EOS_T001-BOT\00000214\D3_Q3.jpg,.jpg,6725,2025-10-20 17:35
EOS_T001-BOT,214,D3_R13.jpg,roi,C:\Users\PC4\Downloads\TUK_PCA\AOI\defect image\EOS_T001-BOT\00000214\D3_R13.jpg,.jpg,3472,2025-10-20 17:35
EOS_T001-BOT,214,D3_R14.jpg,roi,C:\Users\PC4\Downloads\TUK_PCA\AOI\defect image\EOS_T001-BOT\00000214\D3_R14.jpg,.jpg,3616,2025-10-20 17:35
EOS_T001-BOT,214,D3_R15.jpg,roi,C:\Users\PC4\Downloads\TUK_PCA\AOI\defect image\EOS_T001-BOT\00000214\D3_R15.jpg,.jpg,3416,2025-10-20 17:35
EOS_T001-BOT,214,D3_R16.jpg,roi,C:\Users\PC4\Downloads\TUK_PCA\AOI\defect image\EOS_T001-BOT\00000214\D3_R16.jpg,.jpg,3443,2025-10-20 17:35
EOS_T001-BOT,214,D3_R17.jpg,roi,C:\Users\PC4\Downloads\TUK_PCA\AOI\defect image\EOS_T001-BOT\00000214\D3_R17.jpg,.jpg,3365,2025-10-20 17:35
EOS_T001-BOT,214,D3_R20.jpg,roi,C:\Users\PC4\Downloads\TUK_PCA\AOI\defect image\EOS_T001-BOT\00000214\D3_R20.jpg,.jpg,3445,2025-10-20 17:35
EOS_T001-BOT,214,D3_R21.jpg,roi,C:\Users\PC4\Downloads\TUK_PCA\AOI\defect image\EOS_T001-BOT\00000214\D3_R21.jpg,.jpg,3270,2025-10-20 17:35
EOS_T001-BOT,214,D3_R22.jpg,roi,C:\Users\PC4\Downloads\TUK_PCA\AOI\defect image\EOS_T001-BOT\00000214\D3_R22.jpg,.jpg,3488,2025-10-20 17:35
EOS_T001-BOT,214,D3_R23.jpg,roi,C:\Users\PC4\Downloads\TUK_PCA\AOI\defect image\EOS_T001-BOT\00000214\D3_R23.jpg,.jpg,3485,2025-10-20 17:35
EOS_T001-BOT,214,D3_R24.jpg,roi,C:\Users\PC4\Downloads\TUK_PCA\AOI\defect image\EOS_T001-BOT\00000214\D3_R24.jpg,.jpg,3137,2025-10-20 17:35
EOS_T001-BOT,214,D3_R25.jpg,roi,C:\Users\PC4\Downloads\TUK_PCA\AOI\defect image\EOS_T001-BOT\00000214\D3_R25.jpg,.jpg,3135,2025-10-20 17:35
EOS_T001-BOT,214,D3_R5.jpg,roi,C:\Users\PC4\Downloads\TUK_PCA\AOI\defect image\EOS_T001-BOT\00000214\D3_R5.jpg,.jpg,3298,2025-10-20 17:35
EOS_T001-BOT,214,D3_R6.jpg,roi,C:\Users\PC4\Downloads\TUK_PCA\AOI\defect image\EOS_T001-BOT\00000214\D3_R6.jpg,.jpg,3098,2025-10-20 17:35
EOS_T001-BOT,214,D3_R7.jpg,roi,C:\Users\PC4\Downloads\TUK_PCA\AOI\defect image\EOS_T001-BOT\00000214\D3_R7.jpg,.jpg,3330,2025-10-20 17:35
EOS_T001-BOT,214,D3_R8.jpg,roi,C:\Users\PC4\Downloads\TUK_PCA\AOI\defect image\EOS_T001-BOT\00000214\D3_R8.jpg,.jpg,3188,2025-10-20 17:35
EOS_T001-BOT,214,D3_R9.jpg,roi,C:\Users\PC4\Downloads\TUK_PCA\AOI\defect image\EOS_T001-BOT\00000214\D3_R9.jpg,.jpg,3184,2025-10-20 17:35
EOS_T001-BOT,214,D3_U1.jpg,roi,C:\Users\PC4\Downloads\TUK_PCA\AOI\defect image\EOS_T001-BOT\00000214\D3_U1.jpg,.jpg,101297,2025-10-20 17:35
EOS_T001-BOT,215,D3_Q4.jpg,roi,C:\Users\PC4\Downloads\TUK_PCA\AOI\defect image\EOS_T001-BOT\00000215\D3_Q4.jpg,.jpg,7168,2025-10-20 17:37
EOS_T001-BOT(JP1 SKIP),39,G0_D1.jpg,roi,C:\Users\PC4\Downloads\TUK_PCA\AOI\defect image\EOS_T001-BOT(JP1 SKIP)\00000039\G0_D1.jpg,.jpg,5983,2025-10-20 17:41
EOS_T001-BOT(JP1 SKIP),9,G3_Q2.jpg,roi,C:\Users\PC4\Downloads\TUK_PCA\AOI\defect image\EOS_T001-BOT(JP1 SKIP)\00000009\G3_Q2.jpg,.jpg,6945,2025-10-20 17:41
EOS_T001-BOT(JP1 SKIP),51,G3_Q2.jpg,roi,C:\Users\PC4\Downloads\TUK_PCA\AOI\defect image\EOS_T001-BOT(JP1 SKIP)\00000051\G3_Q2.jpg,.jpg,6945,2025-10-20 17:41
EOS_T001-BOT(JP1 SKIP),9,G2_Q2.jpg,roi,C:\Users\PC4\Downloads\TUK_PCA\AOI\defect image\EOS_T001-BOT(JP1 SKIP)\00000009\G2_Q2.jpg,.jpg,7145,2025-10-20 17:41
EOS_T001-BOT(JP1 SKIP),39,G1_Q3.jpg,roi,C:\Users\PC4\Downloads\TUK_PCA\AOI\defect image\EOS_T001-BOT(JP1 SKIP)\00000039\G1_Q3.jpg,.jpg,6406,2025-10-20 17:41
EOS_T001-BOT(JP1 SKIP),51,G2_Q2.jpg,roi,C:\Users\PC4\Downloads\TUK_PCA\AOI\defect image\EOS_T001-BOT(JP1 SKIP)\00000051\G2_Q2.jpg,.jpg,7145,2025-10-20 17:41
EOS_T001-BOT(JP1 SKIP),9,D2_Q2.jpg,roi,C:\Users\PC4\Downloads\TUK_PCA\AOI\defect image\EOS_T001-BOT(JP1 SKIP)\00000009\D2_Q2.jpg,.jpg,7056,2025-10-20 17:47
EOS_T001-BOT(JP1 SKIP),9,D3_Q2.jpg,roi,C:\Users\PC4\Downloads\TUK_PCA\AOI\defect image\EOS_T001-BOT(JP1 SKIP)\00000009\D3_Q2.jpg,.jpg,7265,2025-10-20 17:47
EOS_T001-BOT(JP1 SKIP),39,D0_D1.jpg,roi,C:\Users\PC4\Downloads\TUK_PCA\AOI\defect image\EOS_T001-BOT(JP1 SKIP)\00000039\D0_D1.jpg,.jpg,5417,2025-10-21 8:54
EOS_T001-BOT(JP1 SKIP),39,D1_Q3.jpg,roi,C:\Users\PC4\Downloads\TUK_PCA\AOI\defect image\EOS_T001-BOT(JP1 SKIP)\00000039\D1_Q3.jpg,.jpg,6614,2025-10-21 8:54
EOS_T001-BOT(JP1 SKIP),51,D2_Q2.jpg,roi,C:\Users\PC4\Downloads\TUK_PCA\AOI\defect image\EOS_T001-BOT(JP1 SKIP)\00000051\D2_Q2.jpg,.jpg,7259,2025-10-21 8:59
EOS_T001-BOT(JP1 SKIP),51,D3_Q2.jpg,roi,C:\Users\PC4\Downloads\TUK_PCA\AOI\defect image\EOS_T001-BOT(JP1 SKIP)\00000051\D3_Q2.jpg,.jpg,7331,2025-10-21 8:59
EOS_T001-BOT,216,G2_LS1.jpg,roi,C:\Users\PC4\Downloads\TUK_PCA\AOI\defect image\EOS_T001-BOT\00000216\G2_LS1.jpg,.jpg,67090,2025-10-21 10:00
EOS_T001-BOT,216,G2_U1.jpg,roi,C:\Users\PC4\Downloads\TUK_PCA\AOI\defect image\EOS_T001-BOT\00000216\G2_U1.jpg,.jpg,99826,2025-10-21 10:00
EOS_T001-BOT,216,G3_U1.jpg,roi,C:\Users\PC4\Downloads\TUK_PCA\AOI\defect image\EOS_T001-BOT\00000216\G3_U1.jpg,.jpg,100589,2025-10-21 10:00
EOS_T001-BOT,217,G0_U1.jpg,roi,C:\Users\PC4\Downloads\TUK_PCA\AOI\defect image\EOS_T001-BOT\00000217\G0_U1.jpg,.jpg,104898,2025-10-21 10:00
EOS_T001-BOT,218,G0_JP1.jpg,roi,C:\Users\PC4\Downloads\TUK_PCA\AOI\defect image\EOS_T001-BOT\00000218\G0_JP1.jpg,.jpg,3563,2025-10-21 10:00
EOS_T001-BOT,218,G1_JP1.jpg,roi,C:\Users\PC4\Downloads\TUK_PCA\AOI\defect image\EOS_T001-BOT\00000218\G1_JP1.jpg,.jpg,3269,2025-10-21 10:00
EOS_T001-BOT,218,G2_JP1.jpg,roi,C:\Users\PC4\Downloads\TUK_PCA\AOI\defect image\EOS_T001-BOT\00000218\G2_JP1.jpg,.jpg,3162,2025-10-21 10:00
EOS_T001-BOT,218,G3_JP1.jpg,roi,C:\Users\PC4\Downloads\TUK_PCA\AOI\defect image\EOS_T001-BOT\00000218\G3_JP1.jpg,.jpg,3356,2025-10-21 10:00
EOS_T001-BOT,219,G0_JP1.jpg,roi,C:\Users\PC4\Downloads\TUK_PCA\AOI\defect image\EOS_T001-BOT\00000219\G0_JP1.jpg,.jpg,3563,2025-10-21 10:00
EOS_T001-BOT,219,G1_JP1.jpg,roi,C:\Users\PC4\Downloads\TUK_PCA\AOI\defect image\EOS_T001-BOT\00000219\G1_JP1.jpg,.jpg,3269,2025-10-21 10:00
EOS_T001-BOT,219,G2_JP1.jpg,roi,C:\Users\PC4\Downloads\TUK_PCA\AOI\defect image\EOS_T001-BOT\00000219\G2_JP1.jpg,.jpg,3162,2025-10-21 10:00
EOS_T001-BOT,219,G3_JP1.jpg,roi,C:\Users\PC4\Downloads\TUK_PCA\AOI\defect image\EOS_T001-BOT\00000219\G3_JP1.jpg,.jpg,3356,2025-10-21 10:00
EOS_T001-BOT,216,D2_LS1.jpg,roi,C:\Users\PC4\Downloads\TUK_PCA\AOI\defect image\EOS_T001-BOT\00000216\D2_LS1.jpg,.jpg,70807,2025-10-21 10:01
EOS_T001-BOT,216,D2_U1.jpg,roi,C:\Users\PC4\Downloads\TUK_PCA\AOI\defect image\EOS_T001-BOT\00000216\D2_U1.jpg,.jpg,96257,2025-10-21 10:01
EOS_T001-BOT,216,D3_U1.jpg,roi,C:\Users\PC4\Downloads\TUK_PCA\AOI\defect image\EOS_T001-BOT\00000216\D3_U1.jpg,.jpg,101737,2025-10-21 10:01
EOS_T001-BOT,217,D0_U1.jpg,roi,C:\Users\PC4\Downloads\TUK_PCA\AOI\defect image\EOS_T001-BOT\00000217\D0_U1.jpg,.jpg,94430,2025-10-21 10:02
EOS_T001-BOT,218,D0_JP1.jpg,roi,C:\Users\PC4\Downloads\TUK_PCA\AOI\defect image\EOS_T001-BOT\00000218\D0_JP1.jpg,.jpg,3694,2025-10-21 14:12
EOS_T001-BOT,218,D1_JP1.jpg,roi,C:\Users\PC4\Downloads\TUK_PCA\AOI\defect image\EOS_T001-BOT\00000218\D1_JP1.jpg,.jpg,3696,2025-10-21 14:12
EOS_T001-BOT,218,D2_JP1.jpg,roi,C:\Users\PC4\Downloads\TUK_PCA\AOI\defect image\EOS_T001-BOT\00000218\D2_JP1.jpg,.jpg,3590,2025-10-21 14:12
EOS_T001-BOT,218,D3_JP1.jpg,roi,C:\Users\PC4\Downloads\TUK_PCA\AOI\defect image\EOS_T001-BOT\00000218\D3_JP1.jpg,.jpg,3710,2025-10-21 14:12
EOS_T001-BOT,219,D0_JP1.jpg,roi,C:\Users\PC4\Downloads\TUK_PCA\AOI\defect image\EOS_T001-BOT\00000219\D0_JP1.jpg,.jpg,3649,2025-10-21 14:14
EOS_T001-BOT,219,D1_JP1.jpg,roi,C:\Users\PC4\Downloads\TUK_PCA\AOI\defect image\EOS_T001-BOT\00000219\D1_JP1.jpg,.jpg,3716,2025-10-21 14:14
EOS_T001-BOT,219,D2_JP1.jpg,roi,C:\Users\PC4\Downloads\TUK_PCA\AOI\defect image\EOS_T001-BOT\00000219\D2_JP1.jpg,.jpg,3662,2025-10-21 14:14
EOS_T001-BOT,219,D3_JP1.jpg,roi,C:\Users\PC4\Downloads\TUK_PCA\AOI\defect image\EOS_T001-BOT\00000219\D3_JP1.jpg,.jpg,3711,2025-10-21 14:14
WATERSENSER_1VS1_NEW_251021,4,G0_D5.jpg,roi,C:\Users\PC4\Downloads\TUK_PCA\AOI\defect image\WATERSENSER_1VS1_NEW_251021\00000004\G0_D5.jpg,.jpg,6526,2025-10-21 16:50
WATERSENSER_1VS1_NEW_251021,4,G1_D5.jpg,roi,C:\Users\PC4\Downloads\TUK_PCA\AOI\defect image\WATERSENSER_1VS1_NEW_251021\00000004\G1_D5.jpg,.jpg,6254,2025-10-21 16:50
WATERSENSER_1VS1_NEW_251021,4,G2_D5.jpg,roi,C:\Users\PC4\Downloads\TUK_PCA\AOI\defect image\WATERSENSER_1VS1_NEW_251021\00000004\G2_D5.jpg,.jpg,6222,2025-10-21 16:50
WATERSENSER_1VS1_NEW_251021,22,G0_D2.jpg,roi,C:\Users\PC4\Downloads\TUK_PCA\AOI\defect image\WATERSENSER_1VS1_NEW_251021\00000022\G0_D2.jpg,.jpg,6952,2025-10-21 16:50
WATERSENSER_1VS1_NEW_251021,25,G1_D2.jpg,roi,C:\Users\PC4\Downloads\TUK_PCA\AOI\defect image\WATERSENSER_1VS1_NEW_251021\00000025\G1_D2.jpg,.jpg,7011,2025-10-21 16:50
WATERSENSER_1VS1_NEW_251021,33,G1_D2.jpg,roi,C:\Users\PC4\Downloads\TUK_PCA\AOI\defect image\WATERSENSER_1VS1_NEW_251021\00000033\G1_D2.jpg,.jpg,7011,2025-10-21 16:50
WATERSENSER_1VS1_NEW_251021,34,G0_D2.jpg,roi,C:\Users\PC4\Downloads\TUK_PCA\AOI\defect image\WATERSENSER_1VS1_NEW_251021\00000034\G0_D2.jpg,.jpg,6952,2025-10-21 16:50
WATERSENSER_1VS1_NEW_251021,34,G1_D2.jpg,roi,C:\Users\PC4\Downloads\TUK_PCA\AOI\defect image\WATERSENSER_1VS1_NEW_251021\00000034\G1_D2.jpg,.jpg,7011,2025-10-21 16:50
WATERSENSER_1VS1_NEW_251021,34,G2_D2.jpg,roi,C:\Users\PC4\Downloads\TUK_PCA\AOI\defect image\WATERSENSER_1VS1_NEW_251021\00000034\G2_D2.jpg,.jpg,7036,2025-10-21 16:50
WATERSENSER_1VS1_NEW_251021,5,G1_IC1.jpg,roi,C:\Users\PC4\Downloads\TUK_PCA\AOI\defect image\WATERSENSER_1VS1_NEW_251021\00000005\G1_IC1.jpg,.jpg,16939,2025-10-21 16:50
WATERSENSER_1VS1_NEW_251021,34,G0_D4.jpg,roi,C:\Users\PC4\Downloads\TUK_PCA\AOI\defect image\WATERSENSER_1VS1_NEW_251021\00000034\G0_D4.jpg,.jpg,6955,2025-10-21 16:50
WATERSENSER_1VS1_NEW_251021,34,G1_D4.jpg,roi,C:\Users\PC4\Downloads\TUK_PCA\AOI\defect image\WATERSENSER_1VS1_NEW_251021\00000034\G1_D4.jpg,.jpg,6816,2025-10-21 16:50
WATERSENSER_1VS1_NEW_251021,34,G2_D4.jpg,roi,C:\Users\PC4\Downloads\TUK_PCA\AOI\defect image\WATERSENSER_1VS1_NEW_251021\00000034\G2_D4.jpg,.jpg,7022,2025-10-21 16:50
WATERSENSER_1VS1_NEW_251021,42,G1_Q6.jpg,roi,C:\Users\PC4\Downloads\TUK_PCA\AOI\defect image\WATERSENSER_1VS1_NEW_251021\00000042\G1_Q6.jpg,.jpg,5500,2025-10-21 16:50
WATERSENSER_1VS1_NEW_251021,46,G2_IC1.jpg,roi,C:\Users\PC4\Downloads\TUK_PCA\AOI\defect image\WATERSENSER_1VS1_NEW_251021\00000046\G2_IC1.jpg,.jpg,15965,2025-10-21 16:50
WATERSENSER_1VS1_NEW_251021,4,D0_D5.jpg,roi,C:\Users\PC4\Downloads\TUK_PCA\AOI\defect image\WATERSENSER_1VS1_NEW_251021\00000004\D0_D5.jpg,.jpg,4418,2025-10-21 16:53
WATERSENSER_1VS1_NEW_251021,4,D1_D5.jpg,roi,C:\Users\PC4\Downloads\TUK_PCA\AOI\defect image\WATERSENSER_1VS1_NEW_251021\00000004\D1_D5.jpg,.jpg,4413,2025-10-21 16:53
WATERSENSER_1VS1_NEW_251021,4,D2_D5.jpg,roi,C:\Users\PC4\Downloads\TUK_PCA\AOI\defect image\WATERSENSER_1VS1_NEW_251021\00000004\D2_D5.jpg,.jpg,6717,2025-10-21 16:53
WATERSENSER_1VS1_NEW_251021,5,D1_IC1.jpg,roi,C:\Users\PC4\Downloads\TUK_PCA\AOI\defect image\WATERSENSER_1VS1_NEW_251021\00000005\D1_IC1.jpg,.jpg,17020,2025-10-21 17:05
WATERSENSER_1VS1_NEW_251021,22,D0_D2.jpg,roi,C:\Users\PC4\Downloads\TUK_PCA\AOI\defect image\WATERSENSER_1VS1_NEW_251021\00000022\D0_D2.jpg,.jpg,6970,2025-10-21 17:18
WATERSENSER_1VS1_NEW_251021,25,D1_D2.jpg,roi,C:\Users\PC4\Downloads\TUK_PCA\AOI\defect image\WATERSENSER_1VS1_NEW_251021\00000025\D1_D2.jpg,.jpg,6922,2025-10-21 17:19
WATERSENSER_1VS1_NEW_251021,33,D1_D2.jpg,roi,C:\Users\PC4\Downloads\TUK_PCA\AOI\defect image\WATERSENSER_1VS1_NEW_251021\00000033\D1_D2.jpg,.jpg,7044,2025-10-21 17:23
WATERSENSER_1VS1_NEW_251021,34,D0_D2.jpg,roi,C:\Users\PC4\Downloads\TUK_PCA\AOI\defect image\WATERSENSER_1VS1_NEW_251021\00000034\D0_D2.jpg,.jpg,7164,2025-10-21 17:23
WATERSENSER_1VS1_NEW_251021,34,D0_D4.jpg,roi,C:\Users\PC4\Downloads\TUK_PCA\AOI\defect image\WATERSENSER_1VS1_NEW_251021\00000034\D0_D4.jpg,.jpg,7087,2025-10-21 17:23
WATERSENSER_1VS1_NEW_251021,34,D1_D2.jpg,roi,C:\Users\PC4\Downloads\TUK_PCA\AOI\defect image\WATERSENSER_1VS1_NEW_251021\00000034\D1_D2.jpg,.jpg,7021,2025-10-21 17:23
WATERSENSER_1VS1_NEW_251021,34,D1_D4.jpg,roi,C:\Users\PC4\Downloads\TUK_PCA\AOI\defect image\WATERSENSER_1VS1_NEW_251021\00000034\D1_D4.jpg,.jpg,7228,2025-10-21 17:23
WATERSENSER_1VS1_NEW_251021,34,D2_D2.jpg,roi,C:\Users\PC4\Downloads\TUK_PCA\AOI\defect image\WATERSENSER_1VS1_NEW_251021\00000034\D2_D2.jpg,.jpg,7073,2025-10-21 17:23
WATERSENSER_1VS1_NEW_251021,34,D2_D4.jpg,roi,C:\Users\PC4\Downloads\TUK_PCA\AOI\defect image\WATERSENSER_1VS1_NEW_251021\00000034\D2_D4.jpg,.jpg,7057,2025-10-21 17:23
WATERSENSER_1VS1_NEW_251021,42,D1_Q6.jpg,roi,C:\Users\PC4\Downloads\TUK_PCA\AOI\defect image\WATERSENSER_1VS1_NEW_251021\00000042\D1_Q6.jpg,.jpg,5957,2025-10-21 17:27
WATERSENSER_1VS1_NEW_251021,46,D2_IC1.jpg,roi,C:\Users\PC4\Downloads\TUK_PCA\AOI\defect image\WATERSENSER_1VS1_NEW_251021\00000046\D2_IC1.jpg,.jpg,15802,2025-10-21 17:28
IDS_9100_MAIN-TOP_250701,107,G0_C5.jpg,roi,C:\Users\PC4\Downloads\TUK_PCA\AOI\defect image\IDS_9100_MAIN-TOP_250701\00000107\G0_C5.jpg,.jpg,1255,2025-10-27 15:31
IDS_9100_MAIN-TOP_250701,107,G4_DIM2.jpg,roi,C:\Users\PC4\Downloads\TUK_PCA\AOI\defect image\IDS_9100_MAIN-TOP_250701\00000107\G4_DIM2.jpg,.jpg,1169,2025-10-27 15:31
IDS_9100_MAIN-TOP_250701,108,G0_DIM3.jpg,roi,C:\Users\PC4\Downloads\TUK_PCA\AOI\defect image\IDS_9100_MAIN-TOP_250701\00000108\G0_DIM3.jpg,.jpg,1242,2025-10-27 15:31
IDS_9100_MAIN-TOP_250701,108,G1_DIM1.jpg,roi,C:\Users\PC4\Downloads\TUK_PCA\AOI\defect image\IDS_9100_MAIN-TOP_250701\00000108\G1_DIM1.jpg,.jpg,1231,2025-10-27 15:31
IDS_9100_MAIN-TOP_250701,108,G1_DIM3.jpg,roi,C:\Users\PC4\Downloads\TUK_PCA\AOI\defect image\IDS_9100_MAIN-TOP_250701\00000108\G1_DIM3.jpg,.jpg,1241,2025-10-27 15:31
IDS_9100_MAIN-TOP_250701,108,G1_DIM4.jpg,roi,C:\Users\PC4\Downloads\TUK_PCA\AOI\defect image\IDS_9100_MAIN-TOP_250701\00000108\G1_DIM4.jpg,.jpg,1288,2025-10-27 15:31
IDS_9100_MAIN-TOP_250701,108,G3_DIM1.jpg,roi,C:\Users\PC4\Downloads\TUK_PCA\AOI\defect image\IDS_9100_MAIN-TOP_250701\00000108\G3_DIM1.jpg,.jpg,1214,2025-10-27 15:31
IDS_9100_MAIN-TOP_250701,108,G3_DIM3.jpg,roi,C:\Users\PC4\Downloads\TUK_PCA\AOI\defect image\IDS_9100_MAIN-TOP_250701\00000108\G3_DIM3.jpg,.jpg,1280,2025-10-27 15:31
IDS_9100_MAIN-TOP_250701,109,G0_DIM4.jpg,roi,C:\Users\PC4\Downloads\TUK_PCA\AOI\defect image\IDS_9100_MAIN-TOP_250701\00000109\G0_DIM4.jpg,.jpg,1141,2025-10-27 15:31
IDS_9100_MAIN-TOP_250701,109,G0_U1.jpg,roi,C:\Users\PC4\Downloads\TUK_PCA\AOI\defect image\IDS_9100_MAIN-TOP_250701\00000109\G0_U1.jpg,.jpg,7315,2025-10-27 15:31
IDS_9100_MAIN-TOP_250701,109,G3_DIM2.jpg,roi,C:\Users\PC4\Downloads\TUK_PCA\AOI\defect image\IDS_9100_MAIN-TOP_250701\00000109\G3_DIM2.jpg,.jpg,1169,2025-10-27 15:31
IDS_9100_MAIN-TOP_250701,110,G1_BAT2.jpg,roi,C:\Users\PC4\Downloads\TUK_PCA\AOI\defect image\IDS_9100_MAIN-TOP_250701\00000110\G1_BAT2.jpg,.jpg,1232,2025-10-27 15:31
IDS_9100_MAIN-TOP_250701,110,G4_F1.jpg,roi,C:\Users\PC4\Downloads\TUK_PCA\AOI\defect image\IDS_9100_MAIN-TOP_250701\00000110\G4_F1.jpg,.jpg,2436,2025-10-27 15:31
IDS_9100_MAIN-TOP_250701,107,D4_DIM2.jpg,roi,C:\Users\PC4\Downloads\TUK_PCA\AOI\defect image\IDS_9100_MAIN-TOP_250701\00000107\D4_DIM2.jpg,.jpg,1209,2025-10-27 15:34
IDS_9100_MAIN-TOP_250701,107,D0_C5.jpg,roi,C:\Users\PC4\Downloads\TUK_PCA\AOI\defect image\IDS_9100_MAIN-TOP_250701\00000107\D0_C5.jpg,.jpg,1348,2025-10-27 15:34
IDS_9100_MAIN-TOP_250701,108,D3_DIM1.jpg,roi,C:\Users\PC4\Downloads\TUK_PCA\AOI\defect image\IDS_9100_MAIN-TOP_250701\00000108\D3_DIM1.jpg,.jpg,1321,2025-10-27 15:45
IDS_9100_MAIN-TOP_250701,108,D3_DIM3.jpg,roi,C:\Users\PC4\Downloads\TUK_PCA\AOI\defect image\IDS_9100_MAIN-TOP_250701\00000108\D3_DIM3.jpg,.jpg,1293,2025-10-27 15:45
IDS_9100_MAIN-TOP_250701,108,D1_DIM1.jpg,roi,C:\Users\PC4\Downloads\TUK_PCA\AOI\defect image\IDS_9100_MAIN-TOP_250701\00000108\D1_DIM1.jpg,.jpg,1319,2025-10-27 15:45
IDS_9100_MAIN-TOP_250701,108,D1_DIM3.jpg,roi,C:\Users\PC4\Downloads\TUK_PCA\AOI\defect image\IDS_9100_MAIN-TOP_250701\00000108\D1_DIM3.jpg,.jpg,1259,2025-10-27 15:45
IDS_9100_MAIN-TOP_250701,108,D1_DIM4.jpg,roi,C:\Users\PC4\Downloads\TUK_PCA\AOI\defect image\IDS_9100_MAIN-TOP_250701\00000108\D1_DIM4.jpg,.jpg,1317,2025-10-27 15:45
IDS_9100_MAIN-TOP_250701,108,D0_DIM3.jpg,roi,C:\Users\PC4\Downloads\TUK_PCA\AOI\defect image\IDS_9100_MAIN-TOP_250701\00000108\D0_DIM3.jpg,.jpg,1268,2025-10-27 15:45
IDS_9100_MAIN-TOP_250701,109,D3_DIM2.jpg,roi,C:\Users\PC4\Downloads\TUK_PCA\AOI\defect image\IDS_9100_MAIN-TOP_250701\00000109\D3_DIM2.jpg,.jpg,1309,2025-10-27 15:47
IDS_9100_MAIN-TOP_250701,109,D0_U1.jpg,roi,C:\Users\PC4\Downloads\TUK_PCA\AOI\defect image\IDS_9100_MAIN-TOP_250701\00000109\D0_U1.jpg,.jpg,7530,2025-10-27 15:47
IDS_9100_MAIN-TOP_250701,109,D0_DIM4.jpg,roi,C:\Users\PC4\Downloads\TUK_PCA\AOI\defect image\IDS_9100_MAIN-TOP_250701\00000109\D0_DIM4.jpg,.jpg,1263,2025-10-27 15:47
IDS_9100_MAIN-TOP_250701,110,D4_F1.jpg,roi,C:\Users\PC4\Downloads\TUK_PCA\AOI\defect image\IDS_9100_MAIN-TOP_250701\00000110\D4_F1.jpg,.jpg,2451,2025-10-27 15:48
IDS_9100_MAIN-TOP_250701,110,D1_BAT2.jpg,roi,C:\Users\PC4\Downloads\TUK_PCA\AOI\defect image\IDS_9100_MAIN-TOP_250701\00000110\D1_BAT2.jpg,.jpg,1213,2025-10-27 15:48
IDS_9100_MAIN-TOP_250701,115,D1__BOD_0_.jpg,roi,C:\Users\PC4\Downloads\TUK_PCA\AOI\defect image\IDS_9100_MAIN-TOP_250701\00000115\D1__BOD_0_.jpg,.jpg,2115,2025-10-27 15:56
IDS_9100_MAIN-TOP_250701,122,G0_DIM1.jpg,roi,C:\Users\PC4\Downloads\TUK_PCA\AOI\defect image\IDS_9100_MAIN-TOP_250701\00000122\G0_DIM1.jpg,.jpg,1210,2025-10-27 16:01
IDS_9100_MAIN-TOP_250701,130,G0_DIM4.jpg,roi,C:\Users\PC4\Downloads\TUK_PCA\AOI\defect image\IDS_9100_MAIN-TOP_250701\00000130\G0_DIM4.jpg,.jpg,1145,2025-10-27 16:01
IDS_9100_MAIN-TOP_250701,118,D3_DIM3.jpg,roi,C:\Users\PC4\Downloads\TUK_PCA\AOI\defect image\IDS_9100_MAIN-TOP_250701\00000118\D3_DIM3.jpg,.jpg,1285,2025-10-27 16:04
IDS_9100_MAIN-TOP_250701,118,D4_DIM3.jpg,roi,C:\Users\PC4\Downloads\TUK_PCA\AOI\defect image\IDS_9100_MAIN-TOP_250701\00000118\D4_DIM3.jpg,.jpg,1262,2025-10-27 16:04
IDS_9100_MAIN-TOP_250701,121,G2_F1.jpg,roi,C:\Users\PC4\Downloads\TUK_PCA\AOI\defect image\IDS_9100_MAIN-TOP_250701\00000121\G2_F1.jpg,.jpg,2375,2025-10-27 16:09
IDS_9100_MAIN-TOP_250701,121,G0_F1.jpg,roi,C:\Users\PC4\Downloads\TUK_PCA\AOI\defect image\IDS_9100_MAIN-TOP_250701\00000121\G0_F1.jpg,.jpg,2322,2025-10-27 16:09
IDS_9100_MAIN-TOP_250701,127,G0_F1.jpg,roi,C:\Users\PC4\Downloads\TUK_PCA\AOI\defect image\IDS_9100_MAIN-TOP_250701\00000127\G0_F1.jpg,.jpg,2322,2025-10-27 16:09
IDS_9100_MAIN-TOP_250701,136,G0_F1.jpg,roi,C:\Users\PC4\Downloads\TUK_PCA\AOI\defect image\IDS_9100_MAIN-TOP_250701\00000136\G0_F1.jpg,.jpg,2322,2025-10-27 16:09
IDS_9100_MAIN-TOP_250701,121,D2_F1.jpg,roi,C:\Users\PC4\Downloads\TUK_PCA\AOI\defect image\IDS_9100_MAIN-TOP_250701\00000121\D2_F1.jpg,.jpg,2278,2025-10-27 16:11
IDS_9100_MAIN-TOP_250701,121,D0_F1.jpg,roi,C:\Users\PC4\Downloads\TUK_PCA\AOI\defect image\IDS_9100_MAIN-TOP_250701\00000121\D0_F1.jpg,.jpg,2351,2025-10-27 16:12
IDS_9100_MAIN-TOP_250701,121,D1_DIM4.jpg,roi,C:\Users\PC4\Downloads\TUK_PCA\AOI\defect image\IDS_9100_MAIN-TOP_250701\00000121\D1_DIM4.jpg,.jpg,1224,2025-10-27 16:12
IDS_9100_MAIN-TOP_250701,122,D0_DIM1.jpg,roi,C:\Users\PC4\Downloads\TUK_PCA\AOI\defect image\IDS_9100_MAIN-TOP_250701\00000122\D0_DIM1.jpg,.jpg,1207,2025-10-27 16:13
IDS_9100_MAIN-TOP_250701,123,D4_F1.jpg,roi,C:\Users\PC4\Downloads\TUK_PCA\AOI\defect image\IDS_9100_MAIN-TOP_250701\00000123\D4_F1.jpg,.jpg,2331,2025-10-27 16:14
IDS_9100_MAIN-TOP_250701,123,D3_DIM1.jpg,roi,C:\Users\PC4\Downloads\TUK_PCA\AOI\defect image\IDS_9100_MAIN-TOP_250701\00000123\D3_DIM1.jpg,.jpg,1207,2025-10-27 16:14
IDS_9100_MAIN-TOP_250701,125,D1_F1.jpg,roi,C:\Users\PC4\Downloads\TUK_PCA\AOI\defect image\IDS_9100_MAIN-TOP_250701\00000125\D1_F1.jpg,.jpg,2427,2025-10-27 16:16
IDS_9100_MAIN-TOP_250701,126,D4_UV.jpg,roi,C:\Users\PC4\Downloads\TUK_PCA\AOI\defect image\IDS_9100_MAIN-TOP_250701\00000126\D4_UV.jpg,.jpg,1138,2025-10-27 16:17
IDS_9100_MAIN-TOP_250701,127,D0_F1.jpg,roi,C:\Users\PC4\Downloads\TUK_PCA\AOI\defect image\IDS_9100_MAIN-TOP_250701\00000127\D0_F1.jpg,.jpg,2323,2025-10-27 16:19
IDS_9100_MAIN-TOP_250701,130,D4_Q2.jpg,roi,C:\Users\PC4\Downloads\TUK_PCA\AOI\defect image\IDS_9100_MAIN-TOP_250701\00000130\D4_Q2.jpg,.jpg,5363,2025-10-27 16:21
IDS_9100_MAIN-TOP_250701,130,D1_BAT3.jpg,roi,C:\Users\PC4\Downloads\TUK_PCA\AOI\defect image\IDS_9100_MAIN-TOP_250701\00000130\D1_BAT3.jpg,.jpg,1244,2025-10-27 16:21
IDS_9100_MAIN-TOP_250701,130,D0_DIM4.jpg,roi,C:\Users\PC4\Downloads\TUK_PCA\AOI\defect image\IDS_9100_MAIN-TOP_250701\00000130\D0_DIM4.jpg,.jpg,1234,2025-10-27 16:21
IDS_9100_MAIN-TOP_250701,136,D0_F1.jpg,roi,C:\Users\PC4\Downloads\TUK_PCA\AOI\defect image\IDS_9100_MAIN-TOP_250701\00000136\D0_F1.jpg,.jpg,2449,2025-10-27 16:24
IDS_9100_MAIN-TOP_250701,137,G0_F1.jpg,roi,C:\Users\PC4\Downloads\TUK_PCA\AOI\defect image\IDS_9100_MAIN-TOP_250701\00000137\G0_F1.jpg,.jpg,2357,2025-10-27 16:27
IDS_9100_MAIN-TOP_250701,139,G0_F1.jpg,roi,C:\Users\PC4\Downloads\TUK_PCA\AOI\defect image\IDS_9100_MAIN-TOP_250701\00000139\G0_F1.jpg,.jpg,2357,2025-10-27 16:27
IDS_9100_MAIN-TOP_250701,141,G0_F1.jpg,roi,C:\Users\PC4\Downloads\TUK_PCA\AOI\defect image\IDS_9100_MAIN-TOP_250701\00000141\G0_F1.jpg,.jpg,2357,2025-10-27 16:27
IDS_9100_MAIN-TOP_250701,141,G2_F1.jpg,roi,C:\Users\PC4\Downloads\TUK_PCA\AOI\defect image\IDS_9100_MAIN-TOP_250701\00000141\G2_F1.jpg,.jpg,2493,2025-10-27 16:27
IDS_9100_MAIN-TOP_250701,145,G3_Q2.jpg,roi,C:\Users\PC4\Downloads\TUK_PCA\AOI\defect image\IDS_9100_MAIN-TOP_250701\00000145\G3_Q2.jpg,.jpg,4921,2025-10-27 16:27
IDS_9100_MAIN-TOP_250701,149,G2_D1.jpg,roi,C:\Users\PC4\Downloads\TUK_PCA\AOI\defect image\IDS_9100_MAIN-TOP_250701\00000149\G2_D1.jpg,.jpg,8230,2025-10-27 16:27
IDS_9100_MAIN-TOP_250701,151,G1_F1.jpg,roi,C:\Users\PC4\Downloads\TUK_PCA\AOI\defect image\IDS_9100_MAIN-TOP_250701\00000151\G1_F1.jpg,.jpg,2328,2025-10-27 16:27
IDS_9100_MAIN-TOP_250701,154,G2_BAT3.jpg,roi,C:\Users\PC4\Downloads\TUK_PCA\AOI\defect image\IDS_9100_MAIN-TOP_250701\00000154\G2_BAT3.jpg,.jpg,1194,2025-10-27 16:27
IDS_9100_MAIN-TOP_250701,157,G4_Q2.jpg,roi,C:\Users\PC4\Downloads\TUK_PCA\AOI\defect image\IDS_9100_MAIN-TOP_250701\00000157\G4_Q2.jpg,.jpg,4953,2025-10-27 16:27
IDS_9100_MAIN-TOP_250701,160,G2_BAT1.jpg,roi,C:\Users\PC4\Downloads\TUK_PCA\AOI\defect image\IDS_9100_MAIN-TOP_250701\00000160\G2_BAT1.jpg,.jpg,1168,2025-10-27 16:27
IDS_9100_MAIN-TOP_250701,162,G0_BAT4.jpg,roi,C:\Users\PC4\Downloads\TUK_PCA\AOI\defect image\IDS_9100_MAIN-TOP_250701\00000162\G0_BAT4.jpg,.jpg,1199,2025-10-27 16:27
IDS_9100_MAIN-TOP_250701,164,G0_F1.jpg,roi,C:\Users\PC4\Downloads\TUK_PCA\AOI\defect image\IDS_9100_MAIN-TOP_250701\00000164\G0_F1.jpg,.jpg,2357,2025-10-27 16:27
IDS_9100_MAIN-TOP_250701,164,G0_Q2.jpg,roi,C:\Users\PC4\Downloads\TUK_PCA\AOI\defect image\IDS_9100_MAIN-TOP_250701\00000164\G0_Q2.jpg,.jpg,4763,2025-10-27 16:27
IDS_9100_MAIN-TOP_250701,165,G0_Q2.jpg,roi,C:\Users\PC4\Downloads\TUK_PCA\AOI\defect image\IDS_9100_MAIN-TOP_250701\00000165\G0_Q2.jpg,.jpg,4763,2025-10-27 16:27
IDS_9100_MAIN-TOP_250701,171,G1_BAT2.jpg,roi,C:\Users\PC4\Downloads\TUK_PCA\AOI\defect image\IDS_9100_MAIN-TOP_250701\00000171\G1_BAT2.jpg,.jpg,1213,2025-10-27 16:27
IDS_9100_MAIN-TOP_250701,174,G0_F1.jpg,roi,C:\Users\PC4\Downloads\TUK_PCA\AOI\defect image\IDS_9100_MAIN-TOP_250701\00000174\G0_F1.jpg,.jpg,2357,2025-10-27 16:27
IDS_9100_MAIN-TOP_250701,178,G4_R5.jpg,roi,C:\Users\PC4\Downloads\TUK_PCA\AOI\defect image\IDS_9100_MAIN-TOP_250701\00000178\G4_R5.jpg,.jpg,1283,2025-10-27 16:27
IDS_9100_MAIN-TOP_250701,188,G2_D1.jpg,roi,C:\Users\PC4\Downloads\TUK_PCA\AOI\defect image\IDS_9100_MAIN-TOP_250701\00000188\G2_D1.jpg,.jpg,8230,2025-10-27 16:27
IDS_9100_MAIN-TOP_250701,195,G0_F1.jpg,roi,C:\Users\PC4\Downloads\TUK_PCA\AOI\defect image\IDS_9100_MAIN-TOP_250701\00000195\G0_F1.jpg,.jpg,2357,2025-10-27 16:27
IDS_9100_MAIN-TOP_250701,216,G1_BAT1.jpg,roi,C:\Users\PC4\Downloads\TUK_PCA\AOI\defect image\IDS_9100_MAIN-TOP_250701\00000216\G1_BAT1.jpg,.jpg,1316,2025-10-27 16:27
IDS_9100_MAIN-TOP_250701,218,G2_DIM3.jpg,roi,C:\Users\PC4\Downloads\TUK_PCA\AOI\defect image\IDS_9100_MAIN-TOP_250701\00000218\G2_DIM3.jpg,.jpg,1126,2025-10-27 16:27
IDS_9100_MAIN-TOP_250701,225,G4_F1.jpg,roi,C:\Users\PC4\Downloads\TUK_PCA\AOI\defect image\IDS_9100_MAIN-TOP_250701\00000225\G4_F1.jpg,.jpg,2377,2025-10-27 16:27
IDS_9100_MAIN-TOP_250701,231,G0_DIM4.jpg,roi,C:\Users\PC4\Downloads\TUK_PCA\AOI\defect image\IDS_9100_MAIN-TOP_250701\00000231\G0_DIM4.jpg,.jpg,1141,2025-10-27 16:27
IDS_9100_MAIN-TOP_250701,231,G4_Q2.jpg,roi,C:\Users\PC4\Downloads\TUK_PCA\AOI\defect image\IDS_9100_MAIN-TOP_250701\00000231\G4_Q2.jpg,.jpg,4953,2025-10-27 16:27
IDS_9100_MAIN-TOP_250701,232,G0_F1.jpg,roi,C:\Users\PC4\Downloads\TUK_PCA\AOI\defect image\IDS_9100_MAIN-TOP_250701\00000232\G0_F1.jpg,.jpg,2357,2025-10-27 16:27
IDS_9100_MAIN-TOP_250701,235,G3_Q2.jpg,roi,C:\Users\PC4\Downloads\TUK_PCA\AOI\defect image\IDS_9100_MAIN-TOP_250701\00000235\G3_Q2.jpg,.jpg,4921,2025-10-27 16:27
IDS_9100_MAIN-TOP_250701,238,G1_Q2.jpg,roi,C:\Users\PC4\Downloads\TUK_PCA\AOI\defect image\IDS_9100_MAIN-TOP_250701\00000238\G1_Q2.jpg,.jpg,4863,2025-10-27 16:27
IDS_9100_MAIN-TOP_250701,239,G2_F1.jpg,roi,C:\Users\PC4\Downloads\TUK_PCA\AOI\defect image\IDS_9100_MAIN-TOP_250701\00000239\G2_F1.jpg,.jpg,2493,2025-10-27 16:27
IDS_9100_MAIN-TOP_250701,241,G0_R18.jpg,roi,C:\Users\PC4\Downloads\TUK_PCA\AOI\defect image\IDS_9100_MAIN-TOP_250701\00000241\G0_R18.jpg,.jpg,1241,2025-10-27 16:27
IDS_9100_MAIN-TOP_250701,242,G0_R23.jpg,roi,C:\Users\PC4\Downloads\TUK_PCA\AOI\defect image\IDS_9100_MAIN-TOP_250701\00000242\G0_R23.jpg,.jpg,1362,2025-10-27 16:27
IDS_9100_MAIN-TOP_250701,248,G3_F1.jpg,roi,C:\Users\PC4\Downloads\TUK_PCA\AOI\defect image\IDS_9100_MAIN-TOP_250701\00000248\G3_F1.jpg,.jpg,2408,2025-10-27 16:27
IDS_9100_MAIN-TOP_250701,248,G4_Q2.jpg,roi,C:\Users\PC4\Downloads\TUK_PCA\AOI\defect image\IDS_9100_MAIN-TOP_250701\00000248\G4_Q2.jpg,.jpg,4953,2025-10-27 16:27
IDS_9100_MAIN-TOP_250701,254,G1_F1.jpg,roi,C:\Users\PC4\Downloads\TUK_PCA\AOI\defect image\IDS_9100_MAIN-TOP_250701\00000254\G1_F1.jpg,.jpg,2328,2025-10-27 16:27
IDS_9100_MAIN-TOP_250701,265,G3_F1.jpg,roi,C:\Users\PC4\Downloads\TUK_PCA\AOI\defect image\IDS_9100_MAIN-TOP_250701\00000265\G3_F1.jpg,.jpg,2408,2025-10-27 16:27
IDS_9100_MAIN-TOP_250701,265,G4_Q2.jpg,roi,C:\Users\PC4\Downloads\TUK_PCA\AOI\defect image\IDS_9100_MAIN-TOP_250701\00000265\G4_Q2.jpg,.jpg,4953,2025-10-27 16:27
IDS_9100_MAIN-TOP_250701,342,G1_F1.jpg,roi,C:\Users\PC4\Downloads\TUK_PCA\AOI\defect image\IDS_9100_MAIN-TOP_250701\00000342\G1_F1.jpg,.jpg,2328,2025-10-27 16:27
IDS_9100_MAIN-TOP_250701,344,G4_Q2.jpg,roi,C:\Users\PC4\Downloads\TUK_PCA\AOI\defect image\IDS_9100_MAIN-TOP_250701\00000344\G4_Q2.jpg,.jpg,4953,2025-10-27 16:27
IDS_9100_MAIN-TOP_250701,350,G0_BD1.jpg,roi,C:\Users\PC4\Downloads\TUK_PCA\AOI\defect image\IDS_9100_MAIN-TOP_250701\00000350\G0_BD1.jpg,.jpg,14871,2025-10-27 16:27
IDS_9100_MAIN-TOP_250701,352,G3_F1.jpg,roi,C:\Users\PC4\Downloads\TUK_PCA\AOI\defect image\IDS_9100_MAIN-TOP_250701\00000352\G3_F1.jpg,.jpg,2408,2025-10-27 16:27
IDS_9100_MAIN-TOP_250701,354,G1_F1.jpg,roi,C:\Users\PC4\Downloads\TUK_PCA\AOI\defect image\IDS_9100_MAIN-TOP_250701\00000354\G1_F1.jpg,.jpg,2328,2025-10-27 16:27
IDS_9100_MAIN-TOP_250701,354,G2_C3.jpg,roi,C:\Users\PC4\Downloads\TUK_PCA\AOI\defect image\IDS_9100_MAIN-TOP_250701\00000354\G2_C3.jpg,.jpg,1494,2025-10-27 16:27
IDS_9100_MAIN-TOP_250701,357,G4_F1.jpg,roi,C:\Users\PC4\Downloads\TUK_PCA\AOI\defect image\IDS_9100_MAIN-TOP_250701\00000357\G4_F1.jpg,.jpg,2377,2025-10-27 16:27
IDS_9100_MAIN-TOP_250701,360,G0_F1.jpg,roi,C:\Users\PC4\Downloads\TUK_PCA\AOI\defect image\IDS_9100_MAIN-TOP_250701\00000360\G0_F1.jpg,.jpg,2357,2025-10-27 16:27
IDS_9100_MAIN-TOP_250701,361,G0_F1.jpg,roi,C:\Users\PC4\Downloads\TUK_PCA\AOI\defect image\IDS_9100_MAIN-TOP_250701\00000361\G0_F1.jpg,.jpg,2357,2025-10-27 16:27
IDS_9100_MAIN-TOP_250701,362,G0_F1.jpg,roi,C:\Users\PC4\Downloads\TUK_PCA\AOI\defect image\IDS_9100_MAIN-TOP_250701\00000362\G0_F1.jpg,.jpg,2357,2025-10-27 16:27
IDS_9100_MAIN-TOP_250701,365,G4_F1.jpg,roi,C:\Users\PC4\Downloads\TUK_PCA\AOI\defect image\IDS_9100_MAIN-TOP_250701\00000365\G4_F1.jpg,.jpg,2377,2025-10-27 16:27
IDS_9100_MAIN-TOP_250701,368,G2_R6.jpg,roi,C:\Users\PC4\Downloads\TUK_PCA\AOI\defect image\IDS_9100_MAIN-TOP_250701\00000368\G2_R6.jpg,.jpg,1331,2025-10-27 16:27
IDS_9100_MAIN-TOP_250701,369,G3_F1.jpg,roi,C:\Users\PC4\Downloads\TUK_PCA\AOI\defect image\IDS_9100_MAIN-TOP_250701\00000369\G3_F1.jpg,.jpg,2408,2025-10-27 16:27
IDS_9100_MAIN-TOP_250701,371,G0_F1.jpg,roi,C:\Users\PC4\Downloads\TUK_PCA\AOI\defect image\IDS_9100_MAIN-TOP_250701\00000371\G0_F1.jpg,.jpg,2357,2025-10-27 16:27
IDS_9100_MAIN-TOP_250701,382,G2_F1.jpg,roi,C:\Users\PC4\Downloads\TUK_PCA\AOI\defect image\IDS_9100_MAIN-TOP_250701\00000382\G2_F1.jpg,.jpg,2493,2025-10-27 16:27
IDS_9100_MAIN-TOP_250701,383,G1_F1.jpg,roi,C:\Users\PC4\Downloads\TUK_PCA\AOI\defect image\IDS_9100_MAIN-TOP_250701\00000383\G1_F1.jpg,.jpg,2328,2025-10-27 16:27
IDS_9100_MAIN-TOP_250701,391,G1_F1.jpg,roi,C:\Users\PC4\Downloads\TUK_PCA\AOI\defect image\IDS_9100_MAIN-TOP_250701\00000391\G1_F1.jpg,.jpg,2328,2025-10-27 16:27
IDS_9100_MAIN-TOP_250701,391,G3_Q2.jpg,roi,C:\Users\PC4\Downloads\TUK_PCA\AOI\defect image\IDS_9100_MAIN-TOP_250701\00000391\G3_Q2.jpg,.jpg,4921,2025-10-27 16:27
IDS_9100_MAIN-TOP_250701,392,G2_F1.jpg,roi,C:\Users\PC4\Downloads\TUK_PCA\AOI\defect image\IDS_9100_MAIN-TOP_250701\00000392\G2_F1.jpg,.jpg,2493,2025-10-27 16:27
IDS_9100_MAIN-TOP_250701,393,G1_Q2.jpg,roi,C:\Users\PC4\Downloads\TUK_PCA\AOI\defect image\IDS_9100_MAIN-TOP_250701\00000393\G1_Q2.jpg,.jpg,4863,2025-10-27 16:27
IDS_9100_MAIN-TOP_250701,394,G1_DIM4.jpg,roi,C:\Users\PC4\Downloads\TUK_PCA\AOI\defect image\IDS_9100_MAIN-TOP_250701\00000394\G1_DIM4.jpg,.jpg,1279,2025-10-27 16:27
IDS_9100_MAIN-TOP_250701,406,G1_F1.jpg,roi,C:\Users\PC4\Downloads\TUK_PCA\AOI\defect image\IDS_9100_MAIN-TOP_250701\00000406\G1_F1.jpg,.jpg,2328,2025-10-27 16:27
IDS_9100_MAIN-TOP_250701,410,G4_F1.jpg,roi,C:\Users\PC4\Downloads\TUK_PCA\AOI\defect image\IDS_9100_MAIN-TOP_250701\00000410\G4_F1.jpg,.jpg,2377,2025-10-27 16:27
IDS_9100_MAIN-TOP_250701,413,G4_Q2.jpg,roi,C:\Users\PC4\Downloads\TUK_PCA\AOI\defect image\IDS_9100_MAIN-TOP_250701\00000413\G4_Q2.jpg,.jpg,4953,2025-10-27 16:27
IDS_9100_MAIN-TOP_250701,414,G3_BD1.jpg,roi,C:\Users\PC4\Downloads\TUK_PCA\AOI\defect image\IDS_9100_MAIN-TOP_250701\00000414\G3_BD1.jpg,.jpg,14971,2025-10-27 16:27
IDS_9100_MAIN-TOP_250701,418,G3_F1.jpg,roi,C:\Users\PC4\Downloads\TUK_PCA\AOI\defect image\IDS_9100_MAIN-TOP_250701\00000418\G3_F1.jpg,.jpg,2408,2025-10-27 16:27
IDS_9100_MAIN-TOP_250701,143,G4_BZ1.jpg,roi,C:\Users\PC4\Downloads\TUK_PCA\AOI\defect image\IDS_9100_MAIN-TOP_250701\00000143\G4_BZ1.jpg,.jpg,9333,2025-10-27 16:27
IDS_9100_MAIN-TOP_250701,165,G2_Q2.jpg,roi,C:\Users\PC4\Downloads\TUK_PCA\AOI\defect image\IDS_9100_MAIN-TOP_250701\00000165\G2_Q2.jpg,.jpg,4966,2025-10-27 16:27
IDS_9100_MAIN-TOP_250701,169,G2_Q2.jpg,roi,C:\Users\PC4\Downloads\TUK_PCA\AOI\defect image\IDS_9100_MAIN-TOP_250701\00000169\G2_Q2.jpg,.jpg,4966,2025-10-27 16:27
IDS_9100_MAIN-TOP_250701,218,G2_Q2.jpg,roi,C:\Users\PC4\Downloads\TUK_PCA\AOI\defect image\IDS_9100_MAIN-TOP_250701\00000218\G2_Q2.jpg,.jpg,4966,2025-10-27 16:27
IDS_9100_MAIN-TOP_250701,229,G0_BZ1.jpg,roi,C:\Users\PC4\Downloads\TUK_PCA\AOI\defect image\IDS_9100_MAIN-TOP_250701\00000229\G0_BZ1.jpg,.jpg,9231,2025-10-27 16:27
IDS_9100_MAIN-TOP_250701,337,G4_BZ1.jpg,roi,C:\Users\PC4\Downloads\TUK_PCA\AOI\defect image\IDS_9100_MAIN-TOP_250701\00000337\G4_BZ1.jpg,.jpg,9333,2025-10-27 16:27
IDS_9100_MAIN-TOP_250701,344,G4_R20.jpg,roi,C:\Users\PC4\Downloads\TUK_PCA\AOI\defect image\IDS_9100_MAIN-TOP_250701\00000344\G4_R20.jpg,.jpg,1264,2025-10-27 16:27
IDS_9100_MAIN-TOP_250701,344,G4_R21.jpg,roi,C:\Users\PC4\Downloads\TUK_PCA\AOI\defect image\IDS_9100_MAIN-TOP_250701\00000344\G4_R21.jpg,.jpg,1269,2025-10-27 16:27
IDS_9100_MAIN-TOP_250701,373,G2_Q2.jpg,roi,C:\Users\PC4\Downloads\TUK_PCA\AOI\defect image\IDS_9100_MAIN-TOP_250701\00000373\G2_Q2.jpg,.jpg,4966,2025-10-27 16:27
IDS_9100_MAIN-TOP_250701,384,G2_BZ1.jpg,roi,C:\Users\PC4\Downloads\TUK_PCA\AOI\defect image\IDS_9100_MAIN-TOP_250701\00000384\G2_BZ1.jpg,.jpg,9995,2025-10-27 16:27
IDS_9100_MAIN-TOP_250701,392,G2_Q2.jpg,roi,C:\Users\PC4\Downloads\TUK_PCA\AOI\defect image\IDS_9100_MAIN-TOP_250701\00000392\G2_Q2.jpg,.jpg,4966,2025-10-27 16:27
IDS_9100_MAIN-TOP_250701,396,G2_Q2.jpg,roi,C:\Users\PC4\Downloads\TUK_PCA\AOI\defect image\IDS_9100_MAIN-TOP_250701\00000396\G2_Q2.jpg,.jpg,4966,2025-10-27 16:27
IDS_9100_MAIN-TOP_250701,401,G2_C20.jpg,roi,C:\Users\PC4\Downloads\TUK_PCA\AOI\defect image\IDS_9100_MAIN-TOP_250701\00000401\G2_C20.jpg,.jpg,1454,2025-10-27 16:27
IDS_9100_MAIN-TOP_250701,404,G2_BZ1.jpg,roi,C:\Users\PC4\Downloads\TUK_PCA\AOI\defect image\IDS_9100_MAIN-TOP_250701\00000404\G2_BZ1.jpg,.jpg,9995,2025-10-27 16:27
IDS_9100_MAIN-TOP_250701,416,G2_PP.jpg,roi,C:\Users\PC4\Downloads\TUK_PCA\AOI\defect image\IDS_9100_MAIN-TOP_250701\00000416\G2_PP.jpg,.jpg,1293,2025-10-27 16:27
IDS_9100_MAIN-TOP_250701,137,D0_F1.jpg,roi,C:\Users\PC4\Downloads\TUK_PCA\AOI\defect image\IDS_9100_MAIN-TOP_250701\00000137\D0_F1.jpg,.jpg,2402,2025-10-27 16:33
IDS_9100_MAIN-TOP_250701,139,D0_F1.jpg,roi,C:\Users\PC4\Downloads\TUK_PCA\AOI\defect image\IDS_9100_MAIN-TOP_250701\00000139\D0_F1.jpg,.jpg,2435,2025-10-27 16:34
IDS_9100_MAIN-TOP_250701,141,D2_F1.jpg,roi,C:\Users\PC4\Downloads\TUK_PCA\AOI\defect image\IDS_9100_MAIN-TOP_250701\00000141\D2_F1.jpg,.jpg,2374,2025-10-27 16:35
IDS_9100_MAIN-TOP_250701,141,D0_F1.jpg,roi,C:\Users\PC4\Downloads\TUK_PCA\AOI\defect image\IDS_9100_MAIN-TOP_250701\00000141\D0_F1.jpg,.jpg,2393,2025-10-27 16:35
IDS_9100_MAIN-TOP_250701,143,D4_BZ1.jpg,roi,C:\Users\PC4\Downloads\TUK_PCA\AOI\defect image\IDS_9100_MAIN-TOP_250701\00000143\D4_BZ1.jpg,.jpg,9844,2025-10-27 16:36
IDS_9100_MAIN-TOP_250701,145,D3_Q2.jpg,roi,C:\Users\PC4\Downloads\TUK_PCA\AOI\defect image\IDS_9100_MAIN-TOP_250701\00000145\D3_Q2.jpg,.jpg,5197,2025-10-27 16:37
IDS_9100_MAIN-TOP_250701,149,D2_D1.jpg,roi,C:\Users\PC4\Downloads\TUK_PCA\AOI\defect image\IDS_9100_MAIN-TOP_250701\00000149\D2_D1.jpg,.jpg,8002,2025-10-27 16:40
IDS_9100_MAIN-TOP_250701,151,D1_F1.jpg,roi,C:\Users\PC4\Downloads\TUK_PCA\AOI\defect image\IDS_9100_MAIN-TOP_250701\00000151\D1_F1.jpg,.jpg,2392,2025-10-27 16:41
IDS_9100_MAIN-TOP_250701,154,D2_BAT3.jpg,roi,C:\Users\PC4\Downloads\TUK_PCA\AOI\defect image\IDS_9100_MAIN-TOP_250701\00000154\D2_BAT3.jpg,.jpg,1165,2025-10-27 16:43
IDS_9100_MAIN-TOP_250701,157,D4_Q2.jpg,roi,C:\Users\PC4\Downloads\TUK_PCA\AOI\defect image\IDS_9100_MAIN-TOP_250701\00000157\D4_Q2.jpg,.jpg,5242,2025-10-27 16:45
IDS_9100_MAIN-TOP_250701,160,D2_BAT1.jpg,roi,C:\Users\PC4\Downloads\TUK_PCA\AOI\defect image\IDS_9100_MAIN-TOP_250701\00000160\D2_BAT1.jpg,.jpg,1158,2025-10-27 16:47
IDS_9100_MAIN-TOP_250701,162,D0_BAT4.jpg,roi,C:\Users\PC4\Downloads\TUK_PCA\AOI\defect image\IDS_9100_MAIN-TOP_250701\00000162\D0_BAT4.jpg,.jpg,1241,2025-10-27 16:48
IDS_9100_MAIN-TOP_250701,164,D0_F1.jpg,roi,C:\Users\PC4\Downloads\TUK_PCA\AOI\defect image\IDS_9100_MAIN-TOP_250701\00000164\D0_F1.jpg,.jpg,2394,2025-10-27 16:49
IDS_9100_MAIN-TOP_250701,164,D0_Q2.jpg,roi,C:\Users\PC4\Downloads\TUK_PCA\AOI\defect image\IDS_9100_MAIN-TOP_250701\00000164\D0_Q2.jpg,.jpg,5360,2025-10-27 16:49
IDS_9100_MAIN-TOP_250701,165,D2_Q2.jpg,roi,C:\Users\PC4\Downloads\TUK_PCA\AOI\defect image\IDS_9100_MAIN-TOP_250701\00000165\D2_Q2.jpg,.jpg,5356,2025-10-27 16:50
IDS_9100_MAIN-TOP_250701,165,D0_Q2.jpg,roi,C:\Users\PC4\Downloads\TUK_PCA\AOI\defect image\IDS_9100_MAIN-TOP_250701\00000165\D0_Q2.jpg,.jpg,5287,2025-10-27 16:50
IDS_9100_MAIN-TOP_250701,169,D2_Q2.jpg,roi,C:\Users\PC4\Downloads\TUK_PCA\AOI\defect image\IDS_9100_MAIN-TOP_250701\00000169\D2_Q2.jpg,.jpg,5234,2025-10-27 16:52
IDS_9100_MAIN-TOP_250701,171,D1_BAT2.jpg,roi,C:\Users\PC4\Downloads\TUK_PCA\AOI\defect image\IDS_9100_MAIN-TOP_250701\00000171\D1_BAT2.jpg,.jpg,1214,2025-10-27 16:58
IDS_9100_MAIN-TOP_250701,174,D0_F1.jpg,roi,C:\Users\PC4\Downloads\TUK_PCA\AOI\defect image\IDS_9100_MAIN-TOP_250701\00000174\D0_F1.jpg,.jpg,2416,2025-10-27 17:00
IDS_9100_MAIN-TOP_250701,178,D4_R5.jpg,roi,C:\Users\PC4\Downloads\TUK_PCA\AOI\defect image\IDS_9100_MAIN-TOP_250701\00000178\D4_R5.jpg,.jpg,1291,2025-10-27 17:12
IDS_9100_MAIN-TOP_250701,188,D2_D1.jpg,roi,C:\Users\PC4\Downloads\TUK_PCA\AOI\defect image\IDS_9100_MAIN-TOP_250701\00000188\D2_D1.jpg,.jpg,8198,2025-10-27 17:20
IDS_9100_MAIN-TOP_250701,195,D0_F1.jpg,roi,C:\Users\PC4\Downloads\TUK_PCA\AOI\defect image\IDS_9100_MAIN-TOP_250701\00000195\D0_F1.jpg,.jpg,2401,2025-10-27 17:25
IDS_9100_MAIN-TOP_250701,216,D1_BAT1.jpg,roi,C:\Users\PC4\Downloads\TUK_PCA\AOI\defect image\IDS_9100_MAIN-TOP_250701\00000216\D1_BAT1.jpg,.jpg,1167,2025-10-28 9:29
IDS_9100_MAIN-TOP_250701,218,D2_DIM3.jpg,roi,C:\Users\PC4\Downloads\TUK_PCA\AOI\defect image\IDS_9100_MAIN-TOP_250701\00000218\D2_DIM3.jpg,.jpg,1276,2025-10-28 9:31
IDS_9100_MAIN-TOP_250701,218,D2_Q2.jpg,roi,C:\Users\PC4\Downloads\TUK_PCA\AOI\defect image\IDS_9100_MAIN-TOP_250701\00000218\D2_Q2.jpg,.jpg,5265,2025-10-28 9:31
IDS_9100_MAIN-TOP_250701,225,D4_F1.jpg,roi,C:\Users\PC4\Downloads\TUK_PCA\AOI\defect image\IDS_9100_MAIN-TOP_250701\00000225\D4_F1.jpg,.jpg,2382,2025-10-28 9:35
IDS_9100_MAIN-TOP_250701,229,D0_BZ1.jpg,roi,C:\Users\PC4\Downloads\TUK_PCA\AOI\defect image\IDS_9100_MAIN-TOP_250701\00000229\D0_BZ1.jpg,.jpg,9325,2025-10-28 9:52
IDS_9100_MAIN-TOP_250701,231,D4_Q2.jpg,roi,C:\Users\PC4\Downloads\TUK_PCA\AOI\defect image\IDS_9100_MAIN-TOP_250701\00000231\D4_Q2.jpg,.jpg,5440,2025-10-28 9:54
IDS_9100_MAIN-TOP_250701,231,D0_DIM4.jpg,roi,C:\Users\PC4\Downloads\TUK_PCA\AOI\defect image\IDS_9100_MAIN-TOP_250701\00000231\D0_DIM4.jpg,.jpg,1228,2025-10-28 9:54
IDS_9100_MAIN-TOP_250701,232,D0_F1.jpg,roi,C:\Users\PC4\Downloads\TUK_PCA\AOI\defect image\IDS_9100_MAIN-TOP_250701\00000232\D0_F1.jpg,.jpg,2589,2025-10-28 9:54
IDS_9100_MAIN-TOP_250701,235,D3_Q2.jpg,roi,C:\Users\PC4\Downloads\TUK_PCA\AOI\defect image\IDS_9100_MAIN-TOP_250701\00000235\D3_Q2.jpg,.jpg,5330,2025-10-28 9:56
IDS_9100_MAIN-TOP_250701,238,D1_Q2.jpg,roi,C:\Users\PC4\Downloads\TUK_PCA\AOI\defect image\IDS_9100_MAIN-TOP_250701\00000238\D1_Q2.jpg,.jpg,5266,2025-10-28 9:57
IDS_9100_MAIN-TOP_250701,239,D2_F1.jpg,roi,C:\Users\PC4\Downloads\TUK_PCA\AOI\defect image\IDS_9100_MAIN-TOP_250701\00000239\D2_F1.jpg,.jpg,2632,2025-10-28 9:58
IDS_9100_MAIN-TOP_250701,241,D0_R18.jpg,roi,C:\Users\PC4\Downloads\TUK_PCA\AOI\defect image\IDS_9100_MAIN-TOP_250701\00000241\D0_R18.jpg,.jpg,1294,2025-10-28 9:59
IDS_9100_MAIN-TOP_250701,242,D0_R23.jpg,roi,C:\Users\PC4\Downloads\TUK_PCA\AOI\defect image\IDS_9100_MAIN-TOP_250701\00000242\D0_R23.jpg,.jpg,1389,2025-10-28 10:00
IDS_9100_MAIN-TOP_250701,248,D4_Q2.jpg,roi,C:\Users\PC4\Downloads\TUK_PCA\AOI\defect image\IDS_9100_MAIN-TOP_250701\00000248\D4_Q2.jpg,.jpg,5491,2025-10-28 10:07
IDS_9100_MAIN-TOP_250701,248,D3_F1.jpg,roi,C:\Users\PC4\Downloads\TUK_PCA\AOI\defect image\IDS_9100_MAIN-TOP_250701\00000248\D3_F1.jpg,.jpg,2620,2025-10-28 10:07
IDS_9100_MAIN-TOP_250701,254,D1_F1.jpg,roi,C:\Users\PC4\Downloads\TUK_PCA\AOI\defect image\IDS_9100_MAIN-TOP_250701\00000254\D1_F1.jpg,.jpg,2466,2025-10-28 10:11
IDS_9100_MAIN-TOP_250701,265,D4_Q2.jpg,roi,C:\Users\PC4\Downloads\TUK_PCA\AOI\defect image\IDS_9100_MAIN-TOP_250701\00000265\D4_Q2.jpg,.jpg,5315,2025-10-28 10:17
IDS_9100_MAIN-TOP_250701,265,D3_F1.jpg,roi,C:\Users\PC4\Downloads\TUK_PCA\AOI\defect image\IDS_9100_MAIN-TOP_250701\00000265\D3_F1.jpg,.jpg,2237,2025-10-28 10:17
IDS_9100_MAIN-TOP_250701,337,D4_BZ1.jpg,roi,C:\Users\PC4\Downloads\TUK_PCA\AOI\defect image\IDS_9100_MAIN-TOP_250701\00000337\D4_BZ1.jpg,.jpg,9731,2025-10-28 11:02
IDS_9100_MAIN-TOP_250701,342,D1_F1.jpg,roi,C:\Users\PC4\Downloads\TUK_PCA\AOI\defect image\IDS_9100_MAIN-TOP_250701\00000342\D1_F1.jpg,.jpg,2428,2025-10-28 11:04
IDS_9100_MAIN-TOP_250701,344,D4_Q2.jpg,roi,C:\Users\PC4\Downloads\TUK_PCA\AOI\defect image\IDS_9100_MAIN-TOP_250701\00000344\D4_Q2.jpg,.jpg,5069,2025-10-28 11:05
IDS_9100_MAIN-TOP_250701,344,D4_R20.jpg,roi,C:\Users\PC4\Downloads\TUK_PCA\AOI\defect image\IDS_9100_MAIN-TOP_250701\00000344\D4_R20.jpg,.jpg,1550,2025-10-28 11:05
IDS_9100_MAIN-TOP_250701,344,D4_R21.jpg,roi,C:\Users\PC4\Downloads\TUK_PCA\AOI\defect image\IDS_9100_MAIN-TOP_250701\00000344\D4_R21.jpg,.jpg,1515,2025-10-28 11:05
IDS_9100_MAIN-TOP_250701,350,D0_BD1.jpg,roi,C:\Users\PC4\Downloads\TUK_PCA\AOI\defect image\IDS_9100_MAIN-TOP_250701\00000350\D0_BD1.jpg,.jpg,15137,2025-10-28 11:09
IDS_9100_MAIN-TOP_250701,352,D3_F1.jpg,roi,C:\Users\PC4\Downloads\TUK_PCA\AOI\defect image\IDS_9100_MAIN-TOP_250701\00000352\D3_F1.jpg,.jpg,2318,2025-10-28 11:10
IDS_9100_MAIN-TOP_250701,354,D2_C3.jpg,roi,C:\Users\PC4\Downloads\TUK_PCA\AOI\defect image\IDS_9100_MAIN-TOP_250701\00000354\D2_C3.jpg,.jpg,1545,2025-10-28 11:12
IDS_9100_MAIN-TOP_250701,354,D1_F1.jpg,roi,C:\Users\PC4\Downloads\TUK_PCA\AOI\defect image\IDS_9100_MAIN-TOP_250701\00000354\D1_F1.jpg,.jpg,2339,2025-10-28 11:12
IDS_9100_MAIN-TOP_250701,357,D4_F1.jpg,roi,C:\Users\PC4\Downloads\TUK_PCA\AOI\defect image\IDS_9100_MAIN-TOP_250701\00000357\D4_F1.jpg,.jpg,2562,2025-10-28 11:14
IDS_9100_MAIN-TOP_250701,360,D0_F1.jpg,roi,C:\Users\PC4\Downloads\TUK_PCA\AOI\defect image\IDS_9100_MAIN-TOP_250701\00000360\D0_F1.jpg,.jpg,2294,2025-10-28 11:16
IDS_9100_MAIN-TOP_250701,361,D0_F1.jpg,roi,C:\Users\PC4\Downloads\TUK_PCA\AOI\defect image\IDS_9100_MAIN-TOP_250701\00000361\D0_F1.jpg,.jpg,2606,2025-10-28 11:17
IDS_9100_MAIN-TOP_250701,362,D0_F1.jpg,roi,C:\Users\PC4\Downloads\TUK_PCA\AOI\defect image\IDS_9100_MAIN-TOP_250701\00000362\D0_F1.jpg,.jpg,2430,2025-10-28 11:18
IDS_9100_MAIN-TOP_250701,365,D4_F1.jpg,roi,C:\Users\PC4\Downloads\TUK_PCA\AOI\defect image\IDS_9100_MAIN-TOP_250701\00000365\D4_F1.jpg,.jpg,2394,2025-10-28 12:01
IDS_9100_MAIN-TOP_250701,368,D2_R6.jpg,roi,C:\Users\PC4\Downloads\TUK_PCA\AOI\defect image\IDS_9100_MAIN-TOP_250701\00000368\D2_R6.jpg,.jpg,1444,2025-10-28 12:02
IDS_9100_MAIN-TOP_250701,369,D3_F1.jpg,roi,C:\Users\PC4\Downloads\TUK_PCA\AOI\defect image\IDS_9100_MAIN-TOP_250701\00000369\D3_F1.jpg,.jpg,2464,2025-10-28 12:03
IDS_9100_MAIN-TOP_250701,371,D0_F1.jpg,roi,C:\Users\PC4\Downloads\TUK_PCA\AOI\defect image\IDS_9100_MAIN-TOP_250701\00000371\D0_F1.jpg,.jpg,2418,2025-10-28 12:04
IDS_9100_MAIN-TOP_250701,373,D2_Q2.jpg,roi,C:\Users\PC4\Downloads\TUK_PCA\AOI\defect image\IDS_9100_MAIN-TOP_250701\00000373\D2_Q2.jpg,.jpg,5161,2025-10-28 12:05
IDS_9100_MAIN-TOP_250701,382,D2_F1.jpg,roi,C:\Users\PC4\Downloads\TUK_PCA\AOI\defect image\IDS_9100_MAIN-TOP_250701\00000382\D2_F1.jpg,.jpg,2427,2025-10-28 12:09
IDS_9100_MAIN-TOP_250701,383,D1_F1.jpg,roi,C:\Users\PC4\Downloads\TUK_PCA\AOI\defect image\IDS_9100_MAIN-TOP_250701\00000383\D1_F1.jpg,.jpg,2451,2025-10-28 12:10
IDS_9100_MAIN-TOP_250701,384,D2_BZ1.jpg,roi,C:\Users\PC4\Downloads\TUK_PCA\AOI\defect image\IDS_9100_MAIN-TOP_250701\00000384\D2_BZ1.jpg,.jpg,9550,2025-10-28 12:11
IDS_9100_MAIN-TOP_250701,391,D3_Q2.jpg,roi,C:\Users\PC4\Downloads\TUK_PCA\AOI\defect image\IDS_9100_MAIN-TOP_250701\00000391\D3_Q2.jpg,.jpg,5209,2025-10-28 12:15
IDS_9100_MAIN-TOP_250701,391,D1_F1.jpg,roi,C:\Users\PC4\Downloads\TUK_PCA\AOI\defect image\IDS_9100_MAIN-TOP_250701\00000391\D1_F1.jpg,.jpg,2387,2025-10-28 12:15
IDS_9100_MAIN-TOP_250701,392,D2_F1.jpg,roi,C:\Users\PC4\Downloads\TUK_PCA\AOI\defect image\IDS_9100_MAIN-TOP_250701\00000392\D2_F1.jpg,.jpg,2396,2025-10-28 12:16
IDS_9100_MAIN-TOP_250701,392,D2_Q2.jpg,roi,C:\Users\PC4\Downloads\TUK_PCA\AOI\defect image\IDS_9100_MAIN-TOP_250701\00000392\D2_Q2.jpg,.jpg,5136,2025-10-28 12:16
IDS_9100_MAIN-TOP_250701,393,D1_Q2.jpg,roi,C:\Users\PC4\Downloads\TUK_PCA\AOI\defect image\IDS_9100_MAIN-TOP_250701\00000393\D1_Q2.jpg,.jpg,5452,2025-10-28 12:17
IDS_9100_MAIN-TOP_250701,394,D1_DIM4.jpg,roi,C:\Users\PC4\Downloads\TUK_PCA\AOI\defect image\IDS_9100_MAIN-TOP_250701\00000394\D1_DIM4.jpg,.jpg,1241,2025-10-28 12:18
IDS_9100_MAIN-TOP_250701,396,D2_Q2.jpg,roi,C:\Users\PC4\Downloads\TUK_PCA\AOI\defect image\IDS_9100_MAIN-TOP_250701\00000396\D2_Q2.jpg,.jpg,5312,2025-10-28 12:19
IDS_9100_MAIN-TOP_250701,401,D2_C20.jpg,roi,C:\Users\PC4\Downloads\TUK_PCA\AOI\defect image\IDS_9100_MAIN-TOP_250701\00000401\D2_C20.jpg,.jpg,1343,2025-10-28 12:25
IDS_9100_MAIN-TOP_250701,404,D2_BZ1.jpg,roi,C:\Users\PC4\Downloads\TUK_PCA\AOI\defect image\IDS_9100_MAIN-TOP_250701\00000404\D2_BZ1.jpg,.jpg,9593,2025-10-28 12:27
IDS_9100_MAIN-TOP_250701,406,D1_F1.jpg,roi,C:\Users\PC4\Downloads\TUK_PCA\AOI\defect image\IDS_9100_MAIN-TOP_250701\00000406\D1_F1.jpg,.jpg,2388,2025-10-28 12:28
IDS_9100_MAIN-TOP_250701,410,D4_F1.jpg,roi,C:\Users\PC4\Downloads\TUK_PCA\AOI\defect image\IDS_9100_MAIN-TOP_250701\00000410\D4_F1.jpg,.jpg,2521,2025-10-28 12:30
IDS_9100_MAIN-TOP_250701,413,D4_Q2.jpg,roi,C:\Users\PC4\Downloads\TUK_PCA\AOI\defect image\IDS_9100_MAIN-TOP_250701\00000413\D4_Q2.jpg,.jpg,5078,2025-10-28 12:32
IDS_9100_MAIN-TOP_250701,414,D3_BD1.jpg,roi,C:\Users\PC4\Downloads\TUK_PCA\AOI\defect image\IDS_9100_MAIN-TOP_250701\00000414\D3_BD1.jpg,.jpg,15298,2025-10-28 12:33
IDS_9100_MAIN-TOP_250701,416,D2_PP.jpg,roi,C:\Users\PC4\Downloads\TUK_PCA\AOI\defect image\IDS_9100_MAIN-TOP_250701\00000416\D2_PP.jpg,.jpg,1401,2025-10-28 12:34
IDS_9100_MAIN-TOP_250701,418,D3_F1.jpg,roi,C:\Users\PC4\Downloads\TUK_PCA\AOI\defect image\IDS_9100_MAIN-TOP_250701\00000418\D3_F1.jpg,.jpg,2591,2025-10-28 12:36
IDS_9100_MAIN-BOT_250701,103,G0_U6.jpg,roi,C:\Users\PC4\Downloads\TUK_PCA\AOI\defect image\IDS_9100_MAIN-BOT_250701\00000103\G0_U6.jpg,.jpg,21324,2025-10-28 13:18
IDS_9100_MAIN-BOT_250701,103,G2_CON1.jpg,roi,C:\Users\PC4\Downloads\TUK_PCA\AOI\defect image\IDS_9100_MAIN-BOT_250701\00000103\G2_CON1.jpg,.jpg,23603,2025-10-28 13:18
IDS_9100_MAIN-BOT_250701,103,G2_U6.jpg,roi,C:\Users\PC4\Downloads\TUK_PCA\AOI\defect image\IDS_9100_MAIN-BOT_250701\00000103\G2_U6.jpg,.jpg,20550,2025-10-28 13:18
IDS_9100_MAIN-BOT_250701,107,G0_R1.jpg,roi,C:\Users\PC4\Downloads\TUK_PCA\AOI\defect image\IDS_9100_MAIN-BOT_250701\00000107\G0_R1.jpg,.jpg,1331,2025-10-28 13:18
IDS_9100_MAIN-BOT_250701,109,G0_CON1.jpg,roi,C:\Users\PC4\Downloads\TUK_PCA\AOI\defect image\IDS_9100_MAIN-BOT_250701\00000109\G0_CON1.jpg,.jpg,25481,2025-10-28 13:18
IDS_9100_MAIN-BOT_250701,111,G0_U6.jpg,roi,C:\Users\PC4\Downloads\TUK_PCA\AOI\defect image\IDS_9100_MAIN-BOT_250701\00000111\G0_U6.jpg,.jpg,21324,2025-10-28 13:18
IDS_9100_MAIN-BOT_250701,111,G1_U6.jpg,roi,C:\Users\PC4\Downloads\TUK_PCA\AOI\defect image\IDS_9100_MAIN-BOT_250701\00000111\G1_U6.jpg,.jpg,20540,2025-10-28 13:18
IDS_9100_MAIN-BOT_250701,111,G2_TVS1.jpg,roi,C:\Users\PC4\Downloads\TUK_PCA\AOI\defect image\IDS_9100_MAIN-BOT_250701\00000111\G2_TVS1.jpg,.jpg,1633,2025-10-28 13:18
IDS_9100_MAIN-BOT_250701,114,G1_TVS1.jpg,roi,C:\Users\PC4\Downloads\TUK_PCA\AOI\defect image\IDS_9100_MAIN-BOT_250701\00000114\G1_TVS1.jpg,.jpg,1660,2025-10-28 13:18
IDS_9100_MAIN-BOT_250701,114,G2_U6.jpg,roi,C:\Users\PC4\Downloads\TUK_PCA\AOI\defect image\IDS_9100_MAIN-BOT_250701\00000114\G2_U6.jpg,.jpg,20550,2025-10-28 13:18
IDS_9100_MAIN-BOT_250701,103,D0_U6.jpg,roi,C:\Users\PC4\Downloads\TUK_PCA\AOI\defect image\IDS_9100_MAIN-BOT_250701\00000103\D0_U6.jpg,.jpg,21796,2025-10-28 13:18
IDS_9100_MAIN-BOT_250701,103,D2_CON1.jpg,roi,C:\Users\PC4\Downloads\TUK_PCA\AOI\defect image\IDS_9100_MAIN-BOT_250701\00000103\D2_CON1.jpg,.jpg,23935,2025-10-28 13:18
IDS_9100_MAIN-BOT_250701,103,D2_U6.jpg,roi,C:\Users\PC4\Downloads\TUK_PCA\AOI\defect image\IDS_9100_MAIN-BOT_250701\00000103\D2_U6.jpg,.jpg,21137,2025-10-28 13:18
IDS_9100_MAIN-BOT_250701,107,D0_R1.jpg,roi,C:\Users\PC4\Downloads\TUK_PCA\AOI\defect image\IDS_9100_MAIN-BOT_250701\00000107\D0_R1.jpg,.jpg,1321,2025-10-28 13:20
IDS_9100_MAIN-BOT_250701,109,D0_CON1.jpg,roi,C:\Users\PC4\Downloads\TUK_PCA\AOI\defect image\IDS_9100_MAIN-BOT_250701\00000109\D0_CON1.jpg,.jpg,24078,2025-10-28 13:24
IDS_9100_MAIN-BOT_250701,111,D0_U6.jpg,roi,C:\Users\PC4\Downloads\TUK_PCA\AOI\defect image\IDS_9100_MAIN-BOT_250701\00000111\D0_U6.jpg,.jpg,22394,2025-10-28 13:25
IDS_9100_MAIN-BOT_250701,111,D1_U6.jpg,roi,C:\Users\PC4\Downloads\TUK_PCA\AOI\defect image\IDS_9100_MAIN-BOT_250701\00000111\D1_U6.jpg,.jpg,22267,2025-10-28 13:25
IDS_9100_MAIN-BOT_250701,111,D2_TVS1.jpg,roi,C:\Users\PC4\Downloads\TUK_PCA\AOI\defect image\IDS_9100_MAIN-BOT_250701\00000111\D2_TVS1.jpg,.jpg,1607,2025-10-28 13:25
IDS_9100_MAIN-BOT_250701,114,D1_TVS1.jpg,roi,C:\Users\PC4\Downloads\TUK_PCA\AOI\defect image\IDS_9100_MAIN-BOT_250701\00000114\D1_TVS1.jpg,.jpg,1617,2025-10-28 13:31
IDS_9100_MAIN-BOT_250701,114,D2_U6.jpg,roi,C:\Users\PC4\Downloads\TUK_PCA\AOI\defect image\IDS_9100_MAIN-BOT_250701\00000114\D2_U6.jpg,.jpg,21361,2025-10-28 13:31
IDS_9100_SUB-BOT,6,G6_J5.jpg,roi,C:\Users\PC4\Downloads\TUK_PCA\AOI\defect image\IDS_9100_SUB-BOT\00000006\G6_J5.jpg,.jpg,13793,2025-10-28 16:08
IDS_9100_SUB-BOT,7,G6_J5.jpg,roi,C:\Users\PC4\Downloads\TUK_PCA\AOI\defect image\IDS_9100_SUB-BOT\00000007\G6_J5.jpg,.jpg,13793,2025-10-28 16:08
IDS_9100_SUB-BOT,25,G4_J5.jpg,roi,C:\Users\PC4\Downloads\TUK_PCA\AOI\defect image\IDS_9100_SUB-BOT\00000025\G4_J5.jpg,.jpg,13759,2025-10-28 16:08
IDS_9100_SUB-BOT,128,G7_J5.jpg,roi,C:\Users\PC4\Downloads\TUK_PCA\AOI\defect image\IDS_9100_SUB-BOT\00000128\G7_J5.jpg,.jpg,13671,2025-10-28 16:08
IDS_9100_SUB-BOT,131,G1_J5.jpg,roi,C:\Users\PC4\Downloads\TUK_PCA\AOI\defect image\IDS_9100_SUB-BOT\00000131\G1_J5.jpg,.jpg,13859,2025-10-28 16:08
IDS_9100_SUB-BOT,132,G0_J5.jpg,roi,C:\Users\PC4\Downloads\TUK_PCA\AOI\defect image\IDS_9100_SUB-BOT\00000132\G0_J5.jpg,.jpg,13281,2025-10-28 16:08
IDS_9100_SUB-BOT,6,D6_J5.jpg,roi,C:\Users\PC4\Downloads\TUK_PCA\AOI\defect image\IDS_9100_SUB-BOT\00000006\D6_J5.jpg,.jpg,12865,2025-10-28 16:09
IDS_9100_SUB-BOT,7,D6_J5.jpg,roi,C:\Users\PC4\Downloads\TUK_PCA\AOI\defect image\IDS_9100_SUB-BOT\00000007\D6_J5.jpg,.jpg,13389,2025-10-28 16:10
IDS_9100_SUB-BOT,25,D4_J5.jpg,roi,C:\Users\PC4\Downloads\TUK_PCA\AOI\defect image\IDS_9100_SUB-BOT\00000025\D4_J5.jpg,.jpg,11473,2025-10-28 16:27
IDS_9100_SUB-BOT,128,D7_J5.jpg,roi,C:\Users\PC4\Downloads\TUK_PCA\AOI\defect image\IDS_9100_SUB-BOT\00000128\D7_J5.jpg,.jpg,11276,2025-10-28 17:19
IDS_9100_SUB-BOT,131,D1_J5.jpg,roi,C:\Users\PC4\Downloads\TUK_PCA\AOI\defect image\IDS_9100_SUB-BOT\00000131\D1_J5.jpg,.jpg,10937,2025-10-28 17:20
IDS_9100_SUB-BOT,132,D0_J5.jpg,roi,C:\Users\PC4\Downloads\TUK_PCA\AOI\defect image\IDS_9100_SUB-BOT\00000132\D0_J5.jpg,.jpg,11168,2025-10-28 17:21
IDS_9100_SUB-TOP_251028,1,G0_L1.jpg,roi,C:\Users\PC4\Downloads\TUK_PCA\AOI\defect image\IDS_9100_SUB-TOP_251028\00000001\G0_L1.jpg,.jpg,13139,2025-10-29 9:05
IDS_9100_SUB-TOP_251028,6,G3_C10.jpg,roi,C:\Users\PC4\Downloads\TUK_PCA\AOI\defect image\IDS_9100_SUB-TOP_251028\00000006\G3_C10.jpg,.jpg,1287,2025-10-29 9:05
IDS_9100_SUB-TOP_251028,1,G0_L2.jpg,roi,C:\Users\PC4\Downloads\TUK_PCA\AOI\defect image\IDS_9100_SUB-TOP_251028\00000001\G0_L2.jpg,.jpg,13644,2025-10-29 9:05
IDS_9100_SUB-TOP_251028,1,G0_R40.jpg,roi,C:\Users\PC4\Downloads\TUK_PCA\AOI\defect image\IDS_9100_SUB-TOP_251028\00000001\G0_R40.jpg,.jpg,1073,2025-10-29 9:05
IDS_9100_SUB-TOP_251028,4,G0_D5.jpg,roi,C:\Users\PC4\Downloads\TUK_PCA\AOI\defect image\IDS_9100_SUB-TOP_251028\00000004\G0_D5.jpg,.jpg,4325,2025-10-29 9:05
IDS_9100_SUB-TOP_251028,1,G1_D2.jpg,roi,C:\Users\PC4\Downloads\TUK_PCA\AOI\defect image\IDS_9100_SUB-TOP_251028\00000001\G1_D2.jpg,.jpg,4155,2025-10-29 9:05
IDS_9100_SUB-TOP_251028,1,D1_D2.jpg,roi,C:\Users\PC4\Downloads\TUK_PCA\AOI\defect image\IDS_9100_SUB-TOP_251028\00000001\D1_D2.jpg,.jpg,3983,2025-10-29 9:05
IDS_9100_SUB-TOP_251028,1,D0_L1.jpg,roi,C:\Users\PC4\Downloads\TUK_PCA\AOI\defect image\IDS_9100_SUB-TOP_251028\00000001\D0_L1.jpg,.jpg,13655,2025-10-29 9:05
IDS_9100_SUB-TOP_251028,1,D0_L2.jpg,roi,C:\Users\PC4\Downloads\TUK_PCA\AOI\defect image\IDS_9100_SUB-TOP_251028\00000001\D0_L2.jpg,.jpg,13970,2025-10-29 9:05
IDS_9100_SUB-TOP_251028,1,D0_R40.jpg,roi,C:\Users\PC4\Downloads\TUK_PCA\AOI\defect image\IDS_9100_SUB-TOP_251028\00000001\D0_R40.jpg,.jpg,1169,2025-10-29 9:05
IDS_9100_SUB-TOP_251028,4,D0_D5.jpg,roi,C:\Users\PC4\Downloads\TUK_PCA\AOI\defect image\IDS_9100_SUB-TOP_251028\00000004\D0_D5.jpg,.jpg,4189,2025-10-29 9:09
IDS_9100_SUB-TOP_251028,6,D3_C10.jpg,roi,C:\Users\PC4\Downloads\TUK_PCA\AOI\defect image\IDS_9100_SUB-TOP_251028\00000006\D3_C10.jpg,.jpg,1294,2025-10-29 9:10
IDS_9100_SUB-TOP_251028,21,G5_D2.jpg,roi,C:\Users\PC4\Downloads\TUK_PCA\AOI\defect image\IDS_9100_SUB-TOP_251028\00000021\G5_D2.jpg,.jpg,4544,2025-10-29 9:28
IDS_9100_SUB-TOP_251028,21,D5_D2.jpg,roi,C:\Users\PC4\Downloads\TUK_PCA\AOI\defect image\IDS_9100_SUB-TOP_251028\00000021\D5_D2.jpg,.jpg,4190,2025-10-29 9:40
AIRDEEP_R+C_TYPE_TOP,1,G0_LED1.jpg,roi,C:\Users\PC4\Downloads\TUK_PCA\AOI\defect image\AIRDEEP_R+C_TYPE_TOP\00000001\G0_LED1.jpg,.jpg,1548,2025-11-05 13:56
AIRDEEP_R+C_TYPE_TOP,3,G1_LED3.jpg,roi,C:\Users\PC4\Downloads\TUK_PCA\AOI\defect image\AIRDEEP_R+C_TYPE_TOP\00000003\G1_LED3.jpg,.jpg,1522,2025-11-05 13:56
AIRDEEP_R+C_TYPE_TOP,1,D0_LED1.jpg,roi,C:\Users\PC4\Downloads\TUK_PCA\AOI\defect image\AIRDEEP_R+C_TYPE_TOP\00000001\D0_LED1.jpg,.jpg,1944,2025-11-05 13:56
AIRDEEP_R+C_TYPE_TOP,3,D1_LED3.jpg,roi,C:\Users\PC4\Downloads\TUK_PCA\AOI\defect image\AIRDEEP_R+C_TYPE_TOP\00000003\D1_LED3.jpg,.jpg,1750,2025-11-05 13:57
AIRDEEP_R+C_TYPE_BOT,2,G0_U9.jpg,roi,C:\Users\PC4\Downloads\TUK_PCA\AOI\defect image\AIRDEEP_R+C_TYPE_BOT\00000002\G0_U9.jpg,.jpg,170602,2025-11-05 15:48
AIRDEEP_R+C_TYPE_BOT,2,G0_USB1.jpg,roi,C:\Users\PC4\Downloads\TUK_PCA\AOI\defect image\AIRDEEP_R+C_TYPE_BOT\00000002\G0_USB1.jpg,.jpg,31163,2025-11-05 15:48
AIRDEEP_R+C_TYPE_BOT,2,G1_USB1.jpg,roi,C:\Users\PC4\Downloads\TUK_PCA\AOI\defect image\AIRDEEP_R+C_TYPE_BOT\00000002\G1_USB1.jpg,.jpg,27874,2025-11-05 15:48
AIRDEEP_R+C_TYPE_BOT,11,G0_D5.jpg,roi,C:\Users\PC4\Downloads\TUK_PCA\AOI\defect image\AIRDEEP_R+C_TYPE_BOT\00000011\G0_D5.jpg,.jpg,6364,2025-11-05 15:48
AIRDEEP_R+C_TYPE_BOT,13,G0_C2.jpg,roi,C:\Users\PC4\Downloads\TUK_PCA\AOI\defect image\AIRDEEP_R+C_TYPE_BOT\00000013\G0_C2.jpg,.jpg,1691,2025-11-05 15:48
AIRDEEP_R+C_TYPE_BOT,14,G1_R3.jpg,roi,C:\Users\PC4\Downloads\TUK_PCA\AOI\defect image\AIRDEEP_R+C_TYPE_BOT\00000014\G1_R3.jpg,.jpg,2114,2025-11-05 15:48
AIRDEEP_R+C_TYPE_BOT,18,G1_REG2.jpg,roi,C:\Users\PC4\Downloads\TUK_PCA\AOI\defect image\AIRDEEP_R+C_TYPE_BOT\00000018\G1_REG2.jpg,.jpg,21780,2025-11-05 15:48
AIRDEEP_R+C_TYPE_BOT,65,G1_R2.jpg,roi,C:\Users\PC4\Downloads\TUK_PCA\AOI\defect image\AIRDEEP_R+C_TYPE_BOT\00000065\G1_R2.jpg,.jpg,2186,2025-11-05 15:48
AIRDEEP_R+C_TYPE_BOT,78,G1_R3.jpg,roi,C:\Users\PC4\Downloads\TUK_PCA\AOI\defect image\AIRDEEP_R+C_TYPE_BOT\00000078\G1_R3.jpg,.jpg,2114,2025-11-05 15:48
AIRDEEP_R+C_TYPE_BOT,85,G0_R2.jpg,roi,C:\Users\PC4\Downloads\TUK_PCA\AOI\defect image\AIRDEEP_R+C_TYPE_BOT\00000085\G0_R2.jpg,.jpg,2207,2025-11-05 15:48
AIRDEEP_R+C_TYPE_BOT,93,G0_R15.jpg,roi,C:\Users\PC4\Downloads\TUK_PCA\AOI\defect image\AIRDEEP_R+C_TYPE_BOT\00000093\G0_R15.jpg,.jpg,2357,2025-11-05 15:48
AIRDEEP_R+C_TYPE_BOT,103,G2_R2.jpg,roi,C:\Users\PC4\Downloads\TUK_PCA\AOI\defect image\AIRDEEP_R+C_TYPE_BOT\00000103\G2_R2.jpg,.jpg,2230,2025-11-05 15:48
AIRDEEP_R+C_TYPE_BOT,143,G1_D5.jpg,roi,C:\Users\PC4\Downloads\TUK_PCA\AOI\defect image\AIRDEEP_R+C_TYPE_BOT\00000143\G1_D5.jpg,.jpg,6474,2025-11-05 15:48
AIRDEEP_R+C_TYPE_BOT,160,G0_C3.jpg,roi,C:\Users\PC4\Downloads\TUK_PCA\AOI\defect image\AIRDEEP_R+C_TYPE_BOT\00000160\G0_C3.jpg,.jpg,3946,2025-11-05 15:48
AIRDEEP_R+C_TYPE_BOT,164,G1_D5.jpg,roi,C:\Users\PC4\Downloads\TUK_PCA\AOI\defect image\AIRDEEP_R+C_TYPE_BOT\00000164\G1_D5.jpg,.jpg,6474,2025-11-05 15:48
AIRDEEP_R+C_TYPE_BOT,165,G2_D5.jpg,roi,C:\Users\PC4\Downloads\TUK_PCA\AOI\defect image\AIRDEEP_R+C_TYPE_BOT\00000165\G2_D5.jpg,.jpg,6415,2025-11-05 15:48
AIRDEEP_R+C_TYPE_BOT,167,G1_U9.jpg,roi,C:\Users\PC4\Downloads\TUK_PCA\AOI\defect image\AIRDEEP_R+C_TYPE_BOT\00000167\G1_U9.jpg,.jpg,168308,2025-11-05 15:48
AIRDEEP_R+C_TYPE_BOT,167,G2_U9.jpg,roi,C:\Users\PC4\Downloads\TUK_PCA\AOI\defect image\AIRDEEP_R+C_TYPE_BOT\00000167\G2_U9.jpg,.jpg,175985,2025-11-05 15:48
AIRDEEP_R+C_TYPE_BOT,169,G0_D5.jpg,roi,C:\Users\PC4\Downloads\TUK_PCA\AOI\defect image\AIRDEEP_R+C_TYPE_BOT\00000169\G0_D5.jpg,.jpg,6364,2025-11-05 15:48
AIRDEEP_R+C_TYPE_BOT,2,D0_U9.jpg,roi,C:\Users\PC4\Downloads\TUK_PCA\AOI\defect image\AIRDEEP_R+C_TYPE_BOT\00000002\D0_U9.jpg,.jpg,183428,2025-11-05 15:49
AIRDEEP_R+C_TYPE_BOT,2,D0_USB1.jpg,roi,C:\Users\PC4\Downloads\TUK_PCA\AOI\defect image\AIRDEEP_R+C_TYPE_BOT\00000002\D0_USB1.jpg,.jpg,24750,2025-11-05 15:49
AIRDEEP_R+C_TYPE_BOT,2,D1_USB1.jpg,roi,C:\Users\PC4\Downloads\TUK_PCA\AOI\defect image\AIRDEEP_R+C_TYPE_BOT\00000002\D1_USB1.jpg,.jpg,25020,2025-11-05 15:49
AIRDEEP_R+C_TYPE_BOT,11,D0_D5.jpg,roi,C:\Users\PC4\Downloads\TUK_PCA\AOI\defect image\AIRDEEP_R+C_TYPE_BOT\00000011\D0_D5.jpg,.jpg,6766,2025-11-05 16:17
AIRDEEP_R+C_TYPE_BOT,13,D0_C2.jpg,roi,C:\Users\PC4\Downloads\TUK_PCA\AOI\defect image\AIRDEEP_R+C_TYPE_BOT\00000013\D0_C2.jpg,.jpg,1981,2025-11-05 16:18
AIRDEEP_R+C_TYPE_BOT,14,D1_R3.jpg,roi,C:\Users\PC4\Downloads\TUK_PCA\AOI\defect image\AIRDEEP_R+C_TYPE_BOT\00000014\D1_R3.jpg,.jpg,2223,2025-11-05 16:19
AIRDEEP_R+C_TYPE_BOT,18,D1_REG2.jpg,roi,C:\Users\PC4\Downloads\TUK_PCA\AOI\defect image\AIRDEEP_R+C_TYPE_BOT\00000018\D1_REG2.jpg,.jpg,24274,2025-11-05 16:21
AIRDEEP_R+C_TYPE_BOT,65,D1_R2.jpg,roi,C:\Users\PC4\Downloads\TUK_PCA\AOI\defect image\AIRDEEP_R+C_TYPE_BOT\00000065\D1_R2.jpg,.jpg,2116,2025-11-05 17:04
AIRDEEP_R+C_TYPE_BOT,78,D1_R3.jpg,roi,C:\Users\PC4\Downloads\TUK_PCA\AOI\defect image\AIRDEEP_R+C_TYPE_BOT\00000078\D1_R3.jpg,.jpg,2238,2025-11-05 17:16
AIRDEEP_R+C_TYPE_BOT,85,D0_R2.jpg,roi,C:\Users\PC4\Downloads\TUK_PCA\AOI\defect image\AIRDEEP_R+C_TYPE_BOT\00000085\D0_R2.jpg,.jpg,2069,2025-11-05 17:22
AIRDEEP_R+C_TYPE_BOT,93,D0_R15.jpg,roi,C:\Users\PC4\Downloads\TUK_PCA\AOI\defect image\AIRDEEP_R+C_TYPE_BOT\00000093\D0_R15.jpg,.jpg,2389,2025-11-05 17:26
AIRDEEP_R+C_TYPE_BOT,103,D2_R2.jpg,roi,C:\Users\PC4\Downloads\TUK_PCA\AOI\defect image\AIRDEEP_R+C_TYPE_BOT\00000103\D2_R2.jpg,.jpg,2206,2025-11-05 17:32
AIRDEEP_R+C_TYPE_BOT,143,D1_D5.jpg,roi,C:\Users\PC4\Downloads\TUK_PCA\AOI\defect image\AIRDEEP_R+C_TYPE_BOT\00000143\D1_D5.jpg,.jpg,7228,2025-11-05 17:59
AIRDEEP_R+C_TYPE_BOT,160,D0_C3.jpg,roi,C:\Users\PC4\Downloads\TUK_PCA\AOI\defect image\AIRDEEP_R+C_TYPE_BOT\00000160\D0_C3.jpg,.jpg,4684,2025-11-05 18:13
AIRDEEP_R+C_TYPE_BOT,164,D1_D5.jpg,roi,C:\Users\PC4\Downloads\TUK_PCA\AOI\defect image\AIRDEEP_R+C_TYPE_BOT\00000164\D1_D5.jpg,.jpg,7367,2025-11-05 18:18
AIRDEEP_R+C_TYPE_BOT,165,D2_D5.jpg,roi,C:\Users\PC4\Downloads\TUK_PCA\AOI\defect image\AIRDEEP_R+C_TYPE_BOT\00000165\D2_D5.jpg,.jpg,7325,2025-11-05 18:19
AIRDEEP_R+C_TYPE_BOT,167,D1_U9.jpg,roi,C:\Users\PC4\Downloads\TUK_PCA\AOI\defect image\AIRDEEP_R+C_TYPE_BOT\00000167\D1_U9.jpg,.jpg,187340,2025-11-05 18:19
AIRDEEP_R+C_TYPE_BOT,167,D2_U9.jpg,roi,C:\Users\PC4\Downloads\TUK_PCA\AOI\defect image\AIRDEEP_R+C_TYPE_BOT\00000167\D2_U9.jpg,.jpg,185798,2025-11-05 18:20
AIRDEEP_R+C_TYPE_BOT,169,D0_D5.jpg,roi,C:\Users\PC4\Downloads\TUK_PCA\AOI\defect image\AIRDEEP_R+C_TYPE_BOT\00000169\D0_D5.jpg,.jpg,7108,2025-11-05 18:20
ROOMCON_INI_241121,959,G1_U4.jpg,roi,C:\Users\PC4\Downloads\TUK_PCA\AOI\defect image\ROOMCON_INI_241121\00000959\G1_U4.jpg,.jpg,33560,2025-11-10 10:07
ROOMCON_INI_241121,960,G1_R19.jpg,roi,C:\Users\PC4\Downloads\TUK_PCA\AOI\defect image\ROOMCON_INI_241121\00000960\G1_R19.jpg,.jpg,2317,2025-11-10 10:07
ROOMCON_INI_241121,960,G1_U4.jpg,roi,C:\Users\PC4\Downloads\TUK_PCA\AOI\defect image\ROOMCON_INI_241121\00000960\G1_U4.jpg,.jpg,33560,2025-11-10 10:07
ROOMCON_INI_241121,964,G1_FET1.jpg,roi,C:\Users\PC4\Downloads\TUK_PCA\AOI\defect image\ROOMCON_INI_241121\00000964\G1_FET1.jpg,.jpg,5165,2025-11-10 10:07
ROOMCON_INI_241121,965,G0_FET1.jpg,roi,C:\Users\PC4\Downloads\TUK_PCA\AOI\defect image\ROOMCON_INI_241121\00000965\G0_FET1.jpg,.jpg,4820,2025-11-10 10:07
ROOMCON_INI_241121,965,G1_U2.jpg,roi,C:\Users\PC4\Downloads\TUK_PCA\AOI\defect image\ROOMCON_INI_241121\00000965\G1_U2.jpg,.jpg,21206,2025-11-10 10:07
ROOMCON_INI_241121,962,G1_D3.jpg,roi,C:\Users\PC4\Downloads\TUK_PCA\AOI\defect image\ROOMCON_INI_241121\00000962\G1_D3.jpg,.jpg,7855,2025-11-10 10:07
ROOMCON_INI_241121,959,D1_U4.jpg,roi,C:\Users\PC4\Downloads\TUK_PCA\AOI\defect image\ROOMCON_INI_241121\00000959\D1_U4.jpg,.jpg,33118,2025-11-10 10:07
ROOMCON_INI_241121,960,D1_R19.jpg,roi,C:\Users\PC4\Downloads\TUK_PCA\AOI\defect image\ROOMCON_INI_241121\00000960\D1_R19.jpg,.jpg,2286,2025-11-10 10:08
ROOMCON_INI_241121,960,D1_U4.jpg,roi,C:\Users\PC4\Downloads\TUK_PCA\AOI\defect image\ROOMCON_INI_241121\00000960\D1_U4.jpg,.jpg,33181,2025-11-10 10:08
ROOMCON_INI_241121,962,D1_D3.jpg,roi,C:\Users\PC4\Downloads\TUK_PCA\AOI\defect image\ROOMCON_INI_241121\00000962\D1_D3.jpg,.jpg,8699,2025-11-10 10:10
ROOMCON_INI_241121,964,D1_FET1.jpg,roi,C:\Users\PC4\Downloads\TUK_PCA\AOI\defect image\ROOMCON_INI_241121\00000964\D1_FET1.jpg,.jpg,5479,2025-11-10 10:12
ROOMCON_INI_241121,965,D0_FET1.jpg,roi,C:\Users\PC4\Downloads\TUK_PCA\AOI\defect image\ROOMCON_INI_241121\00000965\D0_FET1.jpg,.jpg,5318,2025-11-10 10:12
ROOMCON_INI_241121,965,D1_U2.jpg,roi,C:\Users\PC4\Downloads\TUK_PCA\AOI\defect image\ROOMCON_INI_241121\00000965\D1_U2.jpg,.jpg,20682,2025-11-10 10:12
ROOMCON_INI_241121,966,G2_U2.jpg,roi,C:\Users\PC4\Downloads\TUK_PCA\AOI\defect image\ROOMCON_INI_241121\00000966\G2_U2.jpg,.jpg,21109,2025-11-10 10:14
ROOMCON_INI_241121,967,G2_U4.jpg,roi,C:\Users\PC4\Downloads\TUK_PCA\AOI\defect image\ROOMCON_INI_241121\00000967\G2_U4.jpg,.jpg,33367,2025-11-10 10:14
ROOMCON_INI_241121,968,G0_FET1.jpg,roi,C:\Users\PC4\Downloads\TUK_PCA\AOI\defect image\ROOMCON_INI_241121\00000968\G0_FET1.jpg,.jpg,4844,2025-11-10 10:14
ROOMCON_INI_241121,968,G0_U4.jpg,roi,C:\Users\PC4\Downloads\TUK_PCA\AOI\defect image\ROOMCON_INI_241121\00000968\G0_U4.jpg,.jpg,31781,2025-11-10 10:14
ROOMCON_INI_241121,968,G1_U4.jpg,roi,C:\Users\PC4\Downloads\TUK_PCA\AOI\defect image\ROOMCON_INI_241121\00000968\G1_U4.jpg,.jpg,32547,2025-11-10 10:14
ROOMCON_INI_241121,968,G2_Q1.jpg,roi,C:\Users\PC4\Downloads\TUK_PCA\AOI\defect image\ROOMCON_INI_241121\00000968\G2_Q1.jpg,.jpg,4653,2025-11-10 10:14
ROOMCON_INI_241121,968,G2_U4.jpg,roi,C:\Users\PC4\Downloads\TUK_PCA\AOI\defect image\ROOMCON_INI_241121\00000968\G2_U4.jpg,.jpg,33367,2025-11-10 10:14
ROOMCON_INI_241121,970,G0_Q1.jpg,roi,C:\Users\PC4\Downloads\TUK_PCA\AOI\defect image\ROOMCON_INI_241121\00000970\G0_Q1.jpg,.jpg,4484,2025-11-10 10:14
ROOMCON_INI_241121,973,G0_R41.jpg,roi,C:\Users\PC4\Downloads\TUK_PCA\AOI\defect image\ROOMCON_INI_241121\00000973\G0_R41.jpg,.jpg,2203,2025-11-10 10:14
ROOMCON_INI_241121,986,G0_R21.jpg,roi,C:\Users\PC4\Downloads\TUK_PCA\AOI\defect image\ROOMCON_INI_241121\00000986\G0_R21.jpg,.jpg,2073,2025-11-10 10:14
ROOMCON_INI_241121,986,G1_U4.jpg,roi,C:\Users\PC4\Downloads\TUK_PCA\AOI\defect image\ROOMCON_INI_241121\00000986\G1_U4.jpg,.jpg,32547,2025-11-10 10:14
ROOMCON_INI_241121,1027,G0_U1.jpg,roi,C:\Users\PC4\Downloads\TUK_PCA\AOI\defect image\ROOMCON_INI_241121\00001027\G0_U1.jpg,.jpg,92083,2025-11-10 10:14
ROOMCON_INI_241121,1027,G0_U4.jpg,roi,C:\Users\PC4\Downloads\TUK_PCA\AOI\defect image\ROOMCON_INI_241121\00001027\G0_U4.jpg,.jpg,31781,2025-11-10 10:14
ROOMCON_INI_241121,1027,G1_Q1.jpg,roi,C:\Users\PC4\Downloads\TUK_PCA\AOI\defect image\ROOMCON_INI_241121\00001027\G1_Q1.jpg,.jpg,4835,2025-11-10 10:14
ROOMCON_INI_241121,1027,G1_R41.jpg,roi,C:\Users\PC4\Downloads\TUK_PCA\AOI\defect image\ROOMCON_INI_241121\00001027\G1_R41.jpg,.jpg,2231,2025-11-10 10:14
ROOMCON_INI_241121,1039,G2_R31.jpg,roi,C:\Users\PC4\Downloads\TUK_PCA\AOI\defect image\ROOMCON_INI_241121\00001039\G2_R31.jpg,.jpg,2146,2025-11-10 10:14
ROOMCON_INI_241121,1039,G2_R32.jpg,roi,C:\Users\PC4\Downloads\TUK_PCA\AOI\defect image\ROOMCON_INI_241121\00001039\G2_R32.jpg,.jpg,2186,2025-11-10 10:14
ROOMCON_INI_241121,1039,G2_R36.jpg,roi,C:\Users\PC4\Downloads\TUK_PCA\AOI\defect image\ROOMCON_INI_241121\00001039\G2_R36.jpg,.jpg,2200,2025-11-10 10:14
ROOMCON_INI_241121,1040,G0_R33.jpg,roi,C:\Users\PC4\Downloads\TUK_PCA\AOI\defect image\ROOMCON_INI_241121\00001040\G0_R33.jpg,.jpg,2264,2025-11-10 10:14
ROOMCON_INI_241121,1040,G1_R36.jpg,roi,C:\Users\PC4\Downloads\TUK_PCA\AOI\defect image\ROOMCON_INI_241121\00001040\G1_R36.jpg,.jpg,2202,2025-11-10 10:14
ROOMCON_INI_241121,1041,G0_R31.jpg,roi,C:\Users\PC4\Downloads\TUK_PCA\AOI\defect image\ROOMCON_INI_241121\00001041\G0_R31.jpg,.jpg,2219,2025-11-10 10:14
ROOMCON_INI_241121,1041,G2_R36.jpg,roi,C:\Users\PC4\Downloads\TUK_PCA\AOI\defect image\ROOMCON_INI_241121\00001041\G2_R36.jpg,.jpg,2200,2025-11-10 10:14
ROOMCON_INI_241121,1042,G1_Q1.jpg,roi,C:\Users\PC4\Downloads\TUK_PCA\AOI\defect image\ROOMCON_INI_241121\00001042\G1_Q1.jpg,.jpg,4835,2025-11-10 10:14
ROOMCON_INI_241121,1045,G0_Q1.jpg,roi,C:\Users\PC4\Downloads\TUK_PCA\AOI\defect image\ROOMCON_INI_241121\00001045\G0_Q1.jpg,.jpg,4484,2025-11-10 10:14
ROOMCON_INI_241121,1047,G0_Q1.jpg,roi,C:\Users\PC4\Downloads\TUK_PCA\AOI\defect image\ROOMCON_INI_241121\00001047\G0_Q1.jpg,.jpg,4484,2025-11-10 10:14
ROOMCON_INI_241121,1047,G1_Q1.jpg,roi,C:\Users\PC4\Downloads\TUK_PCA\AOI\defect image\ROOMCON_INI_241121\00001047\G1_Q1.jpg,.jpg,4835,2025-11-10 10:14
ROOMCON_INI_241121,1117,G2_R1.jpg,roi,C:\Users\PC4\Downloads\TUK_PCA\AOI\defect image\ROOMCON_INI_241121\00001117\G2_R1.jpg,.jpg,2268,2025-11-10 10:14
ROOMCON_INI_241121,1126,G0_U1.jpg,roi,C:\Users\PC4\Downloads\TUK_PCA\AOI\defect image\ROOMCON_INI_241121\00001126\G0_U1.jpg,.jpg,92083,2025-11-10 10:14
ROOMCON_INI_241121,1207,G0_Q1.jpg,roi,C:\Users\PC4\Downloads\TUK_PCA\AOI\defect image\ROOMCON_INI_241121\00001207\G0_Q1.jpg,.jpg,4484,2025-11-10 10:14
ROOMCON_INI_241121,1207,G0_R14.jpg,roi,C:\Users\PC4\Downloads\TUK_PCA\AOI\defect image\ROOMCON_INI_241121\00001207\G0_R14.jpg,.jpg,2442,2025-11-10 10:14
ROOMCON_INI_241121,1240,G2_U1.jpg,roi,C:\Users\PC4\Downloads\TUK_PCA\AOI\defect image\ROOMCON_INI_241121\00001240\G2_U1.jpg,.jpg,94824,2025-11-10 10:14
ROOMCON_INI_241121,1249,G1_U1.jpg,roi,C:\Users\PC4\Downloads\TUK_PCA\AOI\defect image\ROOMCON_INI_241121\00001249\G1_U1.jpg,.jpg,98797,2025-11-10 10:14
ROOMCON_INI_241121,1271,G1_D1.jpg,roi,C:\Users\PC4\Downloads\TUK_PCA\AOI\defect image\ROOMCON_INI_241121\00001271\G1_D1.jpg,.jpg,7331,2025-11-10 10:14
ROOMCON_INI_241121,1632,G2_U1.jpg,roi,C:\Users\PC4\Downloads\TUK_PCA\AOI\defect image\ROOMCON_INI_241121\00001632\G2_U1.jpg,.jpg,94824,2025-11-10 10:14
ROOMCON_INI_241121,966,D2_U2.jpg,roi,C:\Users\PC4\Downloads\TUK_PCA\AOI\defect image\ROOMCON_INI_241121\00000966\D2_U2.jpg,.jpg,19695,2025-11-10 10:16
ROOMCON_INI_241121,967,D2_U4.jpg,roi,C:\Users\PC4\Downloads\TUK_PCA\AOI\defect image\ROOMCON_INI_241121\00000967\D2_U4.jpg,.jpg,31298,2025-11-10 10:17
ROOMCON_INI_241121,968,D0_FET1.jpg,roi,C:\Users\PC4\Downloads\TUK_PCA\AOI\defect image\ROOMCON_INI_241121\00000968\D0_FET1.jpg,.jpg,5121,2025-11-10 10:17
ROOMCON_INI_241121,968,D0_U4.jpg,roi,C:\Users\PC4\Downloads\TUK_PCA\AOI\defect image\ROOMCON_INI_241121\00000968\D0_U4.jpg,.jpg,32521,2025-11-10 10:17
ROOMCON_INI_241121,968,D1_U4.jpg,roi,C:\Users\PC4\Downloads\TUK_PCA\AOI\defect image\ROOMCON_INI_241121\00000968\D1_U4.jpg,.jpg,32259,2025-11-10 10:17
ROOMCON_INI_241121,968,D2_Q1.jpg,roi,C:\Users\PC4\Downloads\TUK_PCA\AOI\defect image\ROOMCON_INI_241121\00000968\D2_Q1.jpg,.jpg,5088,2025-11-10 10:17
ROOMCON_INI_241121,968,D2_U4.jpg,roi,C:\Users\PC4\Downloads\TUK_PCA\AOI\defect image\ROOMCON_INI_241121\00000968\D2_U4.jpg,.jpg,31448,2025-11-10 10:17
ROOMCON_INI_241121,970,D0_Q1.jpg,roi,C:\Users\PC4\Downloads\TUK_PCA\AOI\defect image\ROOMCON_INI_241121\00000970\D0_Q1.jpg,.jpg,5213,2025-11-10 10:19
ROOMCON_INI_241121,973,D0_R41.jpg,roi,C:\Users\PC4\Downloads\TUK_PCA\AOI\defect image\ROOMCON_INI_241121\00000973\D0_R41.jpg,.jpg,2286,2025-11-10 10:20
ROOMCON_INI_241121,986,D0_R21.jpg,roi,C:\Users\PC4\Downloads\TUK_PCA\AOI\defect image\ROOMCON_INI_241121\00000986\D0_R21.jpg,.jpg,2004,2025-11-10 10:27
ROOMCON_INI_241121,986,D1_U4.jpg,roi,C:\Users\PC4\Downloads\TUK_PCA\AOI\defect image\ROOMCON_INI_241121\00000986\D1_U4.jpg,.jpg,31292,2025-11-10 10:27
ROOMCON_INI_241121,1027,D0_U1.jpg,roi,C:\Users\PC4\Downloads\TUK_PCA\AOI\defect image\ROOMCON_INI_241121\00001027\D0_U1.jpg,.jpg,95727,2025-11-10 10:49
ROOMCON_INI_241121,1027,D0_U4.jpg,roi,C:\Users\PC4\Downloads\TUK_PCA\AOI\defect image\ROOMCON_INI_241121\00001027\D0_U4.jpg,.jpg,33353,2025-11-10 10:49
ROOMCON_INI_241121,1027,D1_Q1.jpg,roi,C:\Users\PC4\Downloads\TUK_PCA\AOI\defect image\ROOMCON_INI_241121\00001027\D1_Q1.jpg,.jpg,5220,2025-11-10 10:49
ROOMCON_INI_241121,1027,D1_R41.jpg,roi,C:\Users\PC4\Downloads\TUK_PCA\AOI\defect image\ROOMCON_INI_241121\00001027\D1_R41.jpg,.jpg,2232,2025-11-10 10:49
ROOMCON_INI_241121,1039,D2_R31.jpg,roi,C:\Users\PC4\Downloads\TUK_PCA\AOI\defect image\ROOMCON_INI_241121\00001039\D2_R31.jpg,.jpg,2233,2025-11-10 10:56
ROOMCON_INI_241121,1039,D2_R32.jpg,roi,C:\Users\PC4\Downloads\TUK_PCA\AOI\defect image\ROOMCON_INI_241121\00001039\D2_R32.jpg,.jpg,2251,2025-11-10 10:56
ROOMCON_INI_241121,1039,D2_R36.jpg,roi,C:\Users\PC4\Downloads\TUK_PCA\AOI\defect image\ROOMCON_INI_241121\00001039\D2_R36.jpg,.jpg,2299,2025-11-10 10:56
ROOMCON_INI_241121,1040,D0_R33.jpg,roi,C:\Users\PC4\Downloads\TUK_PCA\AOI\defect image\ROOMCON_INI_241121\00001040\D0_R33.jpg,.jpg,2303,2025-11-10 10:56
ROOMCON_INI_241121,1040,D1_R36.jpg,roi,C:\Users\PC4\Downloads\TUK_PCA\AOI\defect image\ROOMCON_INI_241121\00001040\D1_R36.jpg,.jpg,2258,2025-11-10 10:57
ROOMCON_INI_241121,1041,D0_R31.jpg,roi,C:\Users\PC4\Downloads\TUK_PCA\AOI\defect image\ROOMCON_INI_241121\00001041\D0_R31.jpg,.jpg,2322,2025-11-10 10:58
ROOMCON_INI_241121,1041,D2_R36.jpg,roi,C:\Users\PC4\Downloads\TUK_PCA\AOI\defect image\ROOMCON_INI_241121\00001041\D2_R36.jpg,.jpg,2287,2025-11-10 10:58
ROOMCON_INI_241121,1042,D1_Q1.jpg,roi,C:\Users\PC4\Downloads\TUK_PCA\AOI\defect image\ROOMCON_INI_241121\00001042\D1_Q1.jpg,.jpg,5258,2025-11-10 10:59
ROOMCON_INI_241121,1045,D0_Q1.jpg,roi,C:\Users\PC4\Downloads\TUK_PCA\AOI\defect image\ROOMCON_INI_241121\00001045\D0_Q1.jpg,.jpg,5159,2025-11-10 11:00
ROOMCON_INI_241121,1047,D0_Q1.jpg,roi,C:\Users\PC4\Downloads\TUK_PCA\AOI\defect image\ROOMCON_INI_241121\00001047\D0_Q1.jpg,.jpg,5168,2025-11-10 11:01
ROOMCON_INI_241121,1047,D1_Q1.jpg,roi,C:\Users\PC4\Downloads\TUK_PCA\AOI\defect image\ROOMCON_INI_241121\00001047\D1_Q1.jpg,.jpg,5058,2025-11-10 11:01
ROOMCON_INI_241121,1117,D2_R1.jpg,roi,C:\Users\PC4\Downloads\TUK_PCA\AOI\defect image\ROOMCON_INI_241121\00001117\D2_R1.jpg,.jpg,2341,2025-11-10 12:14
ROOMCON_INI_241121,1126,D0_U1.jpg,roi,C:\Users\PC4\Downloads\TUK_PCA\AOI\defect image\ROOMCON_INI_241121\00001126\D0_U1.jpg,.jpg,94721,2025-11-10 12:18
ROOMCON_INI_241121,1207,D0_Q1.jpg,roi,C:\Users\PC4\Downloads\TUK_PCA\AOI\defect image\ROOMCON_INI_241121\00001207\D0_Q1.jpg,.jpg,5015,2025-11-10 13:00
ROOMCON_INI_241121,1207,D0_R14.jpg,roi,C:\Users\PC4\Downloads\TUK_PCA\AOI\defect image\ROOMCON_INI_241121\00001207\D0_R14.jpg,.jpg,1607,2025-11-10 13:00
ROOMCON_INI_241121,1240,D2_U1.jpg,roi,C:\Users\PC4\Downloads\TUK_PCA\AOI\defect image\ROOMCON_INI_241121\00001240\D2_U1.jpg,.jpg,92645,2025-11-10 13:17
ROOMCON_INI_241121,1249,D1_U1.jpg,roi,C:\Users\PC4\Downloads\TUK_PCA\AOI\defect image\ROOMCON_INI_241121\00001249\D1_U1.jpg,.jpg,94630,2025-11-10 13:24
ROOMCON_INI_241121,1271,D1_D1.jpg,roi,C:\Users\PC4\Downloads\TUK_PCA\AOI\defect image\ROOMCON_INI_241121\00001271\D1_D1.jpg,.jpg,7105,2025-11-10 13:35
ROOMCON_INI_241121,1632,D2_U1.jpg,roi,C:\Users\PC4\Downloads\TUK_PCA\AOI\defect image\ROOMCON_INI_241121\00001632\D2_U1.jpg,.jpg,94181,2025-11-10 16:45
KOREA_NEW_CONTROL,361,G0_U1.jpg,roi,C:\Users\PC4\Downloads\TUK_PCA\AOI\defect image\KOREA_NEW_CONTROL\00000361\G0_U1.jpg,.jpg,96163,2025-11-13 13:59
KOREA_NEW_CONTROL,365,G0_U2.jpg,roi,C:\Users\PC4\Downloads\TUK_PCA\AOI\defect image\KOREA_NEW_CONTROL\00000365\G0_U2.jpg,.jpg,14912,2025-11-13 13:59
KOREA_NEW_CONTROL,365,G1_U2.jpg,roi,C:\Users\PC4\Downloads\TUK_PCA\AOI\defect image\KOREA_NEW_CONTROL\00000365\G1_U2.jpg,.jpg,14698,2025-11-13 13:59
KOREA_NEW_CONTROL,365,G1_U3.jpg,roi,C:\Users\PC4\Downloads\TUK_PCA\AOI\defect image\KOREA_NEW_CONTROL\00000365\G1_U3.jpg,.jpg,14252,2025-11-13 13:59
KOREA_NEW_CONTROL,365,G2_U2.jpg,roi,C:\Users\PC4\Downloads\TUK_PCA\AOI\defect image\KOREA_NEW_CONTROL\00000365\G2_U2.jpg,.jpg,14737,2025-11-13 13:59
KOREA_NEW_CONTROL,366,G1_R13.jpg,roi,C:\Users\PC4\Downloads\TUK_PCA\AOI\defect image\KOREA_NEW_CONTROL\00000366\G1_R13.jpg,.jpg,3503,2025-11-13 13:59
KOREA_NEW_CONTROL,384,G2_U2.jpg,roi,C:\Users\PC4\Downloads\TUK_PCA\AOI\defect image\KOREA_NEW_CONTROL\00000384\G2_U2.jpg,.jpg,14737,2025-11-13 13:59
KOREA_NEW_CONTROL,488,G1_R2.jpg,roi,C:\Users\PC4\Downloads\TUK_PCA\AOI\defect image\KOREA_NEW_CONTROL\00000488\G1_R2.jpg,.jpg,3099,2025-11-13 13:59
KOREA_NEW_CONTROL,361,D0_U1.jpg,roi,C:\Users\PC4\Downloads\TUK_PCA\AOI\defect image\KOREA_NEW_CONTROL\00000361\D0_U1.jpg,.jpg,96709,2025-11-13 13:59
KOREA_NEW_CONTROL,365,D0_U2.jpg,roi,C:\Users\PC4\Downloads\TUK_PCA\AOI\defect image\KOREA_NEW_CONTROL\00000365\D0_U2.jpg,.jpg,15376,2025-11-13 14:09
KOREA_NEW_CONTROL,365,D1_U2.jpg,roi,C:\Users\PC4\Downloads\TUK_PCA\AOI\defect image\KOREA_NEW_CONTROL\00000365\D1_U2.jpg,.jpg,14731,2025-11-13 14:09
KOREA_NEW_CONTROL,365,D1_U3.jpg,roi,C:\Users\PC4\Downloads\TUK_PCA\AOI\defect image\KOREA_NEW_CONTROL\00000365\D1_U3.jpg,.jpg,14986,2025-11-13 14:09
KOREA_NEW_CONTROL,365,D2_U2.jpg,roi,C:\Users\PC4\Downloads\TUK_PCA\AOI\defect image\KOREA_NEW_CONTROL\00000365\D2_U2.jpg,.jpg,14852,2025-11-13 14:09
KOREA_NEW_CONTROL,366,D1_R13.jpg,roi,C:\Users\PC4\Downloads\TUK_PCA\AOI\defect image\KOREA_NEW_CONTROL\00000366\D1_R13.jpg,.jpg,3938,2025-11-13 14:10
KOREA_NEW_CONTROL,384,D2_U2.jpg,roi,C:\Users\PC4\Downloads\TUK_PCA\AOI\defect image\KOREA_NEW_CONTROL\00000384\D2_U2.jpg,.jpg,15197,2025-11-13 14:23
KOREA_NEW_CONTROL,488,D1_R2.jpg,roi,C:\Users\PC4\Downloads\TUK_PCA\AOI\defect image\KOREA_NEW_CONTROL\00000488\D1_R2.jpg,.jpg,3183,2025-11-13 15:24
KYK30K_MAIN,4,G1_LD1.jpg,roi,C:\Users\PC4\Downloads\TUK_PCA\AOI\defect image\KYK30K_MAIN\00000004\G1_LD1.jpg,.jpg,1799,2025-11-20 15:26
KYK30K_MAIN,4,G2_LD1.jpg,roi,C:\Users\PC4\Downloads\TUK_PCA\AOI\defect image\KYK30K_MAIN\00000004\G2_LD1.jpg,.jpg,1742,2025-11-20 15:26
KYK30K_MAIN,14,G1_LD1.jpg,roi,C:\Users\PC4\Downloads\TUK_PCA\AOI\defect image\KYK30K_MAIN\00000014\G1_LD1.jpg,.jpg,1799,2025-11-20 15:26
KYK30K_MAIN,14,G1_R8.jpg,roi,C:\Users\PC4\Downloads\TUK_PCA\AOI\defect image\KYK30K_MAIN\00000014\G1_R8.jpg,.jpg,2422,2025-11-20 15:26
KYK30K_MAIN,1,G0_U1.jpg,roi,C:\Users\PC4\Downloads\TUK_PCA\AOI\defect image\KYK30K_MAIN\00000001\G0_U1.jpg,.jpg,135386,2025-11-20 15:26
KYK30K_MAIN,1,G1_U2.jpg,roi,C:\Users\PC4\Downloads\TUK_PCA\AOI\defect image\KYK30K_MAIN\00000001\G1_U2.jpg,.jpg,19522,2025-11-20 15:26
KYK30K_MAIN,2,G1_U2.jpg,roi,C:\Users\PC4\Downloads\TUK_PCA\AOI\defect image\KYK30K_MAIN\00000002\G1_U2.jpg,.jpg,19522,2025-11-20 15:26
KYK30K_MAIN,4,G1_U1.jpg,roi,C:\Users\PC4\Downloads\TUK_PCA\AOI\defect image\KYK30K_MAIN\00000004\G1_U1.jpg,.jpg,135407,2025-11-20 15:26
KYK30K_MAIN,4,G2_R28.jpg,roi,C:\Users\PC4\Downloads\TUK_PCA\AOI\defect image\KYK30K_MAIN\00000004\G2_R28.jpg,.jpg,2299,2025-11-20 15:26
KYK30K_MAIN,4,G2_U2.jpg,roi,C:\Users\PC4\Downloads\TUK_PCA\AOI\defect image\KYK30K_MAIN\00000004\G2_U2.jpg,.jpg,19380,2025-11-20 15:26
KYK30K_MAIN,2,G2_U1.jpg,roi,C:\Users\PC4\Downloads\TUK_PCA\AOI\defect image\KYK30K_MAIN\00000002\G2_U1.jpg,.jpg,133535,2025-11-20 15:26
KYK30K_MAIN,4,G2_SW1.jpg,roi,C:\Users\PC4\Downloads\TUK_PCA\AOI\defect image\KYK30K_MAIN\00000004\G2_SW1.jpg,.jpg,19920,2025-11-20 15:26
KYK30K_MAIN,6,G1_C21.jpg,roi,C:\Users\PC4\Downloads\TUK_PCA\AOI\defect image\KYK30K_MAIN\00000006\G1_C21.jpg,.jpg,23778,2025-11-20 15:26
KYK30K_MAIN,6,G2_SW1.jpg,roi,C:\Users\PC4\Downloads\TUK_PCA\AOI\defect image\KYK30K_MAIN\00000006\G2_SW1.jpg,.jpg,19920,2025-11-20 15:26
KYK30K_MAIN,8,G2_SW1.jpg,roi,C:\Users\PC4\Downloads\TUK_PCA\AOI\defect image\KYK30K_MAIN\00000008\G2_SW1.jpg,.jpg,19920,2025-11-20 15:26
KYK30K_MAIN,1,D0_U1.jpg,roi,C:\Users\PC4\Downloads\TUK_PCA\AOI\defect image\KYK30K_MAIN\00000001\D0_U1.jpg,.jpg,125356,2025-11-20 15:27
KYK30K_MAIN,1,D1_U2.jpg,roi,C:\Users\PC4\Downloads\TUK_PCA\AOI\defect image\KYK30K_MAIN\00000001\D1_U2.jpg,.jpg,20118,2025-11-20 15:27
KYK30K_MAIN,2,D1_U2.jpg,roi,C:\Users\PC4\Downloads\TUK_PCA\AOI\defect image\KYK30K_MAIN\00000002\D1_U2.jpg,.jpg,20014,2025-11-20 15:29
KYK30K_MAIN,2,D2_U1.jpg,roi,C:\Users\PC4\Downloads\TUK_PCA\AOI\defect image\KYK30K_MAIN\00000002\D2_U1.jpg,.jpg,123606,2025-11-20 15:29
KYK30K_MAIN,4,D1_LD1.jpg,roi,C:\Users\PC4\Downloads\TUK_PCA\AOI\defect image\KYK30K_MAIN\00000004\D1_LD1.jpg,.jpg,1791,2025-11-20 15:31
KYK30K_MAIN,4,D1_U1.jpg,roi,C:\Users\PC4\Downloads\TUK_PCA\AOI\defect image\KYK30K_MAIN\00000004\D1_U1.jpg,.jpg,124982,2025-11-20 15:31
KYK30K_MAIN,4,D2_LD1.jpg,roi,C:\Users\PC4\Downloads\TUK_PCA\AOI\defect image\KYK30K_MAIN\00000004\D2_LD1.jpg,.jpg,1952,2025-11-20 15:31
KYK30K_MAIN,4,D2_R28.jpg,roi,C:\Users\PC4\Downloads\TUK_PCA\AOI\defect image\KYK30K_MAIN\00000004\D2_R28.jpg,.jpg,2388,2025-11-20 15:31
KYK30K_MAIN,4,D2_SW1.jpg,roi,C:\Users\PC4\Downloads\TUK_PCA\AOI\defect image\KYK30K_MAIN\00000004\D2_SW1.jpg,.jpg,20653,2025-11-20 15:31
KYK30K_MAIN,4,D2_U2.jpg,roi,C:\Users\PC4\Downloads\TUK_PCA\AOI\defect image\KYK30K_MAIN\00000004\D2_U2.jpg,.jpg,19618,2025-11-20 15:31
KYK30K_MAIN,6,D1_C21.jpg,roi,C:\Users\PC4\Downloads\TUK_PCA\AOI\defect image\KYK30K_MAIN\00000006\D1_C21.jpg,.jpg,24199,2025-11-20 15:44
KYK30K_MAIN,6,D2_SW1.jpg,roi,C:\Users\PC4\Downloads\TUK_PCA\AOI\defect image\KYK30K_MAIN\00000006\D2_SW1.jpg,.jpg,20663,2025-11-20 15:44
KYK30K_MAIN,8,D2_SW1.jpg,roi,C:\Users\PC4\Downloads\TUK_PCA\AOI\defect image\KYK30K_MAIN\00000008\D2_SW1.jpg,.jpg,19959,2025-11-20 15:45
KYK30K_MAIN,14,D1_LD1.jpg,roi,C:\Users\PC4\Downloads\TUK_PCA\AOI\defect image\KYK30K_MAIN\00000014\D1_LD1.jpg,.jpg,1813,2025-11-20 15:51
KYK30K_MAIN,14,D1_R8.jpg,roi,C:\Users\PC4\Downloads\TUK_PCA\AOI\defect image\KYK30K_MAIN\00000014\D1_R8.jpg,.jpg,2402,2025-11-20 15:51
AIRDEEP_M_BOT,1,G0_C23.jpg,roi,C:\Users\PC4\Downloads\TUK_PCA\AOI\defect image\AIRDEEP_M_BOT\00000001\G0_C23.jpg,.jpg,1896,2025-12-02 13:23
AIRDEEP_M_BOT,1,G0_U7.jpg,roi,C:\Users\PC4\Downloads\TUK_PCA\AOI\defect image\AIRDEEP_M_BOT\00000001\G0_U7.jpg,.jpg,34792,2025-12-02 13:23
AIRDEEP_M_BOT,1,G1_R24.jpg,roi,C:\Users\PC4\Downloads\TUK_PCA\AOI\defect image\AIRDEEP_M_BOT\00000001\G1_R24.jpg,.jpg,2453,2025-12-02 13:23
AIRDEEP_M_BOT,1,G1_U7.jpg,roi,C:\Users\PC4\Downloads\TUK_PCA\AOI\defect image\AIRDEEP_M_BOT\00000001\G1_U7.jpg,.jpg,33629,2025-12-02 13:23
AIRDEEP_M_BOT,1,G2_R24.jpg,roi,C:\Users\PC4\Downloads\TUK_PCA\AOI\defect image\AIRDEEP_M_BOT\00000001\G2_R24.jpg,.jpg,2469,2025-12-02 13:23
AIRDEEP_M_BOT,2,G1_U7.jpg,roi,C:\Users\PC4\Downloads\TUK_PCA\AOI\defect image\AIRDEEP_M_BOT\00000002\G1_U7.jpg,.jpg,33629,2025-12-02 13:23
AIRDEEP_M_BOT,3,G1_U7.jpg,roi,C:\Users\PC4\Downloads\TUK_PCA\AOI\defect image\AIRDEEP_M_BOT\00000003\G1_U7.jpg,.jpg,33629,2025-12-02 13:23
AIRDEEP_M_BOT,1,D0_C23.jpg,roi,C:\Users\PC4\Downloads\TUK_PCA\AOI\defect image\AIRDEEP_M_BOT\00000001\D0_C23.jpg,.jpg,1508,2025-12-02 13:23
AIRDEEP_M_BOT,1,D0_U7.jpg,roi,C:\Users\PC4\Downloads\TUK_PCA\AOI\defect image\AIRDEEP_M_BOT\00000001\D0_U7.jpg,.jpg,37264,2025-12-02 13:23
AIRDEEP_M_BOT,1,D1_R24.jpg,roi,C:\Users\PC4\Downloads\TUK_PCA\AOI\defect image\AIRDEEP_M_BOT\00000001\D1_R24.jpg,.jpg,2279,2025-12-02 13:23
AIRDEEP_M_BOT,1,D1_U7.jpg,roi,C:\Users\PC4\Downloads\TUK_PCA\AOI\defect image\AIRDEEP_M_BOT\00000001\D1_U7.jpg,.jpg,37070,2025-12-02 13:23
AIRDEEP_M_BOT,1,D2_R24.jpg,roi,C:\Users\PC4\Downloads\TUK_PCA\AOI\defect image\AIRDEEP_M_BOT\00000001\D2_R24.jpg,.jpg,2431,2025-12-02 13:23
AIRDEEP_M_BOT,2,D1_U7.jpg,roi,C:\Users\PC4\Downloads\TUK_PCA\AOI\defect image\AIRDEEP_M_BOT\00000002\D1_U7.jpg,.jpg,34566,2025-12-02 13:28
AIRDEEP_M_BOT,3,D1_U7.jpg,roi,C:\Users\PC4\Downloads\TUK_PCA\AOI\defect image\AIRDEEP_M_BOT\00000003\D1_U7.jpg,.jpg,34702,2025-12-02 13:30
AIRDEEP_M_BOT,7,G1_D6.jpg,roi,C:\Users\PC4\Downloads\TUK_PCA\AOI\defect image\AIRDEEP_M_BOT\00000007\G1_D6.jpg,.jpg,5710,2025-12-02 13:36
AIRDEEP_M_BOT,7,D1_D6.jpg,roi,C:\Users\PC4\Downloads\TUK_PCA\AOI\defect image\AIRDEEP_M_BOT\00000007\D1_D6.jpg,.jpg,4268,2025-12-02 13:36
AIRDEEP_M_TOP,8,G2_L6.jpg,roi,C:\Users\PC4\Downloads\TUK_PCA\AOI\defect image\AIRDEEP_M_TOP\00000008\G2_L6.jpg,.jpg,1884,2025-12-02 14:56
AIRDEEP_M_TOP,67,G2_C4.jpg,roi,C:\Users\PC4\Downloads\TUK_PCA\AOI\defect image\AIRDEEP_M_TOP\00000067\G2_C4.jpg,.jpg,1913,2025-12-02 14:56
AIRDEEP_M_TOP,67,G2_L6.jpg,roi,C:\Users\PC4\Downloads\TUK_PCA\AOI\defect image\AIRDEEP_M_TOP\00000067\G2_L6.jpg,.jpg,1884,2025-12-02 14:56
AIRDEEP_M_TOP,67,G2_R10.jpg,roi,C:\Users\PC4\Downloads\TUK_PCA\AOI\defect image\AIRDEEP_M_TOP\00000067\G2_R10.jpg,.jpg,2149,2025-12-02 14:56
AIRDEEP_M_TOP,67,G2_R6.jpg,roi,C:\Users\PC4\Downloads\TUK_PCA\AOI\defect image\AIRDEEP_M_TOP\00000067\G2_R6.jpg,.jpg,2222,2025-12-02 14:56
AIRDEEP_M_TOP,1,G0_C18.jpg,roi,C:\Users\PC4\Downloads\TUK_PCA\AOI\defect image\AIRDEEP_M_TOP\00000001\G0_C18.jpg,.jpg,1665,2025-12-02 14:56
AIRDEEP_M_TOP,1,G0_Q3.jpg,roi,C:\Users\PC4\Downloads\TUK_PCA\AOI\defect image\AIRDEEP_M_TOP\00000001\G0_Q3.jpg,.jpg,5599,2025-12-02 14:56
AIRDEEP_M_TOP,1,G1_C18.jpg,roi,C:\Users\PC4\Downloads\TUK_PCA\AOI\defect image\AIRDEEP_M_TOP\00000001\G1_C18.jpg,.jpg,1739,2025-12-02 14:56
AIRDEEP_M_TOP,1,G1_Q3.jpg,roi,C:\Users\PC4\Downloads\TUK_PCA\AOI\defect image\AIRDEEP_M_TOP\00000001\G1_Q3.jpg,.jpg,5833,2025-12-02 14:56
AIRDEEP_M_TOP,1,G1_X1.jpg,roi,C:\Users\PC4\Downloads\TUK_PCA\AOI\defect image\AIRDEEP_M_TOP\00000001\G1_X1.jpg,.jpg,4345,2025-12-02 14:56
AIRDEEP_M_TOP,1,G2_C18.jpg,roi,C:\Users\PC4\Downloads\TUK_PCA\AOI\defect image\AIRDEEP_M_TOP\00000001\G2_C18.jpg,.jpg,1738,2025-12-02 14:56
AIRDEEP_M_TOP,1,G2_Q3.jpg,roi,C:\Users\PC4\Downloads\TUK_PCA\AOI\defect image\AIRDEEP_M_TOP\00000001\G2_Q3.jpg,.jpg,5718,2025-12-02 14:56
AIRDEEP_M_TOP,1,G2_X1.jpg,roi,C:\Users\PC4\Downloads\TUK_PCA\AOI\defect image\AIRDEEP_M_TOP\00000001\G2_X1.jpg,.jpg,4181,2025-12-02 14:56
AIRDEEP_M_TOP,3,G0_C6.jpg,roi,C:\Users\PC4\Downloads\TUK_PCA\AOI\defect image\AIRDEEP_M_TOP\00000003\G0_C6.jpg,.jpg,16748,2025-12-02 14:56
AIRDEEP_M_TOP,3,G0_C7.jpg,roi,C:\Users\PC4\Downloads\TUK_PCA\AOI\defect image\AIRDEEP_M_TOP\00000003\G0_C7.jpg,.jpg,16252,2025-12-02 14:56
AIRDEEP_M_TOP,4,G0_C6.jpg,roi,C:\Users\PC4\Downloads\TUK_PCA\AOI\defect image\AIRDEEP_M_TOP\00000004\G0_C6.jpg,.jpg,16748,2025-12-02 14:56
AIRDEEP_M_TOP,4,G0_C7.jpg,roi,C:\Users\PC4\Downloads\TUK_PCA\AOI\defect image\AIRDEEP_M_TOP\00000004\G0_C7.jpg,.jpg,16252,2025-12-02 14:56
AIRDEEP_M_TOP,6,G0_C7.jpg,roi,C:\Users\PC4\Downloads\TUK_PCA\AOI\defect image\AIRDEEP_M_TOP\00000006\G0_C7.jpg,.jpg,16252,2025-12-02 14:56
AIRDEEP_M_TOP,6,G0_U6.jpg,roi,C:\Users\PC4\Downloads\TUK_PCA\AOI\defect image\AIRDEEP_M_TOP\00000006\G0_U6.jpg,.jpg,17323,2025-12-02 14:56
AIRDEEP_M_TOP,6,G2_C6.jpg,roi,C:\Users\PC4\Downloads\TUK_PCA\AOI\defect image\AIRDEEP_M_TOP\00000006\G2_C6.jpg,.jpg,16456,2025-12-02 14:56
AIRDEEP_M_TOP,7,G2_C6.jpg,roi,C:\Users\PC4\Downloads\TUK_PCA\AOI\defect image\AIRDEEP_M_TOP\00000007\G2_C6.jpg,.jpg,16456,2025-12-02 14:56
AIRDEEP_M_TOP,8,G2_C7.jpg,roi,C:\Users\PC4\Downloads\TUK_PCA\AOI\defect image\AIRDEEP_M_TOP\00000008\G2_C7.jpg,.jpg,16340,2025-12-02 14:56
AIRDEEP_M_TOP,9,G0_C7.jpg,roi,C:\Users\PC4\Downloads\TUK_PCA\AOI\defect image\AIRDEEP_M_TOP\00000009\G0_C7.jpg,.jpg,16252,2025-12-02 14:56
AIRDEEP_M_TOP,9,G1_C7.jpg,roi,C:\Users\PC4\Downloads\TUK_PCA\AOI\defect image\AIRDEEP_M_TOP\00000009\G1_C7.jpg,.jpg,17173,2025-12-02 14:56
AIRDEEP_M_TOP,10,G1_R4.jpg,roi,C:\Users\PC4\Downloads\TUK_PCA\AOI\defect image\AIRDEEP_M_TOP\00000010\G1_R4.jpg,.jpg,2316,2025-12-02 14:56
AIRDEEP_M_TOP,11,G2_C12.jpg,roi,C:\Users\PC4\Downloads\TUK_PCA\AOI\defect image\AIRDEEP_M_TOP\00000011\G2_C12.jpg,.jpg,1870,2025-12-02 14:56
AIRDEEP_M_TOP,12,G1_C17.jpg,roi,C:\Users\PC4\Downloads\TUK_PCA\AOI\defect image\AIRDEEP_M_TOP\00000012\G1_C17.jpg,.jpg,1774,2025-12-02 14:56
AIRDEEP_M_TOP,13,G2_C17.jpg,roi,C:\Users\PC4\Downloads\TUK_PCA\AOI\defect image\AIRDEEP_M_TOP\00000013\G2_C17.jpg,.jpg,1744,2025-12-02 14:56
AIRDEEP_M_TOP,14,G1_C7.jpg,roi,C:\Users\PC4\Downloads\TUK_PCA\AOI\defect image\AIRDEEP_M_TOP\00000014\G1_C7.jpg,.jpg,17173,2025-12-02 14:56
AIRDEEP_M_TOP,18,G2_C17.jpg,roi,C:\Users\PC4\Downloads\TUK_PCA\AOI\defect image\AIRDEEP_M_TOP\00000018\G2_C17.jpg,.jpg,1744,2025-12-02 14:56
AIRDEEP_M_TOP,19,G1_U6.jpg,roi,C:\Users\PC4\Downloads\TUK_PCA\AOI\defect image\AIRDEEP_M_TOP\00000019\G1_U6.jpg,.jpg,17569,2025-12-02 14:56
AIRDEEP_M_TOP,19,G2_U6.jpg,roi,C:\Users\PC4\Downloads\TUK_PCA\AOI\defect image\AIRDEEP_M_TOP\00000019\G2_U6.jpg,.jpg,17432,2025-12-02 14:56
AIRDEEP_M_TOP,20,G2_U6.jpg,roi,C:\Users\PC4\Downloads\TUK_PCA\AOI\defect image\AIRDEEP_M_TOP\00000020\G2_U6.jpg,.jpg,17432,2025-12-02 14:56
AIRDEEP_M_TOP,22,G0_C17.jpg,roi,C:\Users\PC4\Downloads\TUK_PCA\AOI\defect image\AIRDEEP_M_TOP\00000022\G0_C17.jpg,.jpg,1795,2025-12-02 14:56
AIRDEEP_M_TOP,24,G1_C7.jpg,roi,C:\Users\PC4\Downloads\TUK_PCA\AOI\defect image\AIRDEEP_M_TOP\00000024\G1_C7.jpg,.jpg,17173,2025-12-02 14:56
AIRDEEP_M_TOP,25,G0_C6.jpg,roi,C:\Users\PC4\Downloads\TUK_PCA\AOI\defect image\AIRDEEP_M_TOP\00000025\G0_C6.jpg,.jpg,16748,2025-12-02 14:56
AIRDEEP_M_TOP,34,G2_C6.jpg,roi,C:\Users\PC4\Downloads\TUK_PCA\AOI\defect image\AIRDEEP_M_TOP\00000034\G2_C6.jpg,.jpg,16456,2025-12-02 14:56
AIRDEEP_M_TOP,35,G0_U1.jpg,roi,C:\Users\PC4\Downloads\TUK_PCA\AOI\defect image\AIRDEEP_M_TOP\00000035\G0_U1.jpg,.jpg,83913,2025-12-02 14:56
AIRDEEP_M_TOP,45,G1_L6.jpg,roi,C:\Users\PC4\Downloads\TUK_PCA\AOI\defect image\AIRDEEP_M_TOP\00000045\G1_L6.jpg,.jpg,1852,2025-12-02 14:56
AIRDEEP_M_TOP,50,G2_U5.jpg,roi,C:\Users\PC4\Downloads\TUK_PCA\AOI\defect image\AIRDEEP_M_TOP\00000050\G2_U5.jpg,.jpg,6994,2025-12-02 14:56
AIRDEEP_M_TOP,65,G0_C2.jpg,roi,C:\Users\PC4\Downloads\TUK_PCA\AOI\defect image\AIRDEEP_M_TOP\00000065\G0_C2.jpg,.jpg,4336,2025-12-02 14:56
AIRDEEP_M_TOP,65,G1_L6.jpg,roi,C:\Users\PC4\Downloads\TUK_PCA\AOI\defect image\AIRDEEP_M_TOP\00000065\G1_L6.jpg,.jpg,1852,2025-12-02 14:56
AIRDEEP_M_TOP,67,G2_C11.jpg,roi,C:\Users\PC4\Downloads\TUK_PCA\AOI\defect image\AIRDEEP_M_TOP\00000067\G2_C11.jpg,.jpg,1986,2025-12-02 14:56
AIRDEEP_M_TOP,67,G2_C12.jpg,roi,C:\Users\PC4\Downloads\TUK_PCA\AOI\defect image\AIRDEEP_M_TOP\00000067\G2_C12.jpg,.jpg,1870,2025-12-02 14:56
AIRDEEP_M_TOP,67,G2_C15.jpg,roi,C:\Users\PC4\Downloads\TUK_PCA\AOI\defect image\AIRDEEP_M_TOP\00000067\G2_C15.jpg,.jpg,1524,2025-12-02 14:56
AIRDEEP_M_TOP,67,G2_C16.jpg,roi,C:\Users\PC4\Downloads\TUK_PCA\AOI\defect image\AIRDEEP_M_TOP\00000067\G2_C16.jpg,.jpg,1954,2025-12-02 14:56
AIRDEEP_M_TOP,67,G2_C17.jpg,roi,C:\Users\PC4\Downloads\TUK_PCA\AOI\defect image\AIRDEEP_M_TOP\00000067\G2_C17.jpg,.jpg,1744,2025-12-02 14:56
AIRDEEP_M_TOP,67,G2_C18.jpg,roi,C:\Users\PC4\Downloads\TUK_PCA\AOI\defect image\AIRDEEP_M_TOP\00000067\G2_C18.jpg,.jpg,1738,2025-12-02 14:56
AIRDEEP_M_TOP,67,G2_C19.jpg,roi,C:\Users\PC4\Downloads\TUK_PCA\AOI\defect image\AIRDEEP_M_TOP\00000067\G2_C19.jpg,.jpg,1895,2025-12-02 14:56
AIRDEEP_M_TOP,67,G2_C2.jpg,roi,C:\Users\PC4\Downloads\TUK_PCA\AOI\defect image\AIRDEEP_M_TOP\00000067\G2_C2.jpg,.jpg,4403,2025-12-02 14:56
AIRDEEP_M_TOP,67,G2_C33.jpg,roi,C:\Users\PC4\Downloads\TUK_PCA\AOI\defect image\AIRDEEP_M_TOP\00000067\G2_C33.jpg,.jpg,1971,2025-12-02 14:56
AIRDEEP_M_TOP,67,G2_C34.jpg,roi,C:\Users\PC4\Downloads\TUK_PCA\AOI\defect image\AIRDEEP_M_TOP\00000067\G2_C34.jpg,.jpg,2001,2025-12-02 14:56
AIRDEEP_M_TOP,67,G2_C5.jpg,roi,C:\Users\PC4\Downloads\TUK_PCA\AOI\defect image\AIRDEEP_M_TOP\00000067\G2_C5.jpg,.jpg,1967,2025-12-02 14:56
AIRDEEP_M_TOP,67,G2_C6.jpg,roi,C:\Users\PC4\Downloads\TUK_PCA\AOI\defect image\AIRDEEP_M_TOP\00000067\G2_C6.jpg,.jpg,16456,2025-12-02 14:56
AIRDEEP_M_TOP,67,G2_C7.jpg,roi,C:\Users\PC4\Downloads\TUK_PCA\AOI\defect image\AIRDEEP_M_TOP\00000067\G2_C7.jpg,.jpg,16340,2025-12-02 14:56
AIRDEEP_M_TOP,67,G2_C9.jpg,roi,C:\Users\PC4\Downloads\TUK_PCA\AOI\defect image\AIRDEEP_M_TOP\00000067\G2_C9.jpg,.jpg,1957,2025-12-02 14:56
AIRDEEP_M_TOP,67,G2_L1.jpg,roi,C:\Users\PC4\Downloads\TUK_PCA\AOI\defect image\AIRDEEP_M_TOP\00000067\G2_L1.jpg,.jpg,1894,2025-12-02 14:56
AIRDEEP_M_TOP,67,G2_L2.jpg,roi,C:\Users\PC4\Downloads\TUK_PCA\AOI\defect image\AIRDEEP_M_TOP\00000067\G2_L2.jpg,.jpg,1833,2025-12-02 14:56
AIRDEEP_M_TOP,67,G2_L4.jpg,roi,C:\Users\PC4\Downloads\TUK_PCA\AOI\defect image\AIRDEEP_M_TOP\00000067\G2_L4.jpg,.jpg,1754,2025-12-02 14:56
AIRDEEP_M_TOP,67,G2_Q2.jpg,roi,C:\Users\PC4\Downloads\TUK_PCA\AOI\defect image\AIRDEEP_M_TOP\00000067\G2_Q2.jpg,.jpg,5082,2025-12-02 14:56
AIRDEEP_M_TOP,67,G2_Q3.jpg,roi,C:\Users\PC4\Downloads\TUK_PCA\AOI\defect image\AIRDEEP_M_TOP\00000067\G2_Q3.jpg,.jpg,5718,2025-12-02 14:56
AIRDEEP_M_TOP,67,G2_Q4.jpg,roi,C:\Users\PC4\Downloads\TUK_PCA\AOI\defect image\AIRDEEP_M_TOP\00000067\G2_Q4.jpg,.jpg,5601,2025-12-02 14:56
AIRDEEP_M_TOP,67,G2_R1.jpg,roi,C:\Users\PC4\Downloads\TUK_PCA\AOI\defect image\AIRDEEP_M_TOP\00000067\G2_R1.jpg,.jpg,2067,2025-12-02 14:56
AIRDEEP_M_TOP,67,G2_R11.jpg,roi,C:\Users\PC4\Downloads\TUK_PCA\AOI\defect image\AIRDEEP_M_TOP\00000067\G2_R11.jpg,.jpg,2342,2025-12-02 14:56
AIRDEEP_M_TOP,67,G2_R13.jpg,roi,C:\Users\PC4\Downloads\TUK_PCA\AOI\defect image\AIRDEEP_M_TOP\00000067\G2_R13.jpg,.jpg,2364,2025-12-02 14:56
AIRDEEP_M_TOP,67,G2_R15.jpg,roi,C:\Users\PC4\Downloads\TUK_PCA\AOI\defect image\AIRDEEP_M_TOP\00000067\G2_R15.jpg,.jpg,2183,2025-12-02 14:56
AIRDEEP_M_TOP,67,G2_R16.jpg,roi,C:\Users\PC4\Downloads\TUK_PCA\AOI\defect image\AIRDEEP_M_TOP\00000067\G2_R16.jpg,.jpg,2141,2025-12-02 14:56
AIRDEEP_M_TOP,67,G2_R19.jpg,roi,C:\Users\PC4\Downloads\TUK_PCA\AOI\defect image\AIRDEEP_M_TOP\00000067\G2_R19.jpg,.jpg,2336,2025-12-02 14:56
AIRDEEP_M_TOP,67,G2_R26.jpg,roi,C:\Users\PC4\Downloads\TUK_PCA\AOI\defect image\AIRDEEP_M_TOP\00000067\G2_R26.jpg,.jpg,2342,2025-12-02 14:56
AIRDEEP_M_TOP,67,G2_R4.jpg,roi,C:\Users\PC4\Downloads\TUK_PCA\AOI\defect image\AIRDEEP_M_TOP\00000067\G2_R4.jpg,.jpg,2295,2025-12-02 14:56
AIRDEEP_M_TOP,67,G2_R5.jpg,roi,C:\Users\PC4\Downloads\TUK_PCA\AOI\defect image\AIRDEEP_M_TOP\00000067\G2_R5.jpg,.jpg,2295,2025-12-02 14:56
AIRDEEP_M_TOP,67,G2_R7.jpg,roi,C:\Users\PC4\Downloads\TUK_PCA\AOI\defect image\AIRDEEP_M_TOP\00000067\G2_R7.jpg,.jpg,2379,2025-12-02 14:56
AIRDEEP_M_TOP,67,G2_R9.jpg,roi,C:\Users\PC4\Downloads\TUK_PCA\AOI\defect image\AIRDEEP_M_TOP\00000067\G2_R9.jpg,.jpg,2152,2025-12-02 14:56
AIRDEEP_M_TOP,67,G2_U1.jpg,roi,C:\Users\PC4\Downloads\TUK_PCA\AOI\defect image\AIRDEEP_M_TOP\00000067\G2_U1.jpg,.jpg,84337,2025-12-02 14:56
AIRDEEP_M_TOP,67,G2_U5.jpg,roi,C:\Users\PC4\Downloads\TUK_PCA\AOI\defect image\AIRDEEP_M_TOP\00000067\G2_U5.jpg,.jpg,6994,2025-12-02 14:56
AIRDEEP_M_TOP,67,G2_U6.jpg,roi,C:\Users\PC4\Downloads\TUK_PCA\AOI\defect image\AIRDEEP_M_TOP\00000067\G2_U6.jpg,.jpg,17432,2025-12-02 14:56
AIRDEEP_M_TOP,67,G2_X1.jpg,roi,C:\Users\PC4\Downloads\TUK_PCA\AOI\defect image\AIRDEEP_M_TOP\00000067\G2_X1.jpg,.jpg,4181,2025-12-02 14:56
AIRDEEP_M_TOP,1,D0_C18.jpg,roi,C:\Users\PC4\Downloads\TUK_PCA\AOI\defect image\AIRDEEP_M_TOP\00000001\D0_C18.jpg,.jpg,1533,2025-12-02 14:57
AIRDEEP_M_TOP,1,D0_Q3.jpg,roi,C:\Users\PC4\Downloads\TUK_PCA\AOI\defect image\AIRDEEP_M_TOP\00000001\D0_Q3.jpg,.jpg,5612,2025-12-02 14:57
AIRDEEP_M_TOP,1,D1_C18.jpg,roi,C:\Users\PC4\Downloads\TUK_PCA\AOI\defect image\AIRDEEP_M_TOP\00000001\D1_C18.jpg,.jpg,1489,2025-12-02 14:57
AIRDEEP_M_TOP,1,D1_Q3.jpg,roi,C:\Users\PC4\Downloads\TUK_PCA\AOI\defect image\AIRDEEP_M_TOP\00000001\D1_Q3.jpg,.jpg,5659,2025-12-02 14:57
AIRDEEP_M_TOP,1,D1_X1.jpg,roi,C:\Users\PC4\Downloads\TUK_PCA\AOI\defect image\AIRDEEP_M_TOP\00000001\D1_X1.jpg,.jpg,4594,2025-12-02 14:57
AIRDEEP_M_TOP,1,D2_C18.jpg,roi,C:\Users\PC4\Downloads\TUK_PCA\AOI\defect image\AIRDEEP_M_TOP\00000001\D2_C18.jpg,.jpg,1508,2025-12-02 14:57
AIRDEEP_M_TOP,1,D2_Q3.jpg,roi,C:\Users\PC4\Downloads\TUK_PCA\AOI\defect image\AIRDEEP_M_TOP\00000001\D2_Q3.jpg,.jpg,5639,2025-12-02 14:57
AIRDEEP_M_TOP,1,D2_X1.jpg,roi,C:\Users\PC4\Downloads\TUK_PCA\AOI\defect image\AIRDEEP_M_TOP\00000001\D2_X1.jpg,.jpg,4202,2025-12-02 14:57
AIRDEEP_M_TOP,3,D0_C6.jpg,roi,C:\Users\PC4\Downloads\TUK_PCA\AOI\defect image\AIRDEEP_M_TOP\00000003\D0_C6.jpg,.jpg,15820,2025-12-02 15:00
AIRDEEP_M_TOP,3,D0_C7.jpg,roi,C:\Users\PC4\Downloads\TUK_PCA\AOI\defect image\AIRDEEP_M_TOP\00000003\D0_C7.jpg,.jpg,17666,2025-12-02 15:00
AIRDEEP_M_TOP,4,D0_C6.jpg,roi,C:\Users\PC4\Downloads\TUK_PCA\AOI\defect image\AIRDEEP_M_TOP\00000004\D0_C6.jpg,.jpg,15797,2025-12-02 15:01
AIRDEEP_M_TOP,4,D0_C7.jpg,roi,C:\Users\PC4\Downloads\TUK_PCA\AOI\defect image\AIRDEEP_M_TOP\00000004\D0_C7.jpg,.jpg,17719,2025-12-02 15:01
AIRDEEP_M_TOP,6,D0_C7.jpg,roi,C:\Users\PC4\Downloads\TUK_PCA\AOI\defect image\AIRDEEP_M_TOP\00000006\D0_C7.jpg,.jpg,16902,2025-12-02 15:03
AIRDEEP_M_TOP,6,D0_U6.jpg,roi,C:\Users\PC4\Downloads\TUK_PCA\AOI\defect image\AIRDEEP_M_TOP\00000006\D0_U6.jpg,.jpg,16861,2025-12-02 15:03
AIRDEEP_M_TOP,6,D2_C6.jpg,roi,C:\Users\PC4\Downloads\TUK_PCA\AOI\defect image\AIRDEEP_M_TOP\00000006\D2_C6.jpg,.jpg,15621,2025-12-02 15:03
AIRDEEP_M_TOP,7,D2_C6.jpg,roi,C:\Users\PC4\Downloads\TUK_PCA\AOI\defect image\AIRDEEP_M_TOP\00000007\D2_C6.jpg,.jpg,16291,2025-12-02 15:16
AIRDEEP_M_TOP,8,D2_C7.jpg,roi,C:\Users\PC4\Downloads\TUK_PCA\AOI\defect image\AIRDEEP_M_TOP\00000008\D2_C7.jpg,.jpg,16882,2025-12-02 15:17
AIRDEEP_M_TOP,8,D2_L6.jpg,roi,C:\Users\PC4\Downloads\TUK_PCA\AOI\defect image\AIRDEEP_M_TOP\00000008\D2_L6.jpg,.jpg,1476,2025-12-02 15:17
AIRDEEP_M_TOP,9,D0_C7.jpg,roi,C:\Users\PC4\Downloads\TUK_PCA\AOI\defect image\AIRDEEP_M_TOP\00000009\D0_C7.jpg,.jpg,16880,2025-12-02 15:17
AIRDEEP_M_TOP,9,D1_C7.jpg,roi,C:\Users\PC4\Downloads\TUK_PCA\AOI\defect image\AIRDEEP_M_TOP\00000009\D1_C7.jpg,.jpg,17185,2025-12-02 15:17
AIRDEEP_M_TOP,10,D1_R4.jpg,roi,C:\Users\PC4\Downloads\TUK_PCA\AOI\defect image\AIRDEEP_M_TOP\00000010\D1_R4.jpg,.jpg,2424,2025-12-02 15:18
AIRDEEP_M_TOP,11,D2_C12.jpg,roi,C:\Users\PC4\Downloads\TUK_PCA\AOI\defect image\AIRDEEP_M_TOP\00000011\D2_C12.jpg,.jpg,1483,2025-12-02 15:19
AIRDEEP_M_TOP,12,D1_C17.jpg,roi,C:\Users\PC4\Downloads\TUK_PCA\AOI\defect image\AIRDEEP_M_TOP\00000012\D1_C17.jpg,.jpg,1580,2025-12-02 15:19
AIRDEEP_M_TOP,13,D2_C17.jpg,roi,C:\Users\PC4\Downloads\TUK_PCA\AOI\defect image\AIRDEEP_M_TOP\00000013\D2_C17.jpg,.jpg,1933,2025-12-02 15:20
AIRDEEP_M_TOP,14,D1_C7.jpg,roi,C:\Users\PC4\Downloads\TUK_PCA\AOI\defect image\AIRDEEP_M_TOP\00000014\D1_C7.jpg,.jpg,16809,2025-12-02 15:20
AIRDEEP_M_TOP,18,D2_C17.jpg,roi,C:\Users\PC4\Downloads\TUK_PCA\AOI\defect image\AIRDEEP_M_TOP\00000018\D2_C17.jpg,.jpg,1913,2025-12-02 15:22
AIRDEEP_M_TOP,19,D1_U6.jpg,roi,C:\Users\PC4\Downloads\TUK_PCA\AOI\defect image\AIRDEEP_M_TOP\00000019\D1_U6.jpg,.jpg,16707,2025-12-02 15:22
AIRDEEP_M_TOP,19,D2_U6.jpg,roi,C:\Users\PC4\Downloads\TUK_PCA\AOI\defect image\AIRDEEP_M_TOP\00000019\D2_U6.jpg,.jpg,16841,2025-12-02 15:22
AIRDEEP_M_TOP,20,D2_U6.jpg,roi,C:\Users\PC4\Downloads\TUK_PCA\AOI\defect image\AIRDEEP_M_TOP\00000020\D2_U6.jpg,.jpg,16679,2025-12-02 15:23
AIRDEEP_M_TOP,22,D0_C17.jpg,roi,C:\Users\PC4\Downloads\TUK_PCA\AOI\defect image\AIRDEEP_M_TOP\00000022\D0_C17.jpg,.jpg,1922,2025-12-02 15:24
AIRDEEP_M_TOP,24,D1_C7.jpg,roi,C:\Users\PC4\Downloads\TUK_PCA\AOI\defect image\AIRDEEP_M_TOP\00000024\D1_C7.jpg,.jpg,17163,2025-12-02 15:25
AIRDEEP_M_TOP,25,D0_C6.jpg,roi,C:\Users\PC4\Downloads\TUK_PCA\AOI\defect image\AIRDEEP_M_TOP\00000025\D0_C6.jpg,.jpg,16237,2025-12-02 15:26
AIRDEEP_M_TOP,34,D2_C6.jpg,roi,C:\Users\PC4\Downloads\TUK_PCA\AOI\defect image\AIRDEEP_M_TOP\00000034\D2_C6.jpg,.jpg,15684,2025-12-02 15:30
AIRDEEP_M_TOP,35,D0_U1.jpg,roi,C:\Users\PC4\Downloads\TUK_PCA\AOI\defect image\AIRDEEP_M_TOP\00000035\D0_U1.jpg,.jpg,84572,2025-12-02 15:30
AIRDEEP_M_TOP,45,D1_L6.jpg,roi,C:\Users\PC4\Downloads\TUK_PCA\AOI\defect image\AIRDEEP_M_TOP\00000045\D1_L6.jpg,.jpg,1507,2025-12-02 15:35
AIRDEEP_M_TOP,50,D2_U5.jpg,roi,C:\Users\PC4\Downloads\TUK_PCA\AOI\defect image\AIRDEEP_M_TOP\00000050\D2_U5.jpg,.jpg,7250,2025-12-02 15:38
AIRDEEP_M_TOP,65,D0_C2.jpg,roi,C:\Users\PC4\Downloads\TUK_PCA\AOI\defect image\AIRDEEP_M_TOP\00000065\D0_C2.jpg,.jpg,4471,2025-12-02 15:46
AIRDEEP_M_TOP,65,D1_L6.jpg,roi,C:\Users\PC4\Downloads\TUK_PCA\AOI\defect image\AIRDEEP_M_TOP\00000065\D1_L6.jpg,.jpg,1495,2025-12-02 15:46
AIRDEEP_M_TOP,67,D2_C11.jpg,roi,C:\Users\PC4\Downloads\TUK_PCA\AOI\defect image\AIRDEEP_M_TOP\00000067\D2_C11.jpg,.jpg,1839,2025-12-02 15:47
AIRDEEP_M_TOP,67,D2_C12.jpg,roi,C:\Users\PC4\Downloads\TUK_PCA\AOI\defect image\AIRDEEP_M_TOP\00000067\D2_C12.jpg,.jpg,1898,2025-12-02 15:47
AIRDEEP_M_TOP,67,D2_C15.jpg,roi,C:\Users\PC4\Downloads\TUK_PCA\AOI\defect image\AIRDEEP_M_TOP\00000067\D2_C15.jpg,.jpg,1549,2025-12-02 15:47
AIRDEEP_M_TOP,67,D2_C16.jpg,roi,C:\Users\PC4\Downloads\TUK_PCA\AOI\defect image\AIRDEEP_M_TOP\00000067\D2_C16.jpg,.jpg,1875,2025-12-02 15:47
AIRDEEP_M_TOP,67,D2_C17.jpg,roi,C:\Users\PC4\Downloads\TUK_PCA\AOI\defect image\AIRDEEP_M_TOP\00000067\D2_C17.jpg,.jpg,1774,2025-12-02 15:47
AIRDEEP_M_TOP,67,D2_C18.jpg,roi,C:\Users\PC4\Downloads\TUK_PCA\AOI\defect image\AIRDEEP_M_TOP\00000067\D2_C18.jpg,.jpg,1761,2025-12-02 15:47
AIRDEEP_M_TOP,67,D2_C19.jpg,roi,C:\Users\PC4\Downloads\TUK_PCA\AOI\defect image\AIRDEEP_M_TOP\00000067\D2_C19.jpg,.jpg,1821,2025-12-02 15:47
AIRDEEP_M_TOP,67,D2_C2.jpg,roi,C:\Users\PC4\Downloads\TUK_PCA\AOI\defect image\AIRDEEP_M_TOP\00000067\D2_C2.jpg,.jpg,4385,2025-12-02 15:47
AIRDEEP_M_TOP,67,D2_C33.jpg,roi,C:\Users\PC4\Downloads\TUK_PCA\AOI\defect image\AIRDEEP_M_TOP\00000067\D2_C33.jpg,.jpg,1979,2025-12-02 15:47
AIRDEEP_M_TOP,67,D2_C34.jpg,roi,C:\Users\PC4\Downloads\TUK_PCA\AOI\defect image\AIRDEEP_M_TOP\00000067\D2_C34.jpg,.jpg,1981,2025-12-02 15:47
AIRDEEP_M_TOP,67,D2_C4.jpg,roi,C:\Users\PC4\Downloads\TUK_PCA\AOI\defect image\AIRDEEP_M_TOP\00000067\D2_C4.jpg,.jpg,1919,2025-12-02 15:47
AIRDEEP_M_TOP,67,D2_C5.jpg,roi,C:\Users\PC4\Downloads\TUK_PCA\AOI\defect image\AIRDEEP_M_TOP\00000067\D2_C5.jpg,.jpg,1937,2025-12-02 15:47
AIRDEEP_M_TOP,67,D2_C9.jpg,roi,C:\Users\PC4\Downloads\TUK_PCA\AOI\defect image\AIRDEEP_M_TOP\00000067\D2_C9.jpg,.jpg,1917,2025-12-02 15:47
AIRDEEP_M_TOP,67,D2_L1.jpg,roi,C:\Users\PC4\Downloads\TUK_PCA\AOI\defect image\AIRDEEP_M_TOP\00000067\D2_L1.jpg,.jpg,2189,2025-12-02 15:47
AIRDEEP_M_TOP,67,D2_L2.jpg,roi,C:\Users\PC4\Downloads\TUK_PCA\AOI\defect image\AIRDEEP_M_TOP\00000067\D2_L2.jpg,.jpg,2183,2025-12-02 15:47
AIRDEEP_M_TOP,67,D2_L4.jpg,roi,C:\Users\PC4\Downloads\TUK_PCA\AOI\defect image\AIRDEEP_M_TOP\00000067\D2_L4.jpg,.jpg,2066,2025-12-02 15:47
AIRDEEP_M_TOP,67,D2_Q2.jpg,roi,C:\Users\PC4\Downloads\TUK_PCA\AOI\defect image\AIRDEEP_M_TOP\00000067\D2_Q2.jpg,.jpg,5310,2025-12-02 15:47
AIRDEEP_M_TOP,67,D2_Q3.jpg,roi,C:\Users\PC4\Downloads\TUK_PCA\AOI\defect image\AIRDEEP_M_TOP\00000067\D2_Q3.jpg,.jpg,6561,2025-12-02 15:47
AIRDEEP_M_TOP,67,D2_Q4.jpg,roi,C:\Users\PC4\Downloads\TUK_PCA\AOI\defect image\AIRDEEP_M_TOP\00000067\D2_Q4.jpg,.jpg,6039,2025-12-02 15:47
AIRDEEP_M_TOP,67,D2_R1.jpg,roi,C:\Users\PC4\Downloads\TUK_PCA\AOI\defect image\AIRDEEP_M_TOP\00000067\D2_R1.jpg,.jpg,2069,2025-12-02 15:47
AIRDEEP_M_TOP,67,D2_R10.jpg,roi,C:\Users\PC4\Downloads\TUK_PCA\AOI\defect image\AIRDEEP_M_TOP\00000067\D2_R10.jpg,.jpg,1741,2025-12-02 15:47
AIRDEEP_M_TOP,67,D2_R11.jpg,roi,C:\Users\PC4\Downloads\TUK_PCA\AOI\defect image\AIRDEEP_M_TOP\00000067\D2_R11.jpg,.jpg,2218,2025-12-02 15:47
AIRDEEP_M_TOP,67,D2_R13.jpg,roi,C:\Users\PC4\Downloads\TUK_PCA\AOI\defect image\AIRDEEP_M_TOP\00000067\D2_R13.jpg,.jpg,2238,2025-12-02 15:47
AIRDEEP_M_TOP,67,D2_R15.jpg,roi,C:\Users\PC4\Downloads\TUK_PCA\AOI\defect image\AIRDEEP_M_TOP\00000067\D2_R15.jpg,.jpg,2218,2025-12-02 15:47
AIRDEEP_M_TOP,67,D2_R16.jpg,roi,C:\Users\PC4\Downloads\TUK_PCA\AOI\defect image\AIRDEEP_M_TOP\00000067\D2_R16.jpg,.jpg,1969,2025-12-02 15:47
AIRDEEP_M_TOP,67,D2_R19.jpg,roi,C:\Users\PC4\Downloads\TUK_PCA\AOI\defect image\AIRDEEP_M_TOP\00000067\D2_R19.jpg,.jpg,1997,2025-12-02 15:47
AIRDEEP_M_TOP,67,D2_R26.jpg,roi,C:\Users\PC4\Downloads\TUK_PCA\AOI\defect image\AIRDEEP_M_TOP\00000067\D2_R26.jpg,.jpg,2223,2025-12-02 15:47
AIRDEEP_M_TOP,67,D2_R4.jpg,roi,C:\Users\PC4\Downloads\TUK_PCA\AOI\defect image\AIRDEEP_M_TOP\00000067\D2_R4.jpg,.jpg,2325,2025-12-02 15:47
AIRDEEP_M_TOP,67,D2_R5.jpg,roi,C:\Users\PC4\Downloads\TUK_PCA\AOI\defect image\AIRDEEP_M_TOP\00000067\D2_R5.jpg,.jpg,2287,2025-12-02 15:47
AIRDEEP_M_TOP,67,D2_R9.jpg,roi,C:\Users\PC4\Downloads\TUK_PCA\AOI\defect image\AIRDEEP_M_TOP\00000067\D2_R9.jpg,.jpg,1799,2025-12-02 15:47
AIRDEEP_M_TOP,67,D2_U1.jpg,roi,C:\Users\PC4\Downloads\TUK_PCA\AOI\defect image\AIRDEEP_M_TOP\00000067\D2_U1.jpg,.jpg,81197,2025-12-02 15:47
AIRDEEP_M_TOP,67,D2_U5.jpg,roi,C:\Users\PC4\Downloads\TUK_PCA\AOI\defect image\AIRDEEP_M_TOP\00000067\D2_U5.jpg,.jpg,7656,2025-12-02 15:47
AIRDEEP_M_TOP,67,D2_U6.jpg,roi,C:\Users\PC4\Downloads\TUK_PCA\AOI\defect image\AIRDEEP_M_TOP\00000067\D2_U6.jpg,.jpg,19523,2025-12-02 15:47
AIRDEEP_M_TOP,67,D2_X1.jpg,roi,C:\Users\PC4\Downloads\TUK_PCA\AOI\defect image\AIRDEEP_M_TOP\00000067\D2_X1.jpg,.jpg,2346,2025-12-02 15:47
AIRDEEP_M_TOP,67,D2_C6.jpg,roi,C:\Users\PC4\Downloads\TUK_PCA\AOI\defect image\AIRDEEP_M_TOP\00000067\D2_C6.jpg,.jpg,21624,2025-12-02 15:47
AIRDEEP_M_TOP,67,D2_C7.jpg,roi,C:\Users\PC4\Downloads\TUK_PCA\AOI\defect image\AIRDEEP_M_TOP\00000067\D2_C7.jpg,.jpg,18580,2025-12-02 15:47
AIRDEEP_M_TOP,67,D2_L6.jpg,roi,C:\Users\PC4\Downloads\TUK_PCA\AOI\defect image\AIRDEEP_M_TOP\00000067\D2_L6.jpg,.jpg,2230,2025-12-02 15:47
AIRDEEP_M_TOP,67,D2_R6.jpg,roi,C:\Users\PC4\Downloads\TUK_PCA\AOI\defect image\AIRDEEP_M_TOP\00000067\D2_R6.jpg,.jpg,2190,2025-12-02 15:47
AIRDEEP_M_TOP,67,D2_R7.jpg,roi,C:\Users\PC4\Downloads\TUK_PCA\AOI\defect image\AIRDEEP_M_TOP\00000067\D2_R7.jpg,.jpg,2207,2025-12-02 15:47
CONTROLLER_COMM,2,G0_PC1.jpg,roi,C:\Users\PC4\Downloads\TUK_PCA\AOI\defect image\CONTROLLER_COMM\00000002\G0_PC1.jpg,.jpg,17519,2025-12-04 14:11
CONTROLLER_COMM,1,G0_D1C.jpg,roi,C:\Users\PC4\Downloads\TUK_PCA\AOI\defect image\CONTROLLER_COMM\00000001\G0_D1C.jpg,.jpg,4942,2025-12-04 14:11
CONTROLLER_COMM,2,G0_D5.jpg,roi,C:\Users\PC4\Downloads\TUK_PCA\AOI\defect image\CONTROLLER_COMM\00000002\G0_D5.jpg,.jpg,5125,2025-12-04 14:11
CONTROLLER_COMM,2,G0_R4.jpg,roi,C:\Users\PC4\Downloads\TUK_PCA\AOI\defect image\CONTROLLER_COMM\00000002\G0_R4.jpg,.jpg,3123,2025-12-04 14:11
CONTROLLER_COMM,2,G0_U1C.jpg,roi,C:\Users\PC4\Downloads\TUK_PCA\AOI\defect image\CONTROLLER_COMM\00000002\G0_U1C.jpg,.jpg,17769,2025-12-04 14:11
CONTROLLER_COMM,2,G0_U2C.jpg,roi,C:\Users\PC4\Downloads\TUK_PCA\AOI\defect image\CONTROLLER_COMM\00000002\G0_U2C.jpg,.jpg,17982,2025-12-04 14:11
CONTROLLER_COMM,2,G0_U3C.jpg,roi,C:\Users\PC4\Downloads\TUK_PCA\AOI\defect image\CONTROLLER_COMM\00000002\G0_U3C.jpg,.jpg,17126,2025-12-04 14:11
CONTROLLER_COMM,2,G0_U4C.jpg,roi,C:\Users\PC4\Downloads\TUK_PCA\AOI\defect image\CONTROLLER_COMM\00000002\G0_U4C.jpg,.jpg,18258,2025-12-04 14:11
CONTROLLER_COMM,2,G0_U5.jpg,roi,C:\Users\PC4\Downloads\TUK_PCA\AOI\defect image\CONTROLLER_COMM\00000002\G0_U5.jpg,.jpg,17989,2025-12-04 14:11
CONTROLLER_COMM,2,G0_U5C.jpg,roi,C:\Users\PC4\Downloads\TUK_PCA\AOI\defect image\CONTROLLER_COMM\00000002\G0_U5C.jpg,.jpg,17125,2025-12-04 14:11
CONTROLLER_COMM,2,G0_U6C.jpg,roi,C:\Users\PC4\Downloads\TUK_PCA\AOI\defect image\CONTROLLER_COMM\00000002\G0_U6C.jpg,.jpg,84533,2025-12-04 14:11
CONTROLLER_COMM,3,G0_D1C.jpg,roi,C:\Users\PC4\Downloads\TUK_PCA\AOI\defect image\CONTROLLER_COMM\00000003\G0_D1C.jpg,.jpg,4942,2025-12-04 14:11
CONTROLLER_COMM,4,G0_U6C.jpg,roi,C:\Users\PC4\Downloads\TUK_PCA\AOI\defect image\CONTROLLER_COMM\00000004\G0_U6C.jpg,.jpg,84533,2025-12-04 14:11
CONTROLLER_COMM,5,G0_U6C.jpg,roi,C:\Users\PC4\Downloads\TUK_PCA\AOI\defect image\CONTROLLER_COMM\00000005\G0_U6C.jpg,.jpg,84533,2025-12-04 14:11
CONTROLLER_COMM,8,G0_D1C.jpg,roi,C:\Users\PC4\Downloads\TUK_PCA\AOI\defect image\CONTROLLER_COMM\00000008\G0_D1C.jpg,.jpg,4942,2025-12-04 14:11
CONTROLLER_COMM,9,G0_S1.jpg,roi,C:\Users\PC4\Downloads\TUK_PCA\AOI\defect image\CONTROLLER_COMM\00000009\G0_S1.jpg,.jpg,19597,2025-12-04 14:11
CONTROLLER_COMM,9,G0_U6C.jpg,roi,C:\Users\PC4\Downloads\TUK_PCA\AOI\defect image\CONTROLLER_COMM\00000009\G0_U6C.jpg,.jpg,84533,2025-12-04 14:11
CONTROLLER_COMM,2,G0_U7.jpg,roi,C:\Users\PC4\Downloads\TUK_PCA\AOI\defect image\CONTROLLER_COMM\00000002\G0_U7.jpg,.jpg,51156,2025-12-04 14:11
CONTROLLER_COMM,4,G0_BD2.jpg,roi,C:\Users\PC4\Downloads\TUK_PCA\AOI\defect image\CONTROLLER_COMM\00000004\G0_BD2.jpg,.jpg,14269,2025-12-04 14:11
CONTROLLER_COMM,4,G0_EC6.jpg,roi,C:\Users\PC4\Downloads\TUK_PCA\AOI\defect image\CONTROLLER_COMM\00000004\G0_EC6.jpg,.jpg,25476,2025-12-04 14:11
CONTROLLER_COMM,5,G0_BD2.jpg,roi,C:\Users\PC4\Downloads\TUK_PCA\AOI\defect image\CONTROLLER_COMM\00000005\G0_BD2.jpg,.jpg,14269,2025-12-04 14:11
CONTROLLER_COMM,1,D0_D1C.jpg,roi,C:\Users\PC4\Downloads\TUK_PCA\AOI\defect image\CONTROLLER_COMM\00000001\D0_D1C.jpg,.jpg,4973,2025-12-04 14:12
CONTROLLER_COMM,2,D0_D5.jpg,roi,C:\Users\PC4\Downloads\TUK_PCA\AOI\defect image\CONTROLLER_COMM\00000002\D0_D5.jpg,.jpg,4014,2025-12-04 14:13
CONTROLLER_COMM,2,D0_R4.jpg,roi,C:\Users\PC4\Downloads\TUK_PCA\AOI\defect image\CONTROLLER_COMM\00000002\D0_R4.jpg,.jpg,2331,2025-12-04 14:13
CONTROLLER_COMM,2,D0_U5.jpg,roi,C:\Users\PC4\Downloads\TUK_PCA\AOI\defect image\CONTROLLER_COMM\00000002\D0_U5.jpg,.jpg,19907,2025-12-04 14:13
CONTROLLER_COMM,2,D0_PC1.jpg,roi,C:\Users\PC4\Downloads\TUK_PCA\AOI\defect image\CONTROLLER_COMM\00000002\D0_PC1.jpg,.jpg,17973,2025-12-04 14:13
CONTROLLER_COMM,2,D0_U5C.jpg,roi,C:\Users\PC4\Downloads\TUK_PCA\AOI\defect image\CONTROLLER_COMM\00000002\D0_U5C.jpg,.jpg,19730,2025-12-04 14:13
CONTROLLER_COMM,2,D0_U7.jpg,roi,C:\Users\PC4\Downloads\TUK_PCA\AOI\defect image\CONTROLLER_COMM\00000002\D0_U7.jpg,.jpg,51707,2025-12-04 14:13
CONTROLLER_COMM,2,D0_U1C.jpg,roi,C:\Users\PC4\Downloads\TUK_PCA\AOI\defect image\CONTROLLER_COMM\00000002\D0_U1C.jpg,.jpg,20427,2025-12-04 14:13
CONTROLLER_COMM,2,D0_U2C.jpg,roi,C:\Users\PC4\Downloads\TUK_PCA\AOI\defect image\CONTROLLER_COMM\00000002\D0_U2C.jpg,.jpg,19760,2025-12-04 14:13
CONTROLLER_COMM,2,D0_U3C.jpg,roi,C:\Users\PC4\Downloads\TUK_PCA\AOI\defect image\CONTROLLER_COMM\00000002\D0_U3C.jpg,.jpg,19834,2025-12-04 14:13
CONTROLLER_COMM,2,D0_U4C.jpg,roi,C:\Users\PC4\Downloads\TUK_PCA\AOI\defect image\CONTROLLER_COMM\00000002\D0_U4C.jpg,.jpg,20478,2025-12-04 14:13
CONTROLLER_COMM,2,D0_U6C.jpg,roi,C:\Users\PC4\Downloads\TUK_PCA\AOI\defect image\CONTROLLER_COMM\00000002\D0_U6C.jpg,.jpg,88838,2025-12-04 14:13
CONTROLLER_COMM,3,D0_D1C.jpg,roi,C:\Users\PC4\Downloads\TUK_PCA\AOI\defect image\CONTROLLER_COMM\00000003\D0_D1C.jpg,.jpg,5004,2025-12-04 14:22
CONTROLLER_COMM,4,D0_BD2.jpg,roi,C:\Users\PC4\Downloads\TUK_PCA\AOI\defect image\CONTROLLER_COMM\00000004\D0_BD2.jpg,.jpg,13678,2025-12-04 14:23
CONTROLLER_COMM,4,D0_EC6.jpg,roi,C:\Users\PC4\Downloads\TUK_PCA\AOI\defect image\CONTROLLER_COMM\00000004\D0_EC6.jpg,.jpg,25913,2025-12-04 14:23
CONTROLLER_COMM,4,D0_U6C.jpg,roi,C:\Users\PC4\Downloads\TUK_PCA\AOI\defect image\CONTROLLER_COMM\00000004\D0_U6C.jpg,.jpg,87655,2025-12-04 14:23
CONTROLLER_COMM,5,D0_BD2.jpg,roi,C:\Users\PC4\Downloads\TUK_PCA\AOI\defect image\CONTROLLER_COMM\00000005\D0_BD2.jpg,.jpg,14540,2025-12-04 14:25
CONTROLLER_COMM,5,D0_U6C.jpg,roi,C:\Users\PC4\Downloads\TUK_PCA\AOI\defect image\CONTROLLER_COMM\00000005\D0_U6C.jpg,.jpg,87838,2025-12-04 14:25
CONTROLLER_COMM,8,D0_D1C.jpg,roi,C:\Users\PC4\Downloads\TUK_PCA\AOI\defect image\CONTROLLER_COMM\00000008\D0_D1C.jpg,.jpg,4955,2025-12-04 14:28
CONTROLLER_COMM,9,D0_S1.jpg,roi,C:\Users\PC4\Downloads\TUK_PCA\AOI\defect image\CONTROLLER_COMM\00000009\D0_S1.jpg,.jpg,20188,2025-12-04 14:28
CONTROLLER_COMM,9,D0_U6C.jpg,roi,C:\Users\PC4\Downloads\TUK_PCA\AOI\defect image\CONTROLLER_COMM\00000009\D0_U6C.jpg,.jpg,89326,2025-12-04 14:28
AIRDEEP_M_BOT,8,G0_L5.jpg,roi,C:\Users\PC4\Downloads\TUK_PCA\AOI\defect image\AIRDEEP_M_BOT\00000008\G0_L5.jpg,.jpg,10210,2025-12-07 12:59
AIRDEEP_M_BOT,10,G1_L5.jpg,roi,C:\Users\PC4\Downloads\TUK_PCA\AOI\defect image\AIRDEEP_M_BOT\00000010\G1_L5.jpg,.jpg,10603,2025-12-07 12:59
AIRDEEP_M_BOT,17,G1_L5.jpg,roi,C:\Users\PC4\Downloads\TUK_PCA\AOI\defect image\AIRDEEP_M_BOT\00000017\G1_L5.jpg,.jpg,10603,2025-12-07 12:59
AIRDEEP_M_BOT,18,G0_L5.jpg,roi,C:\Users\PC4\Downloads\TUK_PCA\AOI\defect image\AIRDEEP_M_BOT\00000018\G0_L5.jpg,.jpg,10210,2025-12-07 12:59
AIRDEEP_M_BOT,18,G1_L5.jpg,roi,C:\Users\PC4\Downloads\TUK_PCA\AOI\defect image\AIRDEEP_M_BOT\00000018\G1_L5.jpg,.jpg,10603,2025-12-07 12:59
AIRDEEP_M_BOT,18,G2_L5.jpg,roi,C:\Users\PC4\Downloads\TUK_PCA\AOI\defect image\AIRDEEP_M_BOT\00000018\G2_L5.jpg,.jpg,10912,2025-12-07 12:59
AIRDEEP_M_BOT,19,G2_L5.jpg,roi,C:\Users\PC4\Downloads\TUK_PCA\AOI\defect image\AIRDEEP_M_BOT\00000019\G2_L5.jpg,.jpg,10912,2025-12-07 12:59
AIRDEEP_M_BOT,21,G2_L5.jpg,roi,C:\Users\PC4\Downloads\TUK_PCA\AOI\defect image\AIRDEEP_M_BOT\00000021\G2_L5.jpg,.jpg,10912,2025-12-07 12:59
AIRDEEP_M_BOT,22,G2_R37.jpg,roi,C:\Users\PC4\Downloads\TUK_PCA\AOI\defect image\AIRDEEP_M_BOT\00000022\G2_R37.jpg,.jpg,2366,2025-12-07 12:59
AIRDEEP_M_BOT,23,G0_L5.jpg,roi,C:\Users\PC4\Downloads\TUK_PCA\AOI\defect image\AIRDEEP_M_BOT\00000023\G0_L5.jpg,.jpg,10210,2025-12-07 12:59
AIRDEEP_M_BOT,28,G1_L5.jpg,roi,C:\Users\PC4\Downloads\TUK_PCA\AOI\defect image\AIRDEEP_M_BOT\00000028\G1_L5.jpg,.jpg,10603,2025-12-07 12:59
AIRDEEP_M_BOT,28,G2_L5.jpg,roi,C:\Users\PC4\Downloads\TUK_PCA\AOI\defect image\AIRDEEP_M_BOT\00000028\G2_L5.jpg,.jpg,10912,2025-12-07 12:59
AIRDEEP_M_BOT,29,G1_L5.jpg,roi,C:\Users\PC4\Downloads\TUK_PCA\AOI\defect image\AIRDEEP_M_BOT\00000029\G1_L5.jpg,.jpg,10603,2025-12-07 12:59
AIRDEEP_M_BOT,30,G1_L5.jpg,roi,C:\Users\PC4\Downloads\TUK_PCA\AOI\defect image\AIRDEEP_M_BOT\00000030\G1_L5.jpg,.jpg,10603,2025-12-07 12:59
AIRDEEP_M_BOT,32,G0_L5.jpg,roi,C:\Users\PC4\Downloads\TUK_PCA\AOI\defect image\AIRDEEP_M_BOT\00000032\G0_L5.jpg,.jpg,10210,2025-12-07 12:59
AIRDEEP_M_BOT,35,G2_L5.jpg,roi,C:\Users\PC4\Downloads\TUK_PCA\AOI\defect image\AIRDEEP_M_BOT\00000035\G2_L5.jpg,.jpg,10912,2025-12-07 12:59
AIRDEEP_M_BOT,37,G0_L5.jpg,roi,C:\Users\PC4\Downloads\TUK_PCA\AOI\defect image\AIRDEEP_M_BOT\00000037\G0_L5.jpg,.jpg,10210,2025-12-07 12:59
AIRDEEP_M_BOT,39,G2_L5.jpg,roi,C:\Users\PC4\Downloads\TUK_PCA\AOI\defect image\AIRDEEP_M_BOT\00000039\G2_L5.jpg,.jpg,10912,2025-12-07 12:59
AIRDEEP_M_BOT,43,G2_L5.jpg,roi,C:\Users\PC4\Downloads\TUK_PCA\AOI\defect image\AIRDEEP_M_BOT\00000043\G2_L5.jpg,.jpg,10912,2025-12-07 12:59
AIRDEEP_M_BOT,44,G0_L5.jpg,roi,C:\Users\PC4\Downloads\TUK_PCA\AOI\defect image\AIRDEEP_M_BOT\00000044\G0_L5.jpg,.jpg,10210,2025-12-07 12:59
AIRDEEP_M_BOT,44,G2_L5.jpg,roi,C:\Users\PC4\Downloads\TUK_PCA\AOI\defect image\AIRDEEP_M_BOT\00000044\G2_L5.jpg,.jpg,10912,2025-12-07 12:59
AIRDEEP_M_BOT,46,G2_L5.jpg,roi,C:\Users\PC4\Downloads\TUK_PCA\AOI\defect image\AIRDEEP_M_BOT\00000046\G2_L5.jpg,.jpg,10912,2025-12-07 12:59
AIRDEEP_M_BOT,47,G0_D5.jpg,roi,C:\Users\PC4\Downloads\TUK_PCA\AOI\defect image\AIRDEEP_M_BOT\00000047\G0_D5.jpg,.jpg,4773,2025-12-07 12:59
AIRDEEP_M_BOT,57,G1_L5.jpg,roi,C:\Users\PC4\Downloads\TUK_PCA\AOI\defect image\AIRDEEP_M_BOT\00000057\G1_L5.jpg,.jpg,10603,2025-12-07 12:59
AIRDEEP_M_BOT,66,G1_L5.jpg,roi,C:\Users\PC4\Downloads\TUK_PCA\AOI\defect image\AIRDEEP_M_BOT\00000066\G1_L5.jpg,.jpg,10603,2025-12-07 12:59
AIRDEEP_M_BOT,69,G0_D5.jpg,roi,C:\Users\PC4\Downloads\TUK_PCA\AOI\defect image\AIRDEEP_M_BOT\00000069\G0_D5.jpg,.jpg,4773,2025-12-07 12:59
AIRDEEP_M_BOT,69,G1_L5.jpg,roi,C:\Users\PC4\Downloads\TUK_PCA\AOI\defect image\AIRDEEP_M_BOT\00000069\G1_L5.jpg,.jpg,10603,2025-12-07 12:59
AIRDEEP_M_BOT,70,G2_L5.jpg,roi,C:\Users\PC4\Downloads\TUK_PCA\AOI\defect image\AIRDEEP_M_BOT\00000070\G2_L5.jpg,.jpg,10912,2025-12-07 12:59
AIRDEEP_M_BOT,74,G0_C10.jpg,roi,C:\Users\PC4\Downloads\TUK_PCA\AOI\defect image\AIRDEEP_M_BOT\00000074\G0_C10.jpg,.jpg,2041,2025-12-07 12:59
AIRDEEP_M_BOT,74,G0_C13.jpg,roi,C:\Users\PC4\Downloads\TUK_PCA\AOI\defect image\AIRDEEP_M_BOT\00000074\G0_C13.jpg,.jpg,2090,2025-12-07 12:59
AIRDEEP_M_BOT,74,G0_C21.jpg,roi,C:\Users\PC4\Downloads\TUK_PCA\AOI\defect image\AIRDEEP_M_BOT\00000074\G0_C21.jpg,.jpg,1849,2025-12-07 12:59
AIRDEEP_M_BOT,74,G0_D1.jpg,roi,C:\Users\PC4\Downloads\TUK_PCA\AOI\defect image\AIRDEEP_M_BOT\00000074\G0_D1.jpg,.jpg,5018,2025-12-07 12:59
AIRDEEP_M_BOT,74,G0_D5.jpg,roi,C:\Users\PC4\Downloads\TUK_PCA\AOI\defect image\AIRDEEP_M_BOT\00000074\G0_D5.jpg,.jpg,4773,2025-12-07 12:59
AIRDEEP_M_BOT,74,G0_L5.jpg,roi,C:\Users\PC4\Downloads\TUK_PCA\AOI\defect image\AIRDEEP_M_BOT\00000074\G0_L5.jpg,.jpg,10210,2025-12-07 12:59
AIRDEEP_M_BOT,74,G0_R12.jpg,roi,C:\Users\PC4\Downloads\TUK_PCA\AOI\defect image\AIRDEEP_M_BOT\00000074\G0_R12.jpg,.jpg,2345,2025-12-07 12:59
AIRDEEP_M_BOT,74,G0_R25.jpg,roi,C:\Users\PC4\Downloads\TUK_PCA\AOI\defect image\AIRDEEP_M_BOT\00000074\G0_R25.jpg,.jpg,2344,2025-12-07 12:59
AIRDEEP_M_BOT,74,G0_R30.jpg,roi,C:\Users\PC4\Downloads\TUK_PCA\AOI\defect image\AIRDEEP_M_BOT\00000074\G0_R30.jpg,.jpg,2356,2025-12-07 12:59
AIRDEEP_M_BOT,74,G0_R31.jpg,roi,C:\Users\PC4\Downloads\TUK_PCA\AOI\defect image\AIRDEEP_M_BOT\00000074\G0_R31.jpg,.jpg,2409,2025-12-07 12:59
AIRDEEP_M_BOT,74,G0_R36.jpg,roi,C:\Users\PC4\Downloads\TUK_PCA\AOI\defect image\AIRDEEP_M_BOT\00000074\G0_R36.jpg,.jpg,2466,2025-12-07 12:59
AIRDEEP_M_BOT,74,G0_R37.jpg,roi,C:\Users\PC4\Downloads\TUK_PCA\AOI\defect image\AIRDEEP_M_BOT\00000074\G0_R37.jpg,.jpg,2448,2025-12-07 12:59
AIRDEEP_M_BOT,74,G0_R38.jpg,roi,C:\Users\PC4\Downloads\TUK_PCA\AOI\defect image\AIRDEEP_M_BOT\00000074\G0_R38.jpg,.jpg,2318,2025-12-07 12:59
AIRDEEP_M_BOT,74,G0_R8.jpg,roi,C:\Users\PC4\Downloads\TUK_PCA\AOI\defect image\AIRDEEP_M_BOT\00000074\G0_R8.jpg,.jpg,2222,2025-12-07 12:59
AIRDEEP_M_BOT,8,G0_U7.jpg,roi,C:\Users\PC4\Downloads\TUK_PCA\AOI\defect image\AIRDEEP_M_BOT\00000008\G0_U7.jpg,.jpg,34615,2025-12-07 12:59
AIRDEEP_M_BOT,8,G1_L3.jpg,roi,C:\Users\PC4\Downloads\TUK_PCA\AOI\defect image\AIRDEEP_M_BOT\00000008\G1_L3.jpg,.jpg,2144,2025-12-07 12:59
AIRDEEP_M_BOT,8,G1_U7.jpg,roi,C:\Users\PC4\Downloads\TUK_PCA\AOI\defect image\AIRDEEP_M_BOT\00000008\G1_U7.jpg,.jpg,33927,2025-12-07 12:59
AIRDEEP_M_BOT,8,G2_U7.jpg,roi,C:\Users\PC4\Downloads\TUK_PCA\AOI\defect image\AIRDEEP_M_BOT\00000008\G2_U7.jpg,.jpg,35193,2025-12-07 12:59
AIRDEEP_M_BOT,10,G1_R28.jpg,roi,C:\Users\PC4\Downloads\TUK_PCA\AOI\defect image\AIRDEEP_M_BOT\00000010\G1_R28.jpg,.jpg,2416,2025-12-07 12:59
AIRDEEP_M_BOT,10,G1_U3.jpg,roi,C:\Users\PC4\Downloads\TUK_PCA\AOI\defect image\AIRDEEP_M_BOT\00000010\G1_U3.jpg,.jpg,6731,2025-12-07 12:59
AIRDEEP_M_BOT,11,G2_R3.jpg,roi,C:\Users\PC4\Downloads\TUK_PCA\AOI\defect image\AIRDEEP_M_BOT\00000011\G2_R3.jpg,.jpg,2208,2025-12-07 12:59
AIRDEEP_M_BOT,12,G1_R3.jpg,roi,C:\Users\PC4\Downloads\TUK_PCA\AOI\defect image\AIRDEEP_M_BOT\00000012\G1_R3.jpg,.jpg,2207,2025-12-07 12:59
AIRDEEP_M_BOT,16,G1_U3.jpg,roi,C:\Users\PC4\Downloads\TUK_PCA\AOI\defect image\AIRDEEP_M_BOT\00000016\G1_U3.jpg,.jpg,6731,2025-12-07 12:59
AIRDEEP_M_BOT,16,G2_D6.jpg,roi,C:\Users\PC4\Downloads\TUK_PCA\AOI\defect image\AIRDEEP_M_BOT\00000016\G2_D6.jpg,.jpg,5603,2025-12-07 12:59
AIRDEEP_M_BOT,22,G0_U7.jpg,roi,C:\Users\PC4\Downloads\TUK_PCA\AOI\defect image\AIRDEEP_M_BOT\00000022\G0_U7.jpg,.jpg,34615,2025-12-07 12:59
AIRDEEP_M_BOT,22,G1_D6.jpg,roi,C:\Users\PC4\Downloads\TUK_PCA\AOI\defect image\AIRDEEP_M_BOT\00000022\G1_D6.jpg,.jpg,5538,2025-12-07 12:59
AIRDEEP_M_BOT,24,G1_R20.jpg,roi,C:\Users\PC4\Downloads\TUK_PCA\AOI\defect image\AIRDEEP_M_BOT\00000024\G1_R20.jpg,.jpg,2374,2025-12-07 12:59
AIRDEEP_M_BOT,24,G2_D6.jpg,roi,C:\Users\PC4\Downloads\TUK_PCA\AOI\defect image\AIRDEEP_M_BOT\00000024\G2_D6.jpg,.jpg,5603,2025-12-07 12:59
AIRDEEP_M_BOT,33,G1_R22.jpg,roi,C:\Users\PC4\Downloads\TUK_PCA\AOI\defect image\AIRDEEP_M_BOT\00000033\G1_R22.jpg,.jpg,2297,2025-12-07 12:59
AIRDEEP_M_BOT,37,G2_L3.jpg,roi,C:\Users\PC4\Downloads\TUK_PCA\AOI\defect image\AIRDEEP_M_BOT\00000037\G2_L3.jpg,.jpg,2150,2025-12-07 12:59
AIRDEEP_M_BOT,39,G0_L3.jpg,roi,C:\Users\PC4\Downloads\TUK_PCA\AOI\defect image\AIRDEEP_M_BOT\00000039\G0_L3.jpg,.jpg,2158,2025-12-07 12:59
AIRDEEP_M_BOT,40,G2_D6.jpg,roi,C:\Users\PC4\Downloads\TUK_PCA\AOI\defect image\AIRDEEP_M_BOT\00000040\G2_D6.jpg,.jpg,5603,2025-12-07 12:59
AIRDEEP_M_BOT,49,G0_L3.jpg,roi,C:\Users\PC4\Downloads\TUK_PCA\AOI\defect image\AIRDEEP_M_BOT\00000049\G0_L3.jpg,.jpg,2158,2025-12-07 12:59
AIRDEEP_M_BOT,62,G2_U7.jpg,roi,C:\Users\PC4\Downloads\TUK_PCA\AOI\defect image\AIRDEEP_M_BOT\00000062\G2_U7.jpg,.jpg,35193,2025-12-07 12:59
AIRDEEP_M_BOT,74,G0_C1.jpg,roi,C:\Users\PC4\Downloads\TUK_PCA\AOI\defect image\AIRDEEP_M_BOT\00000074\G0_C1.jpg,.jpg,1992,2025-12-07 12:59
AIRDEEP_M_BOT,74,G0_C14.jpg,roi,C:\Users\PC4\Downloads\TUK_PCA\AOI\defect image\AIRDEEP_M_BOT\00000074\G0_C14.jpg,.jpg,2880,2025-12-07 12:59
AIRDEEP_M_BOT,74,G0_C20.jpg,roi,C:\Users\PC4\Downloads\TUK_PCA\AOI\defect image\AIRDEEP_M_BOT\00000074\G0_C20.jpg,.jpg,1966,2025-12-07 12:59
AIRDEEP_M_BOT,74,G0_C22.jpg,roi,C:\Users\PC4\Downloads\TUK_PCA\AOI\defect image\AIRDEEP_M_BOT\00000074\G0_C22.jpg,.jpg,1910,2025-12-07 12:59
AIRDEEP_M_BOT,74,G0_C23.jpg,roi,C:\Users\PC4\Downloads\TUK_PCA\AOI\defect image\AIRDEEP_M_BOT\00000074\G0_C23.jpg,.jpg,2019,2025-12-07 12:59
AIRDEEP_M_BOT,74,G0_C24.jpg,roi,C:\Users\PC4\Downloads\TUK_PCA\AOI\defect image\AIRDEEP_M_BOT\00000074\G0_C24.jpg,.jpg,2000,2025-12-07 12:59
AIRDEEP_M_BOT,74,G0_C25.jpg,roi,C:\Users\PC4\Downloads\TUK_PCA\AOI\defect image\AIRDEEP_M_BOT\00000074\G0_C25.jpg,.jpg,2019,2025-12-07 12:59
AIRDEEP_M_BOT,74,G0_C26.jpg,roi,C:\Users\PC4\Downloads\TUK_PCA\AOI\defect image\AIRDEEP_M_BOT\00000074\G0_C26.jpg,.jpg,1884,2025-12-07 12:59
AIRDEEP_M_BOT,74,G0_C27.jpg,roi,C:\Users\PC4\Downloads\TUK_PCA\AOI\defect image\AIRDEEP_M_BOT\00000074\G0_C27.jpg,.jpg,1880,2025-12-07 12:59
AIRDEEP_M_BOT,74,G0_C28.jpg,roi,C:\Users\PC4\Downloads\TUK_PCA\AOI\defect image\AIRDEEP_M_BOT\00000074\G0_C28.jpg,.jpg,1842,2025-12-07 12:59
AIRDEEP_M_BOT,74,G0_C29.jpg,roi,C:\Users\PC4\Downloads\TUK_PCA\AOI\defect image\AIRDEEP_M_BOT\00000074\G0_C29.jpg,.jpg,1872,2025-12-07 12:59
AIRDEEP_M_BOT,74,G0_C3.jpg,roi,C:\Users\PC4\Downloads\TUK_PCA\AOI\defect image\AIRDEEP_M_BOT\00000074\G0_C3.jpg,.jpg,2072,2025-12-07 12:59
AIRDEEP_M_BOT,74,G0_C30.jpg,roi,C:\Users\PC4\Downloads\TUK_PCA\AOI\defect image\AIRDEEP_M_BOT\00000074\G0_C30.jpg,.jpg,1799,2025-12-07 12:59
AIRDEEP_M_BOT,74,G0_C31.jpg,roi,C:\Users\PC4\Downloads\TUK_PCA\AOI\defect image\AIRDEEP_M_BOT\00000074\G0_C31.jpg,.jpg,2069,2025-12-07 12:59
AIRDEEP_M_BOT,74,G0_C32.jpg,roi,C:\Users\PC4\Downloads\TUK_PCA\AOI\defect image\AIRDEEP_M_BOT\00000074\G0_C32.jpg,.jpg,2741,2025-12-07 12:59
AIRDEEP_M_BOT,74,G0_C8.jpg,roi,C:\Users\PC4\Downloads\TUK_PCA\AOI\defect image\AIRDEEP_M_BOT\00000074\G0_C8.jpg,.jpg,2804,2025-12-07 12:59
AIRDEEP_M_BOT,74,G0_D6.jpg,roi,C:\Users\PC4\Downloads\TUK_PCA\AOI\defect image\AIRDEEP_M_BOT\00000074\G0_D6.jpg,.jpg,5514,2025-12-07 12:59
AIRDEEP_M_BOT,74,G0_FET1.jpg,roi,C:\Users\PC4\Downloads\TUK_PCA\AOI\defect image\AIRDEEP_M_BOT\00000074\G0_FET1.jpg,.jpg,5333,2025-12-07 12:59
AIRDEEP_M_BOT,74,G0_FET4.jpg,roi,C:\Users\PC4\Downloads\TUK_PCA\AOI\defect image\AIRDEEP_M_BOT\00000074\G0_FET4.jpg,.jpg,5479,2025-12-07 12:59
AIRDEEP_M_BOT,74,G0_L3.jpg,roi,C:\Users\PC4\Downloads\TUK_PCA\AOI\defect image\AIRDEEP_M_BOT\00000074\G0_L3.jpg,.jpg,2158,2025-12-07 12:59
AIRDEEP_M_BOT,74,G0_R14.jpg,roi,C:\Users\PC4\Downloads\TUK_PCA\AOI\defect image\AIRDEEP_M_BOT\00000074\G0_R14.jpg,.jpg,2484,2025-12-07 12:59
AIRDEEP_M_BOT,74,G0_R17.jpg,roi,C:\Users\PC4\Downloads\TUK_PCA\AOI\defect image\AIRDEEP_M_BOT\00000074\G0_R17.jpg,.jpg,2484,2025-12-07 12:59
AIRDEEP_M_BOT,74,G0_R18.jpg,roi,C:\Users\PC4\Downloads\TUK_PCA\AOI\defect image\AIRDEEP_M_BOT\00000074\G0_R18.jpg,.jpg,2376,2025-12-07 12:59
AIRDEEP_M_BOT,74,G0_R2.jpg,roi,C:\Users\PC4\Downloads\TUK_PCA\AOI\defect image\AIRDEEP_M_BOT\00000074\G0_R2.jpg,.jpg,2361,2025-12-07 12:59
AIRDEEP_M_BOT,74,G0_R20.jpg,roi,C:\Users\PC4\Downloads\TUK_PCA\AOI\defect image\AIRDEEP_M_BOT\00000074\G0_R20.jpg,.jpg,2410,2025-12-07 12:59
AIRDEEP_M_BOT,74,G0_R21.jpg,roi,C:\Users\PC4\Downloads\TUK_PCA\AOI\defect image\AIRDEEP_M_BOT\00000074\G0_R21.jpg,.jpg,2289,2025-12-07 12:59
AIRDEEP_M_BOT,74,G0_R22.jpg,roi,C:\Users\PC4\Downloads\TUK_PCA\AOI\defect image\AIRDEEP_M_BOT\00000074\G0_R22.jpg,.jpg,2364,2025-12-07 12:59
AIRDEEP_M_BOT,74,G0_R23.jpg,roi,C:\Users\PC4\Downloads\TUK_PCA\AOI\defect image\AIRDEEP_M_BOT\00000074\G0_R23.jpg,.jpg,2130,2025-12-07 12:59
AIRDEEP_M_BOT,74,G0_R24.jpg,roi,C:\Users\PC4\Downloads\TUK_PCA\AOI\defect image\AIRDEEP_M_BOT\00000074\G0_R24.jpg,.jpg,2416,2025-12-07 12:59
AIRDEEP_M_BOT,74,G0_R27.jpg,roi,C:\Users\PC4\Downloads\TUK_PCA\AOI\defect image\AIRDEEP_M_BOT\00000074\G0_R27.jpg,.jpg,2425,2025-12-07 12:59
AIRDEEP_M_BOT,74,G0_R28.jpg,roi,C:\Users\PC4\Downloads\TUK_PCA\AOI\defect image\AIRDEEP_M_BOT\00000074\G0_R28.jpg,.jpg,2406,2025-12-07 12:59
AIRDEEP_M_BOT,74,G0_R29.jpg,roi,C:\Users\PC4\Downloads\TUK_PCA\AOI\defect image\AIRDEEP_M_BOT\00000074\G0_R29.jpg,.jpg,2434,2025-12-07 12:59
AIRDEEP_M_BOT,74,G0_R3.jpg,roi,C:\Users\PC4\Downloads\TUK_PCA\AOI\defect image\AIRDEEP_M_BOT\00000074\G0_R3.jpg,.jpg,2222,2025-12-07 12:59
AIRDEEP_M_BOT,74,G0_R32.jpg,roi,C:\Users\PC4\Downloads\TUK_PCA\AOI\defect image\AIRDEEP_M_BOT\00000074\G0_R32.jpg,.jpg,2505,2025-12-07 12:59
AIRDEEP_M_BOT,74,G0_R33.jpg,roi,C:\Users\PC4\Downloads\TUK_PCA\AOI\defect image\AIRDEEP_M_BOT\00000074\G0_R33.jpg,.jpg,2316,2025-12-07 12:59
AIRDEEP_M_BOT,74,G0_R34.jpg,roi,C:\Users\PC4\Downloads\TUK_PCA\AOI\defect image\AIRDEEP_M_BOT\00000074\G0_R34.jpg,.jpg,2298,2025-12-07 12:59
AIRDEEP_M_BOT,74,G0_R35.jpg,roi,C:\Users\PC4\Downloads\TUK_PCA\AOI\defect image\AIRDEEP_M_BOT\00000074\G0_R35.jpg,.jpg,2591,2025-12-07 12:59
AIRDEEP_M_BOT,74,G0_SW1.jpg,roi,C:\Users\PC4\Downloads\TUK_PCA\AOI\defect image\AIRDEEP_M_BOT\00000074\G0_SW1.jpg,.jpg,20117,2025-12-07 12:59
AIRDEEP_M_BOT,74,G0_U2.jpg,roi,C:\Users\PC4\Downloads\TUK_PCA\AOI\defect image\AIRDEEP_M_BOT\00000074\G0_U2.jpg,.jpg,2835,2025-12-07 12:59
AIRDEEP_M_BOT,74,G0_U3.jpg,roi,C:\Users\PC4\Downloads\TUK_PCA\AOI\defect image\AIRDEEP_M_BOT\00000074\G0_U3.jpg,.jpg,6669,2025-12-07 12:59
AIRDEEP_M_BOT,74,G0_U7.jpg,roi,C:\Users\PC4\Downloads\TUK_PCA\AOI\defect image\AIRDEEP_M_BOT\00000074\G0_U7.jpg,.jpg,34615,2025-12-07 12:59
AIRDEEP_M_BOT,8,D0_L5.jpg,roi,C:\Users\PC4\Downloads\TUK_PCA\AOI\defect image\AIRDEEP_M_BOT\00000008\D0_L5.jpg,.jpg,12384,2025-12-07 12:59
AIRDEEP_M_BOT,8,D0_U7.jpg,roi,C:\Users\PC4\Downloads\TUK_PCA\AOI\defect image\AIRDEEP_M_BOT\00000008\D0_U7.jpg,.jpg,34387,2025-12-07 12:59
AIRDEEP_M_BOT,8,D1_L3.jpg,roi,C:\Users\PC4\Downloads\TUK_PCA\AOI\defect image\AIRDEEP_M_BOT\00000008\D1_L3.jpg,.jpg,1489,2025-12-07 12:59
AIRDEEP_M_BOT,8,D1_U7.jpg,roi,C:\Users\PC4\Downloads\TUK_PCA\AOI\defect image\AIRDEEP_M_BOT\00000008\D1_U7.jpg,.jpg,36368,2025-12-07 12:59
AIRDEEP_M_BOT,8,D2_U7.jpg,roi,C:\Users\PC4\Downloads\TUK_PCA\AOI\defect image\AIRDEEP_M_BOT\00000008\D2_U7.jpg,.jpg,34610,2025-12-07 12:59
AIRDEEP_M_BOT,10,D1_L5.jpg,roi,C:\Users\PC4\Downloads\TUK_PCA\AOI\defect image\AIRDEEP_M_BOT\00000010\D1_L5.jpg,.jpg,6175,2025-12-07 13:11
AIRDEEP_M_BOT,10,D1_R28.jpg,roi,C:\Users\PC4\Downloads\TUK_PCA\AOI\defect image\AIRDEEP_M_BOT\00000010\D1_R28.jpg,.jpg,1519,2025-12-07 13:11
AIRDEEP_M_BOT,10,D1_U3.jpg,roi,C:\Users\PC4\Downloads\TUK_PCA\AOI\defect image\AIRDEEP_M_BOT\00000010\D1_U3.jpg,.jpg,6752,2025-12-07 13:11
AIRDEEP_M_BOT,11,D2_R3.jpg,roi,C:\Users\PC4\Downloads\TUK_PCA\AOI\defect image\AIRDEEP_M_BOT\00000011\D2_R3.jpg,.jpg,2544,2025-12-07 13:12
AIRDEEP_M_BOT,12,D1_R3.jpg,roi,C:\Users\PC4\Downloads\TUK_PCA\AOI\defect image\AIRDEEP_M_BOT\00000012\D1_R3.jpg,.jpg,2386,2025-12-07 13:13
AIRDEEP_M_BOT,16,D1_U3.jpg,roi,C:\Users\PC4\Downloads\TUK_PCA\AOI\defect image\AIRDEEP_M_BOT\00000016\D1_U3.jpg,.jpg,6761,2025-12-07 13:16
AIRDEEP_M_BOT,16,D2_D6.jpg,roi,C:\Users\PC4\Downloads\TUK_PCA\AOI\defect image\AIRDEEP_M_BOT\00000016\D2_D6.jpg,.jpg,5638,2025-12-07 13:16
AIRDEEP_M_BOT,17,D1_L5.jpg,roi,C:\Users\PC4\Downloads\TUK_PCA\AOI\defect image\AIRDEEP_M_BOT\00000017\D1_L5.jpg,.jpg,6563,2025-12-07 13:17
AIRDEEP_M_BOT,18,D0_L5.jpg,roi,C:\Users\PC4\Downloads\TUK_PCA\AOI\defect image\AIRDEEP_M_BOT\00000018\D0_L5.jpg,.jpg,11991,2025-12-07 13:17
AIRDEEP_M_BOT,18,D1_L5.jpg,roi,C:\Users\PC4\Downloads\TUK_PCA\AOI\defect image\AIRDEEP_M_BOT\00000018\D1_L5.jpg,.jpg,12259,2025-12-07 13:17
AIRDEEP_M_BOT,18,D2_L5.jpg,roi,C:\Users\PC4\Downloads\TUK_PCA\AOI\defect image\AIRDEEP_M_BOT\00000018\D2_L5.jpg,.jpg,6415,2025-12-07 13:17
AIRDEEP_M_BOT,19,D2_L5.jpg,roi,C:\Users\PC4\Downloads\TUK_PCA\AOI\defect image\AIRDEEP_M_BOT\00000019\D2_L5.jpg,.jpg,6912,2025-12-07 13:18
AIRDEEP_M_BOT,21,D2_L5.jpg,roi,C:\Users\PC4\Downloads\TUK_PCA\AOI\defect image\AIRDEEP_M_BOT\00000021\D2_L5.jpg,.jpg,6761,2025-12-07 13:21
AIRDEEP_M_BOT,22,D0_U7.jpg,roi,C:\Users\PC4\Downloads\TUK_PCA\AOI\defect image\AIRDEEP_M_BOT\00000022\D0_U7.jpg,.jpg,34552,2025-12-07 13:22
AIRDEEP_M_BOT,22,D1_D6.jpg,roi,C:\Users\PC4\Downloads\TUK_PCA\AOI\defect image\AIRDEEP_M_BOT\00000022\D1_D6.jpg,.jpg,5636,2025-12-07 13:22
AIRDEEP_M_BOT,22,D2_R37.jpg,roi,C:\Users\PC4\Downloads\TUK_PCA\AOI\defect image\AIRDEEP_M_BOT\00000022\D2_R37.jpg,.jpg,2264,2025-12-07 13:22
AIRDEEP_M_BOT,23,D0_L5.jpg,roi,C:\Users\PC4\Downloads\TUK_PCA\AOI\defect image\AIRDEEP_M_BOT\00000023\D0_L5.jpg,.jpg,10533,2025-12-07 13:22
AIRDEEP_M_BOT,24,D1_R20.jpg,roi,C:\Users\PC4\Downloads\TUK_PCA\AOI\defect image\AIRDEEP_M_BOT\00000024\D1_R20.jpg,.jpg,1578,2025-12-07 13:23
AIRDEEP_M_BOT,24,D2_D6.jpg,roi,C:\Users\PC4\Downloads\TUK_PCA\AOI\defect image\AIRDEEP_M_BOT\00000024\D2_D6.jpg,.jpg,5641,2025-12-07 13:23
AIRDEEP_M_BOT,28,D1_L5.jpg,roi,C:\Users\PC4\Downloads\TUK_PCA\AOI\defect image\AIRDEEP_M_BOT\00000028\D1_L5.jpg,.jpg,11314,2025-12-07 13:25
AIRDEEP_M_BOT,28,D2_L5.jpg,roi,C:\Users\PC4\Downloads\TUK_PCA\AOI\defect image\AIRDEEP_M_BOT\00000028\D2_L5.jpg,.jpg,12607,2025-12-07 13:25
AIRDEEP_M_BOT,29,D1_L5.jpg,roi,C:\Users\PC4\Downloads\TUK_PCA\AOI\defect image\AIRDEEP_M_BOT\00000029\D1_L5.jpg,.jpg,12335,2025-12-07 13:26
AIRDEEP_M_BOT,30,D1_L5.jpg,roi,C:\Users\PC4\Downloads\TUK_PCA\AOI\defect image\AIRDEEP_M_BOT\00000030\D1_L5.jpg,.jpg,10293,2025-12-07 13:27
AIRDEEP_M_BOT,32,D0_L5.jpg,roi,C:\Users\PC4\Downloads\TUK_PCA\AOI\defect image\AIRDEEP_M_BOT\00000032\D0_L5.jpg,.jpg,10809,2025-12-07 13:28
AIRDEEP_M_BOT,33,D1_R22.jpg,roi,C:\Users\PC4\Downloads\TUK_PCA\AOI\defect image\AIRDEEP_M_BOT\00000033\D1_R22.jpg,.jpg,1626,2025-12-07 13:29
AIRDEEP_M_BOT,35,D2_L5.jpg,roi,C:\Users\PC4\Downloads\TUK_PCA\AOI\defect image\AIRDEEP_M_BOT\00000035\D2_L5.jpg,.jpg,6708,2025-12-07 13:30
AIRDEEP_M_BOT,37,D0_L5.jpg,roi,C:\Users\PC4\Downloads\TUK_PCA\AOI\defect image\AIRDEEP_M_BOT\00000037\D0_L5.jpg,.jpg,11766,2025-12-07 13:31
AIRDEEP_M_BOT,37,D2_L3.jpg,roi,C:\Users\PC4\Downloads\TUK_PCA\AOI\defect image\AIRDEEP_M_BOT\00000037\D2_L3.jpg,.jpg,1570,2025-12-07 13:32
AIRDEEP_M_BOT,39,D0_L3.jpg,roi,C:\Users\PC4\Downloads\TUK_PCA\AOI\defect image\AIRDEEP_M_BOT\00000039\D0_L3.jpg,.jpg,1555,2025-12-07 13:33
AIRDEEP_M_BOT,39,D2_L5.jpg,roi,C:\Users\PC4\Downloads\TUK_PCA\AOI\defect image\AIRDEEP_M_BOT\00000039\D2_L5.jpg,.jpg,6663,2025-12-07 13:33
AIRDEEP_M_BOT,40,D2_D6.jpg,roi,C:\Users\PC4\Downloads\TUK_PCA\AOI\defect image\AIRDEEP_M_BOT\00000040\D2_D6.jpg,.jpg,5720,2025-12-07 13:33
AIRDEEP_M_BOT,43,D2_L5.jpg,roi,C:\Users\PC4\Downloads\TUK_PCA\AOI\defect image\AIRDEEP_M_BOT\00000043\D2_L5.jpg,.jpg,6973,2025-12-07 13:35
AIRDEEP_M_BOT,44,D0_L5.jpg,roi,C:\Users\PC4\Downloads\TUK_PCA\AOI\defect image\AIRDEEP_M_BOT\00000044\D0_L5.jpg,.jpg,12437,2025-12-07 13:36
AIRDEEP_M_BOT,44,D2_L5.jpg,roi,C:\Users\PC4\Downloads\TUK_PCA\AOI\defect image\AIRDEEP_M_BOT\00000044\D2_L5.jpg,.jpg,12499,2025-12-07 13:36
AIRDEEP_M_BOT,46,D2_L5.jpg,roi,C:\Users\PC4\Downloads\TUK_PCA\AOI\defect image\AIRDEEP_M_BOT\00000046\D2_L5.jpg,.jpg,10830,2025-12-07 13:37
AIRDEEP_M_BOT,47,D0_D5.jpg,roi,C:\Users\PC4\Downloads\TUK_PCA\AOI\defect image\AIRDEEP_M_BOT\00000047\D0_D5.jpg,.jpg,4930,2025-12-07 13:38
AIRDEEP_M_BOT,49,D0_L3.jpg,roi,C:\Users\PC4\Downloads\TUK_PCA\AOI\defect image\AIRDEEP_M_BOT\00000049\D0_L3.jpg,.jpg,1455,2025-12-07 13:39
AIRDEEP_M_BOT,57,D1_L5.jpg,roi,C:\Users\PC4\Downloads\TUK_PCA\AOI\defect image\AIRDEEP_M_BOT\00000057\D1_L5.jpg,.jpg,6634,2025-12-07 13:44
AIRDEEP_M_BOT,62,D2_U7.jpg,roi,C:\Users\PC4\Downloads\TUK_PCA\AOI\defect image\AIRDEEP_M_BOT\00000062\D2_U7.jpg,.jpg,35398,2025-12-07 13:47
AIRDEEP_M_BOT,66,D1_L5.jpg,roi,C:\Users\PC4\Downloads\TUK_PCA\AOI\defect image\AIRDEEP_M_BOT\00000066\D1_L5.jpg,.jpg,12338,2025-12-07 13:49
AIRDEEP_M_BOT,69,D0_D5.jpg,roi,C:\Users\PC4\Downloads\TUK_PCA\AOI\defect image\AIRDEEP_M_BOT\00000069\D0_D5.jpg,.jpg,4995,2025-12-07 13:51
AIRDEEP_M_BOT,69,D1_L5.jpg,roi,C:\Users\PC4\Downloads\TUK_PCA\AOI\defect image\AIRDEEP_M_BOT\00000069\D1_L5.jpg,.jpg,12300,2025-12-07 13:51
AIRDEEP_M_BOT,70,D2_L5.jpg,roi,C:\Users\PC4\Downloads\TUK_PCA\AOI\defect image\AIRDEEP_M_BOT\00000070\D2_L5.jpg,.jpg,10731,2025-12-07 13:52
AIRDEEP_M_BOT,74,D0_C1.jpg,roi,C:\Users\PC4\Downloads\TUK_PCA\AOI\defect image\AIRDEEP_M_BOT\00000074\D0_C1.jpg,.jpg,2128,2025-12-07 13:54
AIRDEEP_M_BOT,74,D0_C10.jpg,roi,C:\Users\PC4\Downloads\TUK_PCA\AOI\defect image\AIRDEEP_M_BOT\00000074\D0_C10.jpg,.jpg,2037,2025-12-07 13:54
AIRDEEP_M_BOT,74,D0_C13.jpg,roi,C:\Users\PC4\Downloads\TUK_PCA\AOI\defect image\AIRDEEP_M_BOT\00000074\D0_C13.jpg,.jpg,2082,2025-12-07 13:54
AIRDEEP_M_BOT,74,D0_C14.jpg,roi,C:\Users\PC4\Downloads\TUK_PCA\AOI\defect image\AIRDEEP_M_BOT\00000074\D0_C14.jpg,.jpg,2682,2025-12-07 13:54
AIRDEEP_M_BOT,74,D0_C20.jpg,roi,C:\Users\PC4\Downloads\TUK_PCA\AOI\defect image\AIRDEEP_M_BOT\00000074\D0_C20.jpg,.jpg,2242,2025-12-07 13:54
AIRDEEP_M_BOT,74,D0_C21.jpg,roi,C:\Users\PC4\Downloads\TUK_PCA\AOI\defect image\AIRDEEP_M_BOT\00000074\D0_C21.jpg,.jpg,1786,2025-12-07 13:54
AIRDEEP_M_BOT,74,D0_C22.jpg,roi,C:\Users\PC4\Downloads\TUK_PCA\AOI\defect image\AIRDEEP_M_BOT\00000074\D0_C22.jpg,.jpg,2179,2025-12-07 13:54
AIRDEEP_M_BOT,74,D0_C23.jpg,roi,C:\Users\PC4\Downloads\TUK_PCA\AOI\defect image\AIRDEEP_M_BOT\00000074\D0_C23.jpg,.jpg,2000,2025-12-07 13:54
AIRDEEP_M_BOT,74,D0_C24.jpg,roi,C:\Users\PC4\Downloads\TUK_PCA\AOI\defect image\AIRDEEP_M_BOT\00000074\D0_C24.jpg,.jpg,2116,2025-12-07 13:54
AIRDEEP_M_BOT,74,D0_C25.jpg,roi,C:\Users\PC4\Downloads\TUK_PCA\AOI\defect image\AIRDEEP_M_BOT\00000074\D0_C25.jpg,.jpg,1931,2025-12-07 13:54
AIRDEEP_M_BOT,74,D0_C26.jpg,roi,C:\Users\PC4\Downloads\TUK_PCA\AOI\defect image\AIRDEEP_M_BOT\00000074\D0_C26.jpg,.jpg,1719,2025-12-07 13:54
AIRDEEP_M_BOT,74,D0_C27.jpg,roi,C:\Users\PC4\Downloads\TUK_PCA\AOI\defect image\AIRDEEP_M_BOT\00000074\D0_C27.jpg,.jpg,1953,2025-12-07 13:54
AIRDEEP_M_BOT,74,D0_C28.jpg,roi,C:\Users\PC4\Downloads\TUK_PCA\AOI\defect image\AIRDEEP_M_BOT\00000074\D0_C28.jpg,.jpg,1980,2025-12-07 13:54
AIRDEEP_M_BOT,74,D0_C29.jpg,roi,C:\Users\PC4\Downloads\TUK_PCA\AOI\defect image\AIRDEEP_M_BOT\00000074\D0_C29.jpg,.jpg,2094,2025-12-07 13:54
AIRDEEP_M_BOT,74,D0_C3.jpg,roi,C:\Users\PC4\Downloads\TUK_PCA\AOI\defect image\AIRDEEP_M_BOT\00000074\D0_C3.jpg,.jpg,2177,2025-12-07 13:54
AIRDEEP_M_BOT,74,D0_C30.jpg,roi,C:\Users\PC4\Downloads\TUK_PCA\AOI\defect image\AIRDEEP_M_BOT\00000074\D0_C30.jpg,.jpg,2016,2025-12-07 13:54
AIRDEEP_M_BOT,74,D0_C31.jpg,roi,C:\Users\PC4\Downloads\TUK_PCA\AOI\defect image\AIRDEEP_M_BOT\00000074\D0_C31.jpg,.jpg,2238,2025-12-07 13:54
AIRDEEP_M_BOT,74,D0_C32.jpg,roi,C:\Users\PC4\Downloads\TUK_PCA\AOI\defect image\AIRDEEP_M_BOT\00000074\D0_C32.jpg,.jpg,2773,2025-12-07 13:54
AIRDEEP_M_BOT,74,D0_C8.jpg,roi,C:\Users\PC4\Downloads\TUK_PCA\AOI\defect image\AIRDEEP_M_BOT\00000074\D0_C8.jpg,.jpg,2529,2025-12-07 13:54
AIRDEEP_M_BOT,74,D0_D1.jpg,roi,C:\Users\PC4\Downloads\TUK_PCA\AOI\defect image\AIRDEEP_M_BOT\00000074\D0_D1.jpg,.jpg,5965,2025-12-07 13:54
AIRDEEP_M_BOT,74,D0_D5.jpg,roi,C:\Users\PC4\Downloads\TUK_PCA\AOI\defect image\AIRDEEP_M_BOT\00000074\D0_D5.jpg,.jpg,5967,2025-12-07 13:54
AIRDEEP_M_BOT,74,D0_D6.jpg,roi,C:\Users\PC4\Downloads\TUK_PCA\AOI\defect image\AIRDEEP_M_BOT\00000074\D0_D6.jpg,.jpg,4770,2025-12-07 13:54
AIRDEEP_M_BOT,74,D0_FET1.jpg,roi,C:\Users\PC4\Downloads\TUK_PCA\AOI\defect image\AIRDEEP_M_BOT\00000074\D0_FET1.jpg,.jpg,6497,2025-12-07 13:54
AIRDEEP_M_BOT,74,D0_FET4.jpg,roi,C:\Users\PC4\Downloads\TUK_PCA\AOI\defect image\AIRDEEP_M_BOT\00000074\D0_FET4.jpg,.jpg,6453,2025-12-07 13:54
AIRDEEP_M_BOT,74,D0_L3.jpg,roi,C:\Users\PC4\Downloads\TUK_PCA\AOI\defect image\AIRDEEP_M_BOT\00000074\D0_L3.jpg,.jpg,2393,2025-12-07 13:54
AIRDEEP_M_BOT,74,D0_L5.jpg,roi,C:\Users\PC4\Downloads\TUK_PCA\AOI\defect image\AIRDEEP_M_BOT\00000074\D0_L5.jpg,.jpg,11171,2025-12-07 13:54
AIRDEEP_M_BOT,74,D0_R12.jpg,roi,C:\Users\PC4\Downloads\TUK_PCA\AOI\defect image\AIRDEEP_M_BOT\00000074\D0_R12.jpg,.jpg,2319,2025-12-07 13:54
AIRDEEP_M_BOT,74,D0_R14.jpg,roi,C:\Users\PC4\Downloads\TUK_PCA\AOI\defect image\AIRDEEP_M_BOT\00000074\D0_R14.jpg,.jpg,2024,2025-12-07 13:54
AIRDEEP_M_BOT,74,D0_R17.jpg,roi,C:\Users\PC4\Downloads\TUK_PCA\AOI\defect image\AIRDEEP_M_BOT\00000074\D0_R17.jpg,.jpg,2136,2025-12-07 13:54
AIRDEEP_M_BOT,74,D0_R18.jpg,roi,C:\Users\PC4\Downloads\TUK_PCA\AOI\defect image\AIRDEEP_M_BOT\00000074\D0_R18.jpg,.jpg,2118,2025-12-07 13:54
AIRDEEP_M_BOT,74,D0_R2.jpg,roi,C:\Users\PC4\Downloads\TUK_PCA\AOI\defect image\AIRDEEP_M_BOT\00000074\D0_R2.jpg,.jpg,2267,2025-12-07 13:54
AIRDEEP_M_BOT,74,D0_R20.jpg,roi,C:\Users\PC4\Downloads\TUK_PCA\AOI\defect image\AIRDEEP_M_BOT\00000074\D0_R20.jpg,.jpg,2277,2025-12-07 13:54
AIRDEEP_M_BOT,74,D0_R21.jpg,roi,C:\Users\PC4\Downloads\TUK_PCA\AOI\defect image\AIRDEEP_M_BOT\00000074\D0_R21.jpg,.jpg,2169,2025-12-07 13:54
AIRDEEP_M_BOT,74,D0_R22.jpg,roi,C:\Users\PC4\Downloads\TUK_PCA\AOI\defect image\AIRDEEP_M_BOT\00000074\D0_R22.jpg,.jpg,2207,2025-12-07 13:54
AIRDEEP_M_BOT,74,D0_R23.jpg,roi,C:\Users\PC4\Downloads\TUK_PCA\AOI\defect image\AIRDEEP_M_BOT\00000074\D0_R23.jpg,.jpg,2006,2025-12-07 13:54
AIRDEEP_M_BOT,74,D0_R24.jpg,roi,C:\Users\PC4\Downloads\TUK_PCA\AOI\defect image\AIRDEEP_M_BOT\00000074\D0_R24.jpg,.jpg,2231,2025-12-07 13:54
AIRDEEP_M_BOT,74,D0_R25.jpg,roi,C:\Users\PC4\Downloads\TUK_PCA\AOI\defect image\AIRDEEP_M_BOT\00000074\D0_R25.jpg,.jpg,2179,2025-12-07 13:54
AIRDEEP_M_BOT,74,D0_R27.jpg,roi,C:\Users\PC4\Downloads\TUK_PCA\AOI\defect image\AIRDEEP_M_BOT\00000074\D0_R27.jpg,.jpg,2128,2025-12-07 13:54
AIRDEEP_M_BOT,74,D0_R28.jpg,roi,C:\Users\PC4\Downloads\TUK_PCA\AOI\defect image\AIRDEEP_M_BOT\00000074\D0_R28.jpg,.jpg,1990,2025-12-07 13:54
AIRDEEP_M_BOT,74,D0_R29.jpg,roi,C:\Users\PC4\Downloads\TUK_PCA\AOI\defect image\AIRDEEP_M_BOT\00000074\D0_R29.jpg,.jpg,2395,2025-12-07 13:54
AIRDEEP_M_BOT,74,D0_R3.jpg,roi,C:\Users\PC4\Downloads\TUK_PCA\AOI\defect image\AIRDEEP_M_BOT\00000074\D0_R3.jpg,.jpg,2248,2025-12-07 13:54
AIRDEEP_M_BOT,74,D0_R30.jpg,roi,C:\Users\PC4\Downloads\TUK_PCA\AOI\defect image\AIRDEEP_M_BOT\00000074\D0_R30.jpg,.jpg,2307,2025-12-07 13:54
AIRDEEP_M_BOT,74,D0_R31.jpg,roi,C:\Users\PC4\Downloads\TUK_PCA\AOI\defect image\AIRDEEP_M_BOT\00000074\D0_R31.jpg,.jpg,2301,2025-12-07 13:54
AIRDEEP_M_BOT,74,D0_R32.jpg,roi,C:\Users\PC4\Downloads\TUK_PCA\AOI\defect image\AIRDEEP_M_BOT\00000074\D0_R32.jpg,.jpg,2122,2025-12-07 13:54
AIRDEEP_M_BOT,74,D0_R33.jpg,roi,C:\Users\PC4\Downloads\TUK_PCA\AOI\defect image\AIRDEEP_M_BOT\00000074\D0_R33.jpg,.jpg,2400,2025-12-07 13:54
AIRDEEP_M_BOT,74,D0_R34.jpg,roi,C:\Users\PC4\Downloads\TUK_PCA\AOI\defect image\AIRDEEP_M_BOT\00000074\D0_R34.jpg,.jpg,2074,2025-12-07 13:54
AIRDEEP_M_BOT,74,D0_R35.jpg,roi,C:\Users\PC4\Downloads\TUK_PCA\AOI\defect image\AIRDEEP_M_BOT\00000074\D0_R35.jpg,.jpg,2242,2025-12-07 13:54
AIRDEEP_M_BOT,74,D0_R36.jpg,roi,C:\Users\PC4\Downloads\TUK_PCA\AOI\defect image\AIRDEEP_M_BOT\00000074\D0_R36.jpg,.jpg,2209,2025-12-07 13:54
AIRDEEP_M_BOT,74,D0_R37.jpg,roi,C:\Users\PC4\Downloads\TUK_PCA\AOI\defect image\AIRDEEP_M_BOT\00000074\D0_R37.jpg,.jpg,2151,2025-12-07 13:54
AIRDEEP_M_BOT,74,D0_R38.jpg,roi,C:\Users\PC4\Downloads\TUK_PCA\AOI\defect image\AIRDEEP_M_BOT\00000074\D0_R38.jpg,.jpg,2350,2025-12-07 13:54
AIRDEEP_M_BOT,74,D0_R8.jpg,roi,C:\Users\PC4\Downloads\TUK_PCA\AOI\defect image\AIRDEEP_M_BOT\00000074\D0_R8.jpg,.jpg,2433,2025-12-07 13:54
AIRDEEP_M_BOT,74,D0_SW1.jpg,roi,C:\Users\PC4\Downloads\TUK_PCA\AOI\defect image\AIRDEEP_M_BOT\00000074\D0_SW1.jpg,.jpg,18528,2025-12-07 13:54
AIRDEEP_M_BOT,74,D0_U2.jpg,roi,C:\Users\PC4\Downloads\TUK_PCA\AOI\defect image\AIRDEEP_M_BOT\00000074\D0_U2.jpg,.jpg,5908,2025-12-07 13:54
AIRDEEP_M_BOT,74,D0_U3.jpg,roi,C:\Users\PC4\Downloads\TUK_PCA\AOI\defect image\AIRDEEP_M_BOT\00000074\D0_U3.jpg,.jpg,8859,2025-12-07 13:54
AIRDEEP_M_BOT,74,D0_U7.jpg,roi,C:\Users\PC4\Downloads\TUK_PCA\AOI\defect image\AIRDEEP_M_BOT\00000074\D0_U7.jpg,.jpg,39173,2025-12-07 13:54
G1408CH_FULL_251207,1,G0_T10.jpg,roi,C:\Users\PC4\Downloads\TUK_PCA\AOI\defect image\G1408CH_FULL_251207\00000001\G0_T10.jpg,.jpg,23749,2025-12-07 17:30
G1408CH_FULL_251207,1,D0_T10.jpg,roi,C:\Users\PC4\Downloads\TUK_PCA\AOI\defect image\G1408CH_FULL_251207\00000001\D0_T10.jpg,.jpg,22617,2025-12-07 17:30
G1408CH_FULL_251207,5,G1_X1.jpg,roi,C:\Users\PC4\Downloads\TUK_PCA\AOI\defect image\G1408CH_FULL_251207\00000005\G1_X1.jpg,.jpg,41656,2025-12-07 17:33
G1408CH_FULL_251207,5,G1_Q4.jpg,roi,C:\Users\PC4\Downloads\TUK_PCA\AOI\defect image\G1408CH_FULL_251207\00000005\G1_Q4.jpg,.jpg,5919,2025-12-07 17:34
G1408CH_FULL_251207,5,D1_Q4.jpg,roi,C:\Users\PC4\Downloads\TUK_PCA\AOI\defect image\G1408CH_FULL_251207\00000005\D1_Q4.jpg,.jpg,6184,2025-12-07 17:35
G1408CH_FULL_251207,5,D1_X1.jpg,roi,C:\Users\PC4\Downloads\TUK_PCA\AOI\defect image\G1408CH_FULL_251207\00000005\D1_X1.jpg,.jpg,41688,2025-12-07 17:35
G1408CH_FULL_251207,10,G1_C2.jpg,roi,C:\Users\PC4\Downloads\TUK_PCA\AOI\defect image\G1408CH_FULL_251207\00000010\G1_C2.jpg,.jpg,2354,2025-12-07 17:38
G1408CH_FULL_251207,28,G0_R59.jpg,roi,C:\Users\PC4\Downloads\TUK_PCA\AOI\defect image\G1408CH_FULL_251207\00000028\G0_R59.jpg,.jpg,3299,2025-12-07 17:38
G1408CH_FULL_251207,10,G0_C1.jpg,roi,C:\Users\PC4\Downloads\TUK_PCA\AOI\defect image\G1408CH_FULL_251207\00000010\G0_C1.jpg,.jpg,2279,2025-12-07 17:38
G1408CH_FULL_251207,10,G1_C3.jpg,roi,C:\Users\PC4\Downloads\TUK_PCA\AOI\defect image\G1408CH_FULL_251207\00000010\G1_C3.jpg,.jpg,2255,2025-12-07 17:38
G1408CH_FULL_251207,14,G1_R29.jpg,roi,C:\Users\PC4\Downloads\TUK_PCA\AOI\defect image\G1408CH_FULL_251207\00000014\G1_R29.jpg,.jpg,3113,2025-12-07 17:38
G1408CH_FULL_251207,15,G1_D15.jpg,roi,C:\Users\PC4\Downloads\TUK_PCA\AOI\defect image\G1408CH_FULL_251207\00000015\G1_D15.jpg,.jpg,5113,2025-12-07 17:38
G1408CH_FULL_251207,17,G1_D15.jpg,roi,C:\Users\PC4\Downloads\TUK_PCA\AOI\defect image\G1408CH_FULL_251207\00000017\G1_D15.jpg,.jpg,5113,2025-12-07 17:38
G1408CH_FULL_251207,17,G1_D20.jpg,roi,C:\Users\PC4\Downloads\TUK_PCA\AOI\defect image\G1408CH_FULL_251207\00000017\G1_D20.jpg,.jpg,5344,2025-12-07 17:38
G1408CH_FULL_251207,19,G1_D15.jpg,roi,C:\Users\PC4\Downloads\TUK_PCA\AOI\defect image\G1408CH_FULL_251207\00000019\G1_D15.jpg,.jpg,5113,2025-12-07 17:38
G1408CH_FULL_251207,24,G1_T2.jpg,roi,C:\Users\PC4\Downloads\TUK_PCA\AOI\defect image\G1408CH_FULL_251207\00000024\G1_T2.jpg,.jpg,22748,2025-12-07 17:38
G1408CH_FULL_251207,26,G0_D20.jpg,roi,C:\Users\PC4\Downloads\TUK_PCA\AOI\defect image\G1408CH_FULL_251207\00000026\G0_D20.jpg,.jpg,5285,2025-12-07 17:38
G1408CH_FULL_251207,27,G1_R31.jpg,roi,C:\Users\PC4\Downloads\TUK_PCA\AOI\defect image\G1408CH_FULL_251207\00000027\G1_R31.jpg,.jpg,3245,2025-12-07 17:38
G1408CH_FULL_251207,30,G0_R38.jpg,roi,C:\Users\PC4\Downloads\TUK_PCA\AOI\defect image\G1408CH_FULL_251207\00000030\G0_R38.jpg,.jpg,3149,2025-12-07 17:38
G1408CH_FULL_251207,9,G1_U2.jpg,roi,C:\Users\PC4\Downloads\TUK_PCA\AOI\defect image\G1408CH_FULL_251207\00000009\G1_U2.jpg,.jpg,16160,2025-12-07 17:38
G1408CH_FULL_251207,9,G1_U4.jpg,roi,C:\Users\PC4\Downloads\TUK_PCA\AOI\defect image\G1408CH_FULL_251207\00000009\G1_U4.jpg,.jpg,16174,2025-12-07 17:38
G1408CH_FULL_251207,9,G1_X1.jpg,roi,C:\Users\PC4\Downloads\TUK_PCA\AOI\defect image\G1408CH_FULL_251207\00000009\G1_X1.jpg,.jpg,41359,2025-12-07 17:38
G1408CH_FULL_251207,12,G0_U2.jpg,roi,C:\Users\PC4\Downloads\TUK_PCA\AOI\defect image\G1408CH_FULL_251207\00000012\G0_U2.jpg,.jpg,16898,2025-12-07 17:38
G1408CH_FULL_251207,12,G0_U4.jpg,roi,C:\Users\PC4\Downloads\TUK_PCA\AOI\defect image\G1408CH_FULL_251207\00000012\G0_U4.jpg,.jpg,16474,2025-12-07 17:38
G1408CH_FULL_251207,12,G0_U5.jpg,roi,C:\Users\PC4\Downloads\TUK_PCA\AOI\defect image\G1408CH_FULL_251207\00000012\G0_U5.jpg,.jpg,16680,2025-12-07 17:38
G1408CH_FULL_251207,13,G0_U4.jpg,roi,C:\Users\PC4\Downloads\TUK_PCA\AOI\defect image\G1408CH_FULL_251207\00000013\G0_U4.jpg,.jpg,16474,2025-12-07 17:38
G1408CH_FULL_251207,17,G1_D17.jpg,roi,C:\Users\PC4\Downloads\TUK_PCA\AOI\defect image\G1408CH_FULL_251207\00000017\G1_D17.jpg,.jpg,4989,2025-12-07 17:38
G1408CH_FULL_251207,21,G1_X1.jpg,roi,C:\Users\PC4\Downloads\TUK_PCA\AOI\defect image\G1408CH_FULL_251207\00000021\G1_X1.jpg,.jpg,41359,2025-12-07 17:38
G1408CH_FULL_251207,22,G1_U8.jpg,roi,C:\Users\PC4\Downloads\TUK_PCA\AOI\defect image\G1408CH_FULL_251207\00000022\G1_U8.jpg,.jpg,26353,2025-12-07 17:38
G1408CH_FULL_251207,23,G0_Q1.jpg,roi,C:\Users\PC4\Downloads\TUK_PCA\AOI\defect image\G1408CH_FULL_251207\00000023\G0_Q1.jpg,.jpg,5751,2025-12-07 17:38
G1408CH_FULL_251207,23,G1_Q12.jpg,roi,C:\Users\PC4\Downloads\TUK_PCA\AOI\defect image\G1408CH_FULL_251207\00000023\G1_Q12.jpg,.jpg,5430,2025-12-07 17:38
G1408CH_FULL_251207,24,G1_C13.jpg,roi,C:\Users\PC4\Downloads\TUK_PCA\AOI\defect image\G1408CH_FULL_251207\00000024\G1_C13.jpg,.jpg,24485,2025-12-07 17:38
G1408CH_FULL_251207,27,G0_Q3.jpg,roi,C:\Users\PC4\Downloads\TUK_PCA\AOI\defect image\G1408CH_FULL_251207\00000027\G0_Q3.jpg,.jpg,5764,2025-12-07 17:38
G1408CH_FULL_251207,28,G1_C12.jpg,roi,C:\Users\PC4\Downloads\TUK_PCA\AOI\defect image\G1408CH_FULL_251207\00000028\G1_C12.jpg,.jpg,24565,2025-12-07 17:38
G1408CH_FULL_251207,29,G0_C12.jpg,roi,C:\Users\PC4\Downloads\TUK_PCA\AOI\defect image\G1408CH_FULL_251207\00000029\G0_C12.jpg,.jpg,24494,2025-12-07 17:38
G1408CH_FULL_251207,29,G1_C12.jpg,roi,C:\Users\PC4\Downloads\TUK_PCA\AOI\defect image\G1408CH_FULL_251207\00000029\G1_C12.jpg,.jpg,24565,2025-12-07 17:38
G1408CH_FULL_251207,7,G1_T10.jpg,roi,C:\Users\PC4\Downloads\TUK_PCA\AOI\defect image\G1408CH_FULL_251207\00000007\G1_T10.jpg,.jpg,23488,2025-12-07 17:38
G1408CH_FULL_251207,13,G1_Q2.jpg,roi,C:\Users\PC4\Downloads\TUK_PCA\AOI\defect image\G1408CH_FULL_251207\00000013\G1_Q2.jpg,.jpg,5798,2025-12-07 17:38
G1408CH_FULL_251207,26,G0_Q4.jpg,roi,C:\Users\PC4\Downloads\TUK_PCA\AOI\defect image\G1408CH_FULL_251207\00000026\G0_Q4.jpg,.jpg,5994,2025-12-07 17:38
G1408CH_FULL_251207,7,D1_T10.jpg,roi,C:\Users\PC4\Downloads\TUK_PCA\AOI\defect image\G1408CH_FULL_251207\00000007\D1_T10.jpg,.jpg,24095,2025-12-07 17:39
G1408CH_FULL_251207,9,D1_U2.jpg,roi,C:\Users\PC4\Downloads\TUK_PCA\AOI\defect image\G1408CH_FULL_251207\00000009\D1_U2.jpg,.jpg,16557,2025-12-07 17:40
G1408CH_FULL_251207,9,D1_U4.jpg,roi,C:\Users\PC4\Downloads\TUK_PCA\AOI\defect image\G1408CH_FULL_251207\00000009\D1_U4.jpg,.jpg,16628,2025-12-07 17:40
G1408CH_FULL_251207,9,D1_X1.jpg,roi,C:\Users\PC4\Downloads\TUK_PCA\AOI\defect image\G1408CH_FULL_251207\00000009\D1_X1.jpg,.jpg,41577,2025-12-07 17:40
G1408CH_FULL_251207,10,D0_C1.jpg,roi,C:\Users\PC4\Downloads\TUK_PCA\AOI\defect image\G1408CH_FULL_251207\00000010\D0_C1.jpg,.jpg,2318,2025-12-07 17:41
G1408CH_FULL_251207,10,D1_C2.jpg,roi,C:\Users\PC4\Downloads\TUK_PCA\AOI\defect image\G1408CH_FULL_251207\00000010\D1_C2.jpg,.jpg,2492,2025-12-07 17:41
G1408CH_FULL_251207,10,D1_C3.jpg,roi,C:\Users\PC4\Downloads\TUK_PCA\AOI\defect image\G1408CH_FULL_251207\00000010\D1_C3.jpg,.jpg,2355,2025-12-07 17:41
G1408CH_FULL_251207,12,D0_U2.jpg,roi,C:\Users\PC4\Downloads\TUK_PCA\AOI\defect image\G1408CH_FULL_251207\00000012\D0_U2.jpg,.jpg,16733,2025-12-07 17:42
G1408CH_FULL_251207,12,D0_U4.jpg,roi,C:\Users\PC4\Downloads\TUK_PCA\AOI\defect image\G1408CH_FULL_251207\00000012\D0_U4.jpg,.jpg,16595,2025-12-07 17:42
G1408CH_FULL_251207,12,D0_U5.jpg,roi,C:\Users\PC4\Downloads\TUK_PCA\AOI\defect image\G1408CH_FULL_251207\00000012\D0_U5.jpg,.jpg,16926,2025-12-07 17:42
G1408CH_FULL_251207,13,D0_U4.jpg,roi,C:\Users\PC4\Downloads\TUK_PCA\AOI\defect image\G1408CH_FULL_251207\00000013\D0_U4.jpg,.jpg,17507,2025-12-08 8:44
G1408CH_FULL_251207,13,D1_Q2.jpg,roi,C:\Users\PC4\Downloads\TUK_PCA\AOI\defect image\G1408CH_FULL_251207\00000013\D1_Q2.jpg,.jpg,6518,2025-12-08 8:44
G1408CH_FULL_251207,14,D1_R29.jpg,roi,C:\Users\PC4\Downloads\TUK_PCA\AOI\defect image\G1408CH_FULL_251207\00000014\D1_R29.jpg,.jpg,3329,2025-12-08 8:45
G1408CH_FULL_251207,15,D1_D15.jpg,roi,C:\Users\PC4\Downloads\TUK_PCA\AOI\defect image\G1408CH_FULL_251207\00000015\D1_D15.jpg,.jpg,5111,2025-12-08 8:46
G1408CH_FULL_251207,17,D1_D15.jpg,roi,C:\Users\PC4\Downloads\TUK_PCA\AOI\defect image\G1408CH_FULL_251207\00000017\D1_D15.jpg,.jpg,5087,2025-12-08 8:48
G1408CH_FULL_251207,17,D1_D17.jpg,roi,C:\Users\PC4\Downloads\TUK_PCA\AOI\defect image\G1408CH_FULL_251207\00000017\D1_D17.jpg,.jpg,4974,2025-12-08 8:48
G1408CH_FULL_251207,17,D1_D20.jpg,roi,C:\Users\PC4\Downloads\TUK_PCA\AOI\defect image\G1408CH_FULL_251207\00000017\D1_D20.jpg,.jpg,5366,2025-12-08 8:48
G1408CH_FULL_251207,19,D1_D15.jpg,roi,C:\Users\PC4\Downloads\TUK_PCA\AOI\defect image\G1408CH_FULL_251207\00000019\D1_D15.jpg,.jpg,5122,2025-12-08 8:49
G1408CH_FULL_251207,21,D1_X1.jpg,roi,C:\Users\PC4\Downloads\TUK_PCA\AOI\defect image\G1408CH_FULL_251207\00000021\D1_X1.jpg,.jpg,42874,2025-12-08 8:51
G1408CH_FULL_251207,22,D1_U8.jpg,roi,C:\Users\PC4\Downloads\TUK_PCA\AOI\defect image\G1408CH_FULL_251207\00000022\D1_U8.jpg,.jpg,27773,2025-12-08 8:52
G1408CH_FULL_251207,23,D0_Q1.jpg,roi,C:\Users\PC4\Downloads\TUK_PCA\AOI\defect image\G1408CH_FULL_251207\00000023\D0_Q1.jpg,.jpg,6654,2025-12-08 8:53
G1408CH_FULL_251207,23,D1_Q12.jpg,roi,C:\Users\PC4\Downloads\TUK_PCA\AOI\defect image\G1408CH_FULL_251207\00000023\D1_Q12.jpg,.jpg,6490,2025-12-08 8:53
G1408CH_FULL_251207,24,D1_T2.jpg,roi,C:\Users\PC4\Downloads\TUK_PCA\AOI\defect image\G1408CH_FULL_251207\00000024\D1_T2.jpg,.jpg,23076,2025-12-08 8:53
G1408CH_FULL_251207,24,D1_C13.jpg,roi,C:\Users\PC4\Downloads\TUK_PCA\AOI\defect image\G1408CH_FULL_251207\00000024\D1_C13.jpg,.jpg,25289,2025-12-08 8:54
G1408CH_FULL_251207,26,D0_D20.jpg,roi,C:\Users\PC4\Downloads\TUK_PCA\AOI\defect image\G1408CH_FULL_251207\00000026\D0_D20.jpg,.jpg,5411,2025-12-08 8:55
G1408CH_FULL_251207,26,D0_Q4.jpg,roi,C:\Users\PC4\Downloads\TUK_PCA\AOI\defect image\G1408CH_FULL_251207\00000026\D0_Q4.jpg,.jpg,6243,2025-12-08 8:55
G1408CH_FULL_251207,27,D0_Q3.jpg,roi,C:\Users\PC4\Downloads\TUK_PCA\AOI\defect image\G1408CH_FULL_251207\00000027\D0_Q3.jpg,.jpg,6534,2025-12-08 8:56
G1408CH_FULL_251207,27,D1_R31.jpg,roi,C:\Users\PC4\Downloads\TUK_PCA\AOI\defect image\G1408CH_FULL_251207\00000027\D1_R31.jpg,.jpg,2501,2025-12-08 8:56
G1408CH_FULL_251207,28,D0_R59.jpg,roi,C:\Users\PC4\Downloads\TUK_PCA\AOI\defect image\G1408CH_FULL_251207\00000028\D0_R59.jpg,.jpg,3338,2025-12-08 8:57
G1408CH_FULL_251207,28,D1_C12.jpg,roi,C:\Users\PC4\Downloads\TUK_PCA\AOI\defect image\G1408CH_FULL_251207\00000028\D1_C12.jpg,.jpg,24455,2025-12-08 8:57
G1408CH_FULL_251207,29,D0_C12.jpg,roi,C:\Users\PC4\Downloads\TUK_PCA\AOI\defect image\G1408CH_FULL_251207\00000029\D0_C12.jpg,.jpg,24151,2025-12-08 8:58
G1408CH_FULL_251207,29,D1_C12.jpg,roi,C:\Users\PC4\Downloads\TUK_PCA\AOI\defect image\G1408CH_FULL_251207\00000029\D1_C12.jpg,.jpg,24377,2025-12-08 8:58
G1408CH_FULL_251207,30,D0_R38.jpg,roi,C:\Users\PC4\Downloads\TUK_PCA\AOI\defect image\G1408CH_FULL_251207\00000030\D0_R38.jpg,.jpg,3385,2025-12-08 8:58
G1408CH_FULL_251207,36,G0_X1.jpg,roi,C:\Users\PC4\Downloads\TUK_PCA\AOI\defect image\G1408CH_FULL_251207\00000036\G0_X1.jpg,.jpg,37215,2025-12-08 8:59
G1408CH_FULL_251207,45,G1_R59.jpg,roi,C:\Users\PC4\Downloads\TUK_PCA\AOI\defect image\G1408CH_FULL_251207\00000045\G1_R59.jpg,.jpg,3271,2025-12-08 8:59
G1408CH_FULL_251207,55,G0_R59.jpg,roi,C:\Users\PC4\Downloads\TUK_PCA\AOI\defect image\G1408CH_FULL_251207\00000055\G0_R59.jpg,.jpg,3299,2025-12-08 8:59
G1408CH_FULL_251207,57,G0_R59.jpg,roi,C:\Users\PC4\Downloads\TUK_PCA\AOI\defect image\G1408CH_FULL_251207\00000057\G0_R59.jpg,.jpg,3299,2025-12-08 8:59
G1408CH_FULL_251207,60,G1_D2.jpg,roi,C:\Users\PC4\Downloads\TUK_PCA\AOI\defect image\G1408CH_FULL_251207\00000060\G1_D2.jpg,.jpg,7133,2025-12-08 8:59
G1408CH_FULL_251207,68,G0_D10.jpg,roi,C:\Users\PC4\Downloads\TUK_PCA\AOI\defect image\G1408CH_FULL_251207\00000068\G0_D10.jpg,.jpg,5265,2025-12-08 8:59
G1408CH_FULL_251207,79,G0_D6.jpg,roi,C:\Users\PC4\Downloads\TUK_PCA\AOI\defect image\G1408CH_FULL_251207\00000079\G0_D6.jpg,.jpg,4992,2025-12-08 8:59
G1408CH_FULL_251207,87,G0_X1.jpg,roi,C:\Users\PC4\Downloads\TUK_PCA\AOI\defect image\G1408CH_FULL_251207\00000087\G0_X1.jpg,.jpg,37215,2025-12-08 8:59
G1408CH_FULL_251207,98,G0_D6.jpg,roi,C:\Users\PC4\Downloads\TUK_PCA\AOI\defect image\G1408CH_FULL_251207\00000098\G0_D6.jpg,.jpg,4992,2025-12-08 8:59
G1408CH_FULL_251207,195,G0_X1.jpg,roi,C:\Users\PC4\Downloads\TUK_PCA\AOI\defect image\G1408CH_FULL_251207\00000195\G0_X1.jpg,.jpg,37215,2025-12-08 8:59
G1408CH_FULL_251207,198,G1_R6.jpg,roi,C:\Users\PC4\Downloads\TUK_PCA\AOI\defect image\G1408CH_FULL_251207\00000198\G1_R6.jpg,.jpg,3869,2025-12-08 8:59
G1408CH_FULL_251207,207,G1_X1.jpg,roi,C:\Users\PC4\Downloads\TUK_PCA\AOI\defect image\G1408CH_FULL_251207\00000207\G1_X1.jpg,.jpg,37402,2025-12-08 8:59
G1408CH_FULL_251207,246,G1_X1.jpg,roi,C:\Users\PC4\Downloads\TUK_PCA\AOI\defect image\G1408CH_FULL_251207\00000246\G1_X1.jpg,.jpg,37402,2025-12-08 8:59
G1408CH_FULL_251207,247,G1_D2.jpg,roi,C:\Users\PC4\Downloads\TUK_PCA\AOI\defect image\G1408CH_FULL_251207\00000247\G1_D2.jpg,.jpg,7133,2025-12-08 8:59
G1408CH_FULL_251207,294,G0_X1.jpg,roi,C:\Users\PC4\Downloads\TUK_PCA\AOI\defect image\G1408CH_FULL_251207\00000294\G0_X1.jpg,.jpg,37215,2025-12-08 8:59
G1408CH_FULL_251207,300,G0_X1.jpg,roi,C:\Users\PC4\Downloads\TUK_PCA\AOI\defect image\G1408CH_FULL_251207\00000300\G0_X1.jpg,.jpg,37215,2025-12-08 8:59
G1408CH_FULL_251207,327,G0_X1.jpg,roi,C:\Users\PC4\Downloads\TUK_PCA\AOI\defect image\G1408CH_FULL_251207\00000327\G0_X1.jpg,.jpg,37215,2025-12-08 8:59
G1408CH_FULL_251207,333,G0_X1.jpg,roi,C:\Users\PC4\Downloads\TUK_PCA\AOI\defect image\G1408CH_FULL_251207\00000333\G0_X1.jpg,.jpg,37215,2025-12-08 8:59
G1408CH_FULL_251207,334,G1_D2.jpg,roi,C:\Users\PC4\Downloads\TUK_PCA\AOI\defect image\G1408CH_FULL_251207\00000334\G1_D2.jpg,.jpg,7133,2025-12-08 8:59
G1408CH_FULL_251207,494,G0_R4.jpg,roi,C:\Users\PC4\Downloads\TUK_PCA\AOI\defect image\G1408CH_FULL_251207\00000494\G0_R4.jpg,.jpg,3098,2025-12-08 8:59
G1408CH_FULL_251207,510,G1_X1.jpg,roi,C:\Users\PC4\Downloads\TUK_PCA\AOI\defect image\G1408CH_FULL_251207\00000510\G1_X1.jpg,.jpg,37402,2025-12-08 8:59
G1408CH_FULL_251207,49,G1_T3.jpg,roi,C:\Users\PC4\Downloads\TUK_PCA\AOI\defect image\G1408CH_FULL_251207\00000049\G1_T3.jpg,.jpg,24070,2025-12-08 8:59
G1408CH_FULL_251207,54,G1_U3.jpg,roi,C:\Users\PC4\Downloads\TUK_PCA\AOI\defect image\G1408CH_FULL_251207\00000054\G1_U3.jpg,.jpg,32897,2025-12-08 8:59
G1408CH_FULL_251207,56,G1_U3.jpg,roi,C:\Users\PC4\Downloads\TUK_PCA\AOI\defect image\G1408CH_FULL_251207\00000056\G1_U3.jpg,.jpg,32897,2025-12-08 8:59
G1408CH_FULL_251207,64,G1_T8.jpg,roi,C:\Users\PC4\Downloads\TUK_PCA\AOI\defect image\G1408CH_FULL_251207\00000064\G1_T8.jpg,.jpg,23473,2025-12-08 8:59
G1408CH_FULL_251207,67,G1_U8.jpg,roi,C:\Users\PC4\Downloads\TUK_PCA\AOI\defect image\G1408CH_FULL_251207\00000067\G1_U8.jpg,.jpg,26353,2025-12-08 8:59
G1408CH_FULL_251207,68,G1_D13.jpg,roi,C:\Users\PC4\Downloads\TUK_PCA\AOI\defect image\G1408CH_FULL_251207\00000068\G1_D13.jpg,.jpg,4936,2025-12-08 8:59
G1408CH_FULL_251207,75,G1_D11.jpg,roi,C:\Users\PC4\Downloads\TUK_PCA\AOI\defect image\G1408CH_FULL_251207\00000075\G1_D11.jpg,.jpg,4992,2025-12-08 8:59
G1408CH_FULL_251207,77,G0_D11.jpg,roi,C:\Users\PC4\Downloads\TUK_PCA\AOI\defect image\G1408CH_FULL_251207\00000077\G0_D11.jpg,.jpg,5114,2025-12-08 8:59
G1408CH_FULL_251207,83,G1_U8.jpg,roi,C:\Users\PC4\Downloads\TUK_PCA\AOI\defect image\G1408CH_FULL_251207\00000083\G1_U8.jpg,.jpg,26353,2025-12-08 8:59
G1408CH_FULL_251207,86,G0_U8.jpg,roi,C:\Users\PC4\Downloads\TUK_PCA\AOI\defect image\G1408CH_FULL_251207\00000086\G0_U8.jpg,.jpg,26537,2025-12-08 8:59
G1408CH_FULL_251207,88,G0_U8.jpg,roi,C:\Users\PC4\Downloads\TUK_PCA\AOI\defect image\G1408CH_FULL_251207\00000088\G0_U8.jpg,.jpg,26537,2025-12-08 8:59
G1408CH_FULL_251207,88,G1_D15.jpg,roi,C:\Users\PC4\Downloads\TUK_PCA\AOI\defect image\G1408CH_FULL_251207\00000088\G1_D15.jpg,.jpg,5113,2025-12-08 8:59
G1408CH_FULL_251207,94,G0_U8.jpg,roi,C:\Users\PC4\Downloads\TUK_PCA\AOI\defect image\G1408CH_FULL_251207\00000094\G0_U8.jpg,.jpg,26537,2025-12-08 8:59
G1408CH_FULL_251207,95,G0_U8.jpg,roi,C:\Users\PC4\Downloads\TUK_PCA\AOI\defect image\G1408CH_FULL_251207\00000095\G0_U8.jpg,.jpg,26537,2025-12-08 8:59
G1408CH_FULL_251207,98,G0_D15.jpg,roi,C:\Users\PC4\Downloads\TUK_PCA\AOI\defect image\G1408CH_FULL_251207\00000098\G0_D15.jpg,.jpg,5047,2025-12-08 8:59
G1408CH_FULL_251207,103,G0_D11.jpg,roi,C:\Users\PC4\Downloads\TUK_PCA\AOI\defect image\G1408CH_FULL_251207\00000103\G0_D11.jpg,.jpg,5114,2025-12-08 8:59
G1408CH_FULL_251207,104,G0_D18.jpg,roi,C:\Users\PC4\Downloads\TUK_PCA\AOI\defect image\G1408CH_FULL_251207\00000104\G0_D18.jpg,.jpg,5187,2025-12-08 8:59
G1408CH_FULL_251207,109,G1_D20.jpg,roi,C:\Users\PC4\Downloads\TUK_PCA\AOI\defect image\G1408CH_FULL_251207\00000109\G1_D20.jpg,.jpg,5344,2025-12-08 8:59
G1408CH_FULL_251207,125,G0_T6.jpg,roi,C:\Users\PC4\Downloads\TUK_PCA\AOI\defect image\G1408CH_FULL_251207\00000125\G0_T6.jpg,.jpg,24318,2025-12-08 8:59
G1408CH_FULL_251207,127,G1_C12.jpg,roi,C:\Users\PC4\Downloads\TUK_PCA\AOI\defect image\G1408CH_FULL_251207\00000127\G1_C12.jpg,.jpg,24565,2025-12-08 8:59
G1408CH_FULL_251207,149,G0_C12.jpg,roi,C:\Users\PC4\Downloads\TUK_PCA\AOI\defect image\G1408CH_FULL_251207\00000149\G0_C12.jpg,.jpg,24494,2025-12-08 8:59
G1408CH_FULL_251207,163,G1_C13.jpg,roi,C:\Users\PC4\Downloads\TUK_PCA\AOI\defect image\G1408CH_FULL_251207\00000163\G1_C13.jpg,.jpg,25056,2025-12-08 8:59
G1408CH_FULL_251207,169,G1_C12.jpg,roi,C:\Users\PC4\Downloads\TUK_PCA\AOI\defect image\G1408CH_FULL_251207\00000169\G1_C12.jpg,.jpg,24565,2025-12-08 8:59
G1408CH_FULL_251207,190,G1_C12.jpg,roi,C:\Users\PC4\Downloads\TUK_PCA\AOI\defect image\G1408CH_FULL_251207\00000190\G1_C12.jpg,.jpg,24565,2025-12-08 8:59
G1408CH_FULL_251207,197,G0_D15.jpg,roi,C:\Users\PC4\Downloads\TUK_PCA\AOI\defect image\G1408CH_FULL_251207\00000197\G0_D15.jpg,.jpg,5047,2025-12-08 8:59
G1408CH_FULL_251207,204,G1_U7.jpg,roi,C:\Users\PC4\Downloads\TUK_PCA\AOI\defect image\G1408CH_FULL_251207\00000204\G1_U7.jpg,.jpg,24207,2025-12-08 8:59
G1408CH_FULL_251207,206,G1_U3.jpg,roi,C:\Users\PC4\Downloads\TUK_PCA\AOI\defect image\G1408CH_FULL_251207\00000206\G1_U3.jpg,.jpg,32897,2025-12-08 8:59
G1408CH_FULL_251207,209,G0_U3.jpg,roi,C:\Users\PC4\Downloads\TUK_PCA\AOI\defect image\G1408CH_FULL_251207\00000209\G0_U3.jpg,.jpg,33635,2025-12-08 8:59
G1408CH_FULL_251207,291,G1_U7.jpg,roi,C:\Users\PC4\Downloads\TUK_PCA\AOI\defect image\G1408CH_FULL_251207\00000291\G1_U7.jpg,.jpg,24207,2025-12-08 8:59
G1408CH_FULL_251207,370,G1_T9.jpg,roi,C:\Users\PC4\Downloads\TUK_PCA\AOI\defect image\G1408CH_FULL_251207\00000370\G1_T9.jpg,.jpg,23244,2025-12-08 8:59
G1408CH_FULL_251207,406,G0_T9.jpg,roi,C:\Users\PC4\Downloads\TUK_PCA\AOI\defect image\G1408CH_FULL_251207\00000406\G0_T9.jpg,.jpg,22848,2025-12-08 8:59
G1408CH_FULL_251207,432,G0_T8.jpg,roi,C:\Users\PC4\Downloads\TUK_PCA\AOI\defect image\G1408CH_FULL_251207\00000432\G0_T8.jpg,.jpg,22887,2025-12-08 8:59
G1408CH_FULL_251207,484,G0_T5.jpg,roi,C:\Users\PC4\Downloads\TUK_PCA\AOI\defect image\G1408CH_FULL_251207\00000484\G0_T5.jpg,.jpg,23609,2025-12-08 8:59
G1408CH_FULL_251207,514,G0_D13.jpg,roi,C:\Users\PC4\Downloads\TUK_PCA\AOI\defect image\G1408CH_FULL_251207\00000514\G0_D13.jpg,.jpg,5074,2025-12-08 8:59
G1408CH_FULL_251207,34,G0_D17.jpg,roi,C:\Users\PC4\Downloads\TUK_PCA\AOI\defect image\G1408CH_FULL_251207\00000034\G0_D17.jpg,.jpg,4961,2025-12-08 8:59
G1408CH_FULL_251207,64,G0_R9.jpg,roi,C:\Users\PC4\Downloads\TUK_PCA\AOI\defect image\G1408CH_FULL_251207\00000064\G0_R9.jpg,.jpg,3122,2025-12-08 8:59
G1408CH_FULL_251207,69,G0_D17.jpg,roi,C:\Users\PC4\Downloads\TUK_PCA\AOI\defect image\G1408CH_FULL_251207\00000069\G0_D17.jpg,.jpg,4961,2025-12-08 8:59
G1408CH_FULL_251207,70,G0_D17.jpg,roi,C:\Users\PC4\Downloads\TUK_PCA\AOI\defect image\G1408CH_FULL_251207\00000070\G0_D17.jpg,.jpg,4961,2025-12-08 8:59
G1408CH_FULL_251207,72,G0_U2.jpg,roi,C:\Users\PC4\Downloads\TUK_PCA\AOI\defect image\G1408CH_FULL_251207\00000072\G0_U2.jpg,.jpg,16915,2025-12-08 8:59
G1408CH_FULL_251207,72,G0_U4.jpg,roi,C:\Users\PC4\Downloads\TUK_PCA\AOI\defect image\G1408CH_FULL_251207\00000072\G0_U4.jpg,.jpg,16556,2025-12-08 8:59
G1408CH_FULL_251207,72,G0_U5.jpg,roi,C:\Users\PC4\Downloads\TUK_PCA\AOI\defect image\G1408CH_FULL_251207\00000072\G0_U5.jpg,.jpg,16645,2025-12-08 8:59
G1408CH_FULL_251207,72,G1_U2.jpg,roi,C:\Users\PC4\Downloads\TUK_PCA\AOI\defect image\G1408CH_FULL_251207\00000072\G1_U2.jpg,.jpg,16160,2025-12-08 8:59
G1408CH_FULL_251207,72,G1_U4.jpg,roi,C:\Users\PC4\Downloads\TUK_PCA\AOI\defect image\G1408CH_FULL_251207\00000072\G1_U4.jpg,.jpg,16174,2025-12-08 8:59
G1408CH_FULL_251207,72,G1_U5.jpg,roi,C:\Users\PC4\Downloads\TUK_PCA\AOI\defect image\G1408CH_FULL_251207\00000072\G1_U5.jpg,.jpg,16323,2025-12-08 8:59
G1408CH_FULL_251207,73,G0_U2.jpg,roi,C:\Users\PC4\Downloads\TUK_PCA\AOI\defect image\G1408CH_FULL_251207\00000073\G0_U2.jpg,.jpg,16915,2025-12-08 8:59
G1408CH_FULL_251207,73,G0_U4.jpg,roi,C:\Users\PC4\Downloads\TUK_PCA\AOI\defect image\G1408CH_FULL_251207\00000073\G0_U4.jpg,.jpg,16556,2025-12-08 8:59
G1408CH_FULL_251207,73,G0_U5.jpg,roi,C:\Users\PC4\Downloads\TUK_PCA\AOI\defect image\G1408CH_FULL_251207\00000073\G0_U5.jpg,.jpg,16645,2025-12-08 8:59
G1408CH_FULL_251207,73,G1_U2.jpg,roi,C:\Users\PC4\Downloads\TUK_PCA\AOI\defect image\G1408CH_FULL_251207\00000073\G1_U2.jpg,.jpg,16160,2025-12-08 8:59
G1408CH_FULL_251207,73,G1_U4.jpg,roi,C:\Users\PC4\Downloads\TUK_PCA\AOI\defect image\G1408CH_FULL_251207\00000073\G1_U4.jpg,.jpg,16174,2025-12-08 8:59
G1408CH_FULL_251207,73,G1_U5.jpg,roi,C:\Users\PC4\Downloads\TUK_PCA\AOI\defect image\G1408CH_FULL_251207\00000073\G1_U5.jpg,.jpg,16323,2025-12-08 8:59
G1408CH_FULL_251207,74,G0_U2.jpg,roi,C:\Users\PC4\Downloads\TUK_PCA\AOI\defect image\G1408CH_FULL_251207\00000074\G0_U2.jpg,.jpg,16915,2025-12-08 8:59
G1408CH_FULL_251207,77,G1_U5.jpg,roi,C:\Users\PC4\Downloads\TUK_PCA\AOI\defect image\G1408CH_FULL_251207\00000077\G1_U5.jpg,.jpg,16323,2025-12-08 8:59
G1408CH_FULL_251207,78,G1_U4.jpg,roi,C:\Users\PC4\Downloads\TUK_PCA\AOI\defect image\G1408CH_FULL_251207\00000078\G1_U4.jpg,.jpg,16174,2025-12-08 8:59
G1408CH_FULL_251207,79,G0_U5.jpg,roi,C:\Users\PC4\Downloads\TUK_PCA\AOI\defect image\G1408CH_FULL_251207\00000079\G0_U5.jpg,.jpg,16645,2025-12-08 8:59
G1408CH_FULL_251207,80,G0_D17.jpg,roi,C:\Users\PC4\Downloads\TUK_PCA\AOI\defect image\G1408CH_FULL_251207\00000080\G0_D17.jpg,.jpg,4961,2025-12-08 8:59
G1408CH_FULL_251207,81,G0_U4.jpg,roi,C:\Users\PC4\Downloads\TUK_PCA\AOI\defect image\G1408CH_FULL_251207\00000081\G0_U4.jpg,.jpg,16556,2025-12-08 8:59
G1408CH_FULL_251207,81,G0_U5.jpg,roi,C:\Users\PC4\Downloads\TUK_PCA\AOI\defect image\G1408CH_FULL_251207\00000081\G0_U5.jpg,.jpg,16645,2025-12-08 8:59
G1408CH_FULL_251207,83,G1_U4.jpg,roi,C:\Users\PC4\Downloads\TUK_PCA\AOI\defect image\G1408CH_FULL_251207\00000083\G1_U4.jpg,.jpg,16174,2025-12-08 8:59
G1408CH_FULL_251207,87,G1_U2.jpg,roi,C:\Users\PC4\Downloads\TUK_PCA\AOI\defect image\G1408CH_FULL_251207\00000087\G1_U2.jpg,.jpg,16160,2025-12-08 8:59
G1408CH_FULL_251207,90,G0_U2.jpg,roi,C:\Users\PC4\Downloads\TUK_PCA\AOI\defect image\G1408CH_FULL_251207\00000090\G0_U2.jpg,.jpg,16915,2025-12-08 8:59
G1408CH_FULL_251207,91,G1_U2.jpg,roi,C:\Users\PC4\Downloads\TUK_PCA\AOI\defect image\G1408CH_FULL_251207\00000091\G1_U2.jpg,.jpg,16160,2025-12-08 8:59
G1408CH_FULL_251207,101,G0_R9.jpg,roi,C:\Users\PC4\Downloads\TUK_PCA\AOI\defect image\G1408CH_FULL_251207\00000101\G0_R9.jpg,.jpg,3122,2025-12-08 8:59
G1408CH_FULL_251207,101,G1_D16.jpg,roi,C:\Users\PC4\Downloads\TUK_PCA\AOI\defect image\G1408CH_FULL_251207\00000101\G1_D16.jpg,.jpg,5098,2025-12-08 8:59
G1408CH_FULL_251207,102,G0_D8.jpg,roi,C:\Users\PC4\Downloads\TUK_PCA\AOI\defect image\G1408CH_FULL_251207\00000102\G0_D8.jpg,.jpg,4928,2025-12-08 8:59
G1408CH_FULL_251207,103,G1_U2.jpg,roi,C:\Users\PC4\Downloads\TUK_PCA\AOI\defect image\G1408CH_FULL_251207\00000103\G1_U2.jpg,.jpg,16160,2025-12-08 8:59
G1408CH_FULL_251207,105,G0_D17.jpg,roi,C:\Users\PC4\Downloads\TUK_PCA\AOI\defect image\G1408CH_FULL_251207\00000105\G0_D17.jpg,.jpg,4961,2025-12-08 8:59
G1408CH_FULL_251207,110,G1_U5.jpg,roi,C:\Users\PC4\Downloads\TUK_PCA\AOI\defect image\G1408CH_FULL_251207\00000110\G1_U5.jpg,.jpg,16323,2025-12-08 8:59
G1408CH_FULL_251207,115,G0_R9.jpg,roi,C:\Users\PC4\Downloads\TUK_PCA\AOI\defect image\G1408CH_FULL_251207\00000115\G0_R9.jpg,.jpg,3122,2025-12-08 8:59
G1408CH_FULL_251207,122,G0_U2.jpg,roi,C:\Users\PC4\Downloads\TUK_PCA\AOI\defect image\G1408CH_FULL_251207\00000122\G0_U2.jpg,.jpg,16915,2025-12-08 8:59
G1408CH_FULL_251207,132,G0_U2.jpg,roi,C:\Users\PC4\Downloads\TUK_PCA\AOI\defect image\G1408CH_FULL_251207\00000132\G0_U2.jpg,.jpg,16915,2025-12-08 8:59
G1408CH_FULL_251207,133,G0_U2.jpg,roi,C:\Users\PC4\Downloads\TUK_PCA\AOI\defect image\G1408CH_FULL_251207\00000133\G0_U2.jpg,.jpg,16915,2025-12-08 8:59
G1408CH_FULL_251207,133,G0_U4.jpg,roi,C:\Users\PC4\Downloads\TUK_PCA\AOI\defect image\G1408CH_FULL_251207\00000133\G0_U4.jpg,.jpg,16556,2025-12-08 8:59
G1408CH_FULL_251207,133,G0_U5.jpg,roi,C:\Users\PC4\Downloads\TUK_PCA\AOI\defect image\G1408CH_FULL_251207\00000133\G0_U5.jpg,.jpg,16645,2025-12-08 8:59
G1408CH_FULL_251207,133,G1_U2.jpg,roi,C:\Users\PC4\Downloads\TUK_PCA\AOI\defect image\G1408CH_FULL_251207\00000133\G1_U2.jpg,.jpg,16160,2025-12-08 8:59
G1408CH_FULL_251207,133,G1_U4.jpg,roi,C:\Users\PC4\Downloads\TUK_PCA\AOI\defect image\G1408CH_FULL_251207\00000133\G1_U4.jpg,.jpg,16174,2025-12-08 8:59
G1408CH_FULL_251207,133,G1_U5.jpg,roi,C:\Users\PC4\Downloads\TUK_PCA\AOI\defect image\G1408CH_FULL_251207\00000133\G1_U5.jpg,.jpg,16323,2025-12-08 8:59
G1408CH_FULL_251207,134,G0_U2.jpg,roi,C:\Users\PC4\Downloads\TUK_PCA\AOI\defect image\G1408CH_FULL_251207\00000134\G0_U2.jpg,.jpg,16915,2025-12-08 8:59
G1408CH_FULL_251207,134,G0_U4.jpg,roi,C:\Users\PC4\Downloads\TUK_PCA\AOI\defect image\G1408CH_FULL_251207\00000134\G0_U4.jpg,.jpg,16556,2025-12-08 8:59
G1408CH_FULL_251207,134,G0_U5.jpg,roi,C:\Users\PC4\Downloads\TUK_PCA\AOI\defect image\G1408CH_FULL_251207\00000134\G0_U5.jpg,.jpg,16645,2025-12-08 8:59
G1408CH_FULL_251207,134,G1_U2.jpg,roi,C:\Users\PC4\Downloads\TUK_PCA\AOI\defect image\G1408CH_FULL_251207\00000134\G1_U2.jpg,.jpg,16160,2025-12-08 8:59
G1408CH_FULL_251207,134,G1_U4.jpg,roi,C:\Users\PC4\Downloads\TUK_PCA\AOI\defect image\G1408CH_FULL_251207\00000134\G1_U4.jpg,.jpg,16174,2025-12-08 8:59
G1408CH_FULL_251207,134,G1_U5.jpg,roi,C:\Users\PC4\Downloads\TUK_PCA\AOI\defect image\G1408CH_FULL_251207\00000134\G1_U5.jpg,.jpg,16323,2025-12-08 8:59
G1408CH_FULL_251207,135,G0_U2.jpg,roi,C:\Users\PC4\Downloads\TUK_PCA\AOI\defect image\G1408CH_FULL_251207\00000135\G0_U2.jpg,.jpg,16915,2025-12-08 8:59
G1408CH_FULL_251207,135,G0_U4.jpg,roi,C:\Users\PC4\Downloads\TUK_PCA\AOI\defect image\G1408CH_FULL_251207\00000135\G0_U4.jpg,.jpg,16556,2025-12-08 8:59
G1408CH_FULL_251207,135,G0_U5.jpg,roi,C:\Users\PC4\Downloads\TUK_PCA\AOI\defect image\G1408CH_FULL_251207\00000135\G0_U5.jpg,.jpg,16645,2025-12-08 8:59
G1408CH_FULL_251207,135,G1_R9.jpg,roi,C:\Users\PC4\Downloads\TUK_PCA\AOI\defect image\G1408CH_FULL_251207\00000135\G1_R9.jpg,.jpg,3187,2025-12-08 8:59
G1408CH_FULL_251207,135,G1_U2.jpg,roi,C:\Users\PC4\Downloads\TUK_PCA\AOI\defect image\G1408CH_FULL_251207\00000135\G1_U2.jpg,.jpg,16160,2025-12-08 8:59
G1408CH_FULL_251207,135,G1_U4.jpg,roi,C:\Users\PC4\Downloads\TUK_PCA\AOI\defect image\G1408CH_FULL_251207\00000135\G1_U4.jpg,.jpg,16174,2025-12-08 8:59
G1408CH_FULL_251207,135,G1_U5.jpg,roi,C:\Users\PC4\Downloads\TUK_PCA\AOI\defect image\G1408CH_FULL_251207\00000135\G1_U5.jpg,.jpg,16323,2025-12-08 8:59
G1408CH_FULL_251207,136,G0_U2.jpg,roi,C:\Users\PC4\Downloads\TUK_PCA\AOI\defect image\G1408CH_FULL_251207\00000136\G0_U2.jpg,.jpg,16915,2025-12-08 8:59
G1408CH_FULL_251207,136,G0_U4.jpg,roi,C:\Users\PC4\Downloads\TUK_PCA\AOI\defect image\G1408CH_FULL_251207\00000136\G0_U4.jpg,.jpg,16556,2025-12-08 8:59
G1408CH_FULL_251207,136,G0_U5.jpg,roi,C:\Users\PC4\Downloads\TUK_PCA\AOI\defect image\G1408CH_FULL_251207\00000136\G0_U5.jpg,.jpg,16645,2025-12-08 8:59
G1408CH_FULL_251207,136,G1_U2.jpg,roi,C:\Users\PC4\Downloads\TUK_PCA\AOI\defect image\G1408CH_FULL_251207\00000136\G1_U2.jpg,.jpg,16160,2025-12-08 8:59
G1408CH_FULL_251207,136,G1_U4.jpg,roi,C:\Users\PC4\Downloads\TUK_PCA\AOI\defect image\G1408CH_FULL_251207\00000136\G1_U4.jpg,.jpg,16174,2025-12-08 8:59
G1408CH_FULL_251207,136,G1_U5.jpg,roi,C:\Users\PC4\Downloads\TUK_PCA\AOI\defect image\G1408CH_FULL_251207\00000136\G1_U5.jpg,.jpg,16323,2025-12-08 8:59
G1408CH_FULL_251207,150,G1_U2.jpg,roi,C:\Users\PC4\Downloads\TUK_PCA\AOI\defect image\G1408CH_FULL_251207\00000150\G1_U2.jpg,.jpg,16160,2025-12-08 8:59
G1408CH_FULL_251207,189,G0_R9.jpg,roi,C:\Users\PC4\Downloads\TUK_PCA\AOI\defect image\G1408CH_FULL_251207\00000189\G0_R9.jpg,.jpg,3122,2025-12-08 8:59
G1408CH_FULL_251207,191,G0_R9.jpg,roi,C:\Users\PC4\Downloads\TUK_PCA\AOI\defect image\G1408CH_FULL_251207\00000191\G0_R9.jpg,.jpg,3122,2025-12-08 8:59
G1408CH_FULL_251207,250,G0_U2.jpg,roi,C:\Users\PC4\Downloads\TUK_PCA\AOI\defect image\G1408CH_FULL_251207\00000250\G0_U2.jpg,.jpg,16915,2025-12-08 8:59
G1408CH_FULL_251207,266,G1_R9.jpg,roi,C:\Users\PC4\Downloads\TUK_PCA\AOI\defect image\G1408CH_FULL_251207\00000266\G1_R9.jpg,.jpg,3187,2025-12-08 8:59
G1408CH_FULL_251207,303,G0_U2.jpg,roi,C:\Users\PC4\Downloads\TUK_PCA\AOI\defect image\G1408CH_FULL_251207\00000303\G0_U2.jpg,.jpg,16915,2025-12-08 8:59
G1408CH_FULL_251207,303,G0_U5.jpg,roi,C:\Users\PC4\Downloads\TUK_PCA\AOI\defect image\G1408CH_FULL_251207\00000303\G0_U5.jpg,.jpg,16645,2025-12-08 8:59
G1408CH_FULL_251207,303,G1_U2.jpg,roi,C:\Users\PC4\Downloads\TUK_PCA\AOI\defect image\G1408CH_FULL_251207\00000303\G1_U2.jpg,.jpg,16160,2025-12-08 8:59
G1408CH_FULL_251207,303,G1_U4.jpg,roi,C:\Users\PC4\Downloads\TUK_PCA\AOI\defect image\G1408CH_FULL_251207\00000303\G1_U4.jpg,.jpg,16174,2025-12-08 8:59
G1408CH_FULL_251207,303,G1_U5.jpg,roi,C:\Users\PC4\Downloads\TUK_PCA\AOI\defect image\G1408CH_FULL_251207\00000303\G1_U5.jpg,.jpg,16323,2025-12-08 8:59
G1408CH_FULL_251207,304,G0_U2.jpg,roi,C:\Users\PC4\Downloads\TUK_PCA\AOI\defect image\G1408CH_FULL_251207\00000304\G0_U2.jpg,.jpg,16915,2025-12-08 8:59
G1408CH_FULL_251207,304,G0_U4.jpg,roi,C:\Users\PC4\Downloads\TUK_PCA\AOI\defect image\G1408CH_FULL_251207\00000304\G0_U4.jpg,.jpg,16556,2025-12-08 8:59
G1408CH_FULL_251207,304,G0_U5.jpg,roi,C:\Users\PC4\Downloads\TUK_PCA\AOI\defect image\G1408CH_FULL_251207\00000304\G0_U5.jpg,.jpg,16645,2025-12-08 8:59
G1408CH_FULL_251207,304,G1_U2.jpg,roi,C:\Users\PC4\Downloads\TUK_PCA\AOI\defect image\G1408CH_FULL_251207\00000304\G1_U2.jpg,.jpg,16160,2025-12-08 8:59
G1408CH_FULL_251207,304,G1_U4.jpg,roi,C:\Users\PC4\Downloads\TUK_PCA\AOI\defect image\G1408CH_FULL_251207\00000304\G1_U4.jpg,.jpg,16174,2025-12-08 8:59
G1408CH_FULL_251207,305,G0_U2.jpg,roi,C:\Users\PC4\Downloads\TUK_PCA\AOI\defect image\G1408CH_FULL_251207\00000305\G0_U2.jpg,.jpg,16915,2025-12-08 8:59
G1408CH_FULL_251207,305,G0_U4.jpg,roi,C:\Users\PC4\Downloads\TUK_PCA\AOI\defect image\G1408CH_FULL_251207\00000305\G0_U4.jpg,.jpg,16556,2025-12-08 8:59
G1408CH_FULL_251207,305,G1_U2.jpg,roi,C:\Users\PC4\Downloads\TUK_PCA\AOI\defect image\G1408CH_FULL_251207\00000305\G1_U2.jpg,.jpg,16160,2025-12-08 8:59
G1408CH_FULL_251207,305,G1_U5.jpg,roi,C:\Users\PC4\Downloads\TUK_PCA\AOI\defect image\G1408CH_FULL_251207\00000305\G1_U5.jpg,.jpg,16323,2025-12-08 8:59
G1408CH_FULL_251207,306,G0_U2.jpg,roi,C:\Users\PC4\Downloads\TUK_PCA\AOI\defect image\G1408CH_FULL_251207\00000306\G0_U2.jpg,.jpg,16915,2025-12-08 8:59
G1408CH_FULL_251207,306,G0_U4.jpg,roi,C:\Users\PC4\Downloads\TUK_PCA\AOI\defect image\G1408CH_FULL_251207\00000306\G0_U4.jpg,.jpg,16556,2025-12-08 8:59
G1408CH_FULL_251207,306,G0_U5.jpg,roi,C:\Users\PC4\Downloads\TUK_PCA\AOI\defect image\G1408CH_FULL_251207\00000306\G0_U5.jpg,.jpg,16645,2025-12-08 8:59
G1408CH_FULL_251207,306,G1_U2.jpg,roi,C:\Users\PC4\Downloads\TUK_PCA\AOI\defect image\G1408CH_FULL_251207\00000306\G1_U2.jpg,.jpg,16160,2025-12-08 8:59
G1408CH_FULL_251207,306,G1_U4.jpg,roi,C:\Users\PC4\Downloads\TUK_PCA\AOI\defect image\G1408CH_FULL_251207\00000306\G1_U4.jpg,.jpg,16174,2025-12-08 8:59
G1408CH_FULL_251207,306,G1_U5.jpg,roi,C:\Users\PC4\Downloads\TUK_PCA\AOI\defect image\G1408CH_FULL_251207\00000306\G1_U5.jpg,.jpg,16323,2025-12-08 8:59
G1408CH_FULL_251207,308,G1_R9.jpg,roi,C:\Users\PC4\Downloads\TUK_PCA\AOI\defect image\G1408CH_FULL_251207\00000308\G1_R9.jpg,.jpg,3187,2025-12-08 8:59
G1408CH_FULL_251207,425,G1_R9.jpg,roi,C:\Users\PC4\Downloads\TUK_PCA\AOI\defect image\G1408CH_FULL_251207\00000425\G1_R9.jpg,.jpg,3187,2025-12-08 8:59
G1408CH_FULL_251207,50,G0_T12.jpg,roi,C:\Users\PC4\Downloads\TUK_PCA\AOI\defect image\G1408CH_FULL_251207\00000050\G0_T12.jpg,.jpg,23221,2025-12-08 8:59
G1408CH_FULL_251207,50,G1_T12.jpg,roi,C:\Users\PC4\Downloads\TUK_PCA\AOI\defect image\G1408CH_FULL_251207\00000050\G1_T12.jpg,.jpg,23447,2025-12-08 8:59
G1408CH_FULL_251207,114,G1_T13.jpg,roi,C:\Users\PC4\Downloads\TUK_PCA\AOI\defect image\G1408CH_FULL_251207\00000114\G1_T13.jpg,.jpg,23829,2025-12-08 8:59
G1408CH_FULL_251207,393,G1_T12.jpg,roi,C:\Users\PC4\Downloads\TUK_PCA\AOI\defect image\G1408CH_FULL_251207\00000393\G1_T12.jpg,.jpg,23447,2025-12-08 8:59
G1408CH_FULL_251207,410,G0_T10.jpg,roi,C:\Users\PC4\Downloads\TUK_PCA\AOI\defect image\G1408CH_FULL_251207\00000410\G0_T10.jpg,.jpg,23351,2025-12-08 8:59
G1408CH_FULL_251207,34,D0_D17.jpg,roi,C:\Users\PC4\Downloads\TUK_PCA\AOI\defect image\G1408CH_FULL_251207\00000034\D0_D17.jpg,.jpg,5239,2025-12-08 9:02
G1408CH_FULL_251207,36,D0_X1.jpg,roi,C:\Users\PC4\Downloads\TUK_PCA\AOI\defect image\G1408CH_FULL_251207\00000036\D0_X1.jpg,.jpg,41673,2025-12-08 9:04
G1408CH_FULL_251207,45,D1_R59.jpg,roi,C:\Users\PC4\Downloads\TUK_PCA\AOI\defect image\G1408CH_FULL_251207\00000045\D1_R59.jpg,.jpg,3425,2025-12-08 9:11
G1408CH_FULL_251207,49,D1_T3.jpg,roi,C:\Users\PC4\Downloads\TUK_PCA\AOI\defect image\G1408CH_FULL_251207\00000049\D1_T3.jpg,.jpg,20998,2025-12-08 9:15
G1408CH_FULL_251207,50,D0_T12.jpg,roi,C:\Users\PC4\Downloads\TUK_PCA\AOI\defect image\G1408CH_FULL_251207\00000050\D0_T12.jpg,.jpg,22256,2025-12-08 9:16
G1408CH_FULL_251207,50,D1_T12.jpg,roi,C:\Users\PC4\Downloads\TUK_PCA\AOI\defect image\G1408CH_FULL_251207\00000050\D1_T12.jpg,.jpg,21314,2025-12-08 9:16
G1408CH_FULL_251207,54,D1_U3.jpg,roi,C:\Users\PC4\Downloads\TUK_PCA\AOI\defect image\G1408CH_FULL_251207\00000054\D1_U3.jpg,.jpg,34256,2025-12-08 9:19
G1408CH_FULL_251207,55,D0_R59.jpg,roi,C:\Users\PC4\Downloads\TUK_PCA\AOI\defect image\G1408CH_FULL_251207\00000055\D0_R59.jpg,.jpg,3230,2025-12-08 9:20
G1408CH_FULL_251207,56,D1_U3.jpg,roi,C:\Users\PC4\Downloads\TUK_PCA\AOI\defect image\G1408CH_FULL_251207\00000056\D1_U3.jpg,.jpg,33794,2025-12-08 9:21
G1408CH_FULL_251207,57,D0_R59.jpg,roi,C:\Users\PC4\Downloads\TUK_PCA\AOI\defect image\G1408CH_FULL_251207\00000057\D0_R59.jpg,.jpg,3248,2025-12-08 9:21
G1408CH_FULL_251207,60,D1_D2.jpg,roi,C:\Users\PC4\Downloads\TUK_PCA\AOI\defect image\G1408CH_FULL_251207\00000060\D1_D2.jpg,.jpg,7119,2025-12-08 9:23
G1408CH_FULL_251207,64,D0_R9.jpg,roi,C:\Users\PC4\Downloads\TUK_PCA\AOI\defect image\G1408CH_FULL_251207\00000064\D0_R9.jpg,.jpg,3245,2025-12-08 9:26
G1408CH_FULL_251207,64,D1_T8.jpg,roi,C:\Users\PC4\Downloads\TUK_PCA\AOI\defect image\G1408CH_FULL_251207\00000064\D1_T8.jpg,.jpg,21321,2025-12-08 9:27
G1408CH_FULL_251207,67,D1_U8.jpg,roi,C:\Users\PC4\Downloads\TUK_PCA\AOI\defect image\G1408CH_FULL_251207\00000067\D1_U8.jpg,.jpg,28524,2025-12-08 9:29
G1408CH_FULL_251207,68,D0_D10.jpg,roi,C:\Users\PC4\Downloads\TUK_PCA\AOI\defect image\G1408CH_FULL_251207\00000068\D0_D10.jpg,.jpg,5463,2025-12-08 9:30
G1408CH_FULL_251207,68,D1_D13.jpg,roi,C:\Users\PC4\Downloads\TUK_PCA\AOI\defect image\G1408CH_FULL_251207\00000068\D1_D13.jpg,.jpg,5547,2025-12-08 9:30
G1408CH_FULL_251207,69,D0_D17.jpg,roi,C:\Users\PC4\Downloads\TUK_PCA\AOI\defect image\G1408CH_FULL_251207\00000069\D0_D17.jpg,.jpg,5251,2025-12-08 9:31
G1408CH_FULL_251207,70,D0_D17.jpg,roi,C:\Users\PC4\Downloads\TUK_PCA\AOI\defect image\G1408CH_FULL_251207\00000070\D0_D17.jpg,.jpg,5407,2025-12-08 9:31
G1408CH_FULL_251207,72,D0_U2.jpg,roi,C:\Users\PC4\Downloads\TUK_PCA\AOI\defect image\G1408CH_FULL_251207\00000072\D0_U2.jpg,.jpg,16971,2025-12-08 9:33
G1408CH_FULL_251207,72,D0_U4.jpg,roi,C:\Users\PC4\Downloads\TUK_PCA\AOI\defect image\G1408CH_FULL_251207\00000072\D0_U4.jpg,.jpg,17043,2025-12-08 9:33
G1408CH_FULL_251207,72,D0_U5.jpg,roi,C:\Users\PC4\Downloads\TUK_PCA\AOI\defect image\G1408CH_FULL_251207\00000072\D0_U5.jpg,.jpg,16588,2025-12-08 9:33
G1408CH_FULL_251207,72,D1_U2.jpg,roi,C:\Users\PC4\Downloads\TUK_PCA\AOI\defect image\G1408CH_FULL_251207\00000072\D1_U2.jpg,.jpg,16775,2025-12-08 9:33
G1408CH_FULL_251207,72,D1_U4.jpg,roi,C:\Users\PC4\Downloads\TUK_PCA\AOI\defect image\G1408CH_FULL_251207\00000072\D1_U4.jpg,.jpg,17199,2025-12-08 9:33
G1408CH_FULL_251207,72,D1_U5.jpg,roi,C:\Users\PC4\Downloads\TUK_PCA\AOI\defect image\G1408CH_FULL_251207\00000072\D1_U5.jpg,.jpg,16913,2025-12-08 9:33
G1408CH_FULL_251207,73,D0_U2.jpg,roi,C:\Users\PC4\Downloads\TUK_PCA\AOI\defect image\G1408CH_FULL_251207\00000073\D0_U2.jpg,.jpg,15920,2025-12-08 9:34
G1408CH_FULL_251207,73,D0_U4.jpg,roi,C:\Users\PC4\Downloads\TUK_PCA\AOI\defect image\G1408CH_FULL_251207\00000073\D0_U4.jpg,.jpg,17219,2025-12-08 9:34
G1408CH_FULL_251207,73,D0_U5.jpg,roi,C:\Users\PC4\Downloads\TUK_PCA\AOI\defect image\G1408CH_FULL_251207\00000073\D0_U5.jpg,.jpg,16748,2025-12-08 9:34
G1408CH_FULL_251207,73,D1_U2.jpg,roi,C:\Users\PC4\Downloads\TUK_PCA\AOI\defect image\G1408CH_FULL_251207\00000073\D1_U2.jpg,.jpg,17001,2025-12-08 9:34
G1408CH_FULL_251207,73,D1_U4.jpg,roi,C:\Users\PC4\Downloads\TUK_PCA\AOI\defect image\G1408CH_FULL_251207\00000073\D1_U4.jpg,.jpg,16994,2025-12-08 9:34
G1408CH_FULL_251207,73,D1_U5.jpg,roi,C:\Users\PC4\Downloads\TUK_PCA\AOI\defect image\G1408CH_FULL_251207\00000073\D1_U5.jpg,.jpg,17198,2025-12-08 9:34
G1408CH_FULL_251207,74,D0_U2.jpg,roi,C:\Users\PC4\Downloads\TUK_PCA\AOI\defect image\G1408CH_FULL_251207\00000074\D0_U2.jpg,.jpg,16655,2025-12-08 9:35
G1408CH_FULL_251207,75,D1_D11.jpg,roi,C:\Users\PC4\Downloads\TUK_PCA\AOI\defect image\G1408CH_FULL_251207\00000075\D1_D11.jpg,.jpg,5082,2025-12-08 9:36
G1408CH_FULL_251207,77,D0_D11.jpg,roi,C:\Users\PC4\Downloads\TUK_PCA\AOI\defect image\G1408CH_FULL_251207\00000077\D0_D11.jpg,.jpg,5321,2025-12-08 9:37
G1408CH_FULL_251207,77,D1_U5.jpg,roi,C:\Users\PC4\Downloads\TUK_PCA\AOI\defect image\G1408CH_FULL_251207\00000077\D1_U5.jpg,.jpg,15726,2025-12-08 9:37
G1408CH_FULL_251207,78,D1_U4.jpg,roi,C:\Users\PC4\Downloads\TUK_PCA\AOI\defect image\G1408CH_FULL_251207\00000078\D1_U4.jpg,.jpg,15962,2025-12-08 9:37
G1408CH_FULL_251207,79,D0_D6.jpg,roi,C:\Users\PC4\Downloads\TUK_PCA\AOI\defect image\G1408CH_FULL_251207\00000079\D0_D6.jpg,.jpg,5418,2025-12-08 9:38
G1408CH_FULL_251207,79,D0_U5.jpg,roi,C:\Users\PC4\Downloads\TUK_PCA\AOI\defect image\G1408CH_FULL_251207\00000079\D0_U5.jpg,.jpg,15804,2025-12-08 9:38
G1408CH_FULL_251207,80,D0_D17.jpg,roi,C:\Users\PC4\Downloads\TUK_PCA\AOI\defect image\G1408CH_FULL_251207\00000080\D0_D17.jpg,.jpg,5414,2025-12-08 9:39
G1408CH_FULL_251207,81,D0_U4.jpg,roi,C:\Users\PC4\Downloads\TUK_PCA\AOI\defect image\G1408CH_FULL_251207\00000081\D0_U4.jpg,.jpg,15773,2025-12-08 9:40
G1408CH_FULL_251207,81,D0_U5.jpg,roi,C:\Users\PC4\Downloads\TUK_PCA\AOI\defect image\G1408CH_FULL_251207\00000081\D0_U5.jpg,.jpg,15884,2025-12-08 9:40
G1408CH_FULL_251207,83,D1_U4.jpg,roi,C:\Users\PC4\Downloads\TUK_PCA\AOI\defect image\G1408CH_FULL_251207\00000083\D1_U4.jpg,.jpg,15806,2025-12-08 9:42
G1408CH_FULL_251207,83,D1_U8.jpg,roi,C:\Users\PC4\Downloads\TUK_PCA\AOI\defect image\G1408CH_FULL_251207\00000083\D1_U8.jpg,.jpg,27582,2025-12-08 9:42
G1408CH_FULL_251207,86,D0_U8.jpg,roi,C:\Users\PC4\Downloads\TUK_PCA\AOI\defect image\G1408CH_FULL_251207\00000086\D0_U8.jpg,.jpg,28508,2025-12-08 9:44
G1408CH_FULL_251207,87,D0_X1.jpg,roi,C:\Users\PC4\Downloads\TUK_PCA\AOI\defect image\G1408CH_FULL_251207\00000087\D0_X1.jpg,.jpg,41943,2025-12-08 9:45
G1408CH_FULL_251207,87,D1_U2.jpg,roi,C:\Users\PC4\Downloads\TUK_PCA\AOI\defect image\G1408CH_FULL_251207\00000087\D1_U2.jpg,.jpg,16451,2025-12-08 9:45
G1408CH_FULL_251207,88,D0_U8.jpg,roi,C:\Users\PC4\Downloads\TUK_PCA\AOI\defect image\G1408CH_FULL_251207\00000088\D0_U8.jpg,.jpg,28029,2025-12-08 9:46
G1408CH_FULL_251207,88,D1_D15.jpg,roi,C:\Users\PC4\Downloads\TUK_PCA\AOI\defect image\G1408CH_FULL_251207\00000088\D1_D15.jpg,.jpg,5265,2025-12-08 9:46
G1408CH_FULL_251207,90,D0_U2.jpg,roi,C:\Users\PC4\Downloads\TUK_PCA\AOI\defect image\G1408CH_FULL_251207\00000090\D0_U2.jpg,.jpg,16795,2025-12-08 9:47
G1408CH_FULL_251207,91,D1_U2.jpg,roi,C:\Users\PC4\Downloads\TUK_PCA\AOI\defect image\G1408CH_FULL_251207\00000091\D1_U2.jpg,.jpg,16713,2025-12-08 9:48
G1408CH_FULL_251207,94,D0_U8.jpg,roi,C:\Users\PC4\Downloads\TUK_PCA\AOI\defect image\G1408CH_FULL_251207\00000094\D0_U8.jpg,.jpg,27985,2025-12-08 9:51
G1408CH_FULL_251207,95,D0_U8.jpg,roi,C:\Users\PC4\Downloads\TUK_PCA\AOI\defect image\G1408CH_FULL_251207\00000095\D0_U8.jpg,.jpg,28284,2025-12-08 9:52
G1408CH_FULL_251207,98,D0_D15.jpg,roi,C:\Users\PC4\Downloads\TUK_PCA\AOI\defect image\G1408CH_FULL_251207\00000098\D0_D15.jpg,.jpg,5234,2025-12-08 9:54
G1408CH_FULL_251207,98,D0_D6.jpg,roi,C:\Users\PC4\Downloads\TUK_PCA\AOI\defect image\G1408CH_FULL_251207\00000098\D0_D6.jpg,.jpg,5316,2025-12-08 9:54
G1408CH_FULL_251207,101,D0_R9.jpg,roi,C:\Users\PC4\Downloads\TUK_PCA\AOI\defect image\G1408CH_FULL_251207\00000101\D0_R9.jpg,.jpg,3273,2025-12-08 9:57
G1408CH_FULL_251207,101,D1_D16.jpg,roi,C:\Users\PC4\Downloads\TUK_PCA\AOI\defect image\G1408CH_FULL_251207\00000101\D1_D16.jpg,.jpg,5262,2025-12-08 9:57
G1408CH_FULL_251207,102,D0_D8.jpg,roi,C:\Users\PC4\Downloads\TUK_PCA\AOI\defect image\G1408CH_FULL_251207\00000102\D0_D8.jpg,.jpg,5129,2025-12-08 9:58
G1408CH_FULL_251207,103,D0_D11.jpg,roi,C:\Users\PC4\Downloads\TUK_PCA\AOI\defect image\G1408CH_FULL_251207\00000103\D0_D11.jpg,.jpg,5286,2025-12-08 9:59
G1408CH_FULL_251207,103,D1_U2.jpg,roi,C:\Users\PC4\Downloads\TUK_PCA\AOI\defect image\G1408CH_FULL_251207\00000103\D1_U2.jpg,.jpg,16183,2025-12-08 9:59
G1408CH_FULL_251207,104,D0_D18.jpg,roi,C:\Users\PC4\Downloads\TUK_PCA\AOI\defect image\G1408CH_FULL_251207\00000104\D0_D18.jpg,.jpg,5238,2025-12-08 9:59
G1408CH_FULL_251207,105,D0_D17.jpg,roi,C:\Users\PC4\Downloads\TUK_PCA\AOI\defect image\G1408CH_FULL_251207\00000105\D0_D17.jpg,.jpg,5299,2025-12-08 10:00
G1408CH_FULL_251207,109,D1_D20.jpg,roi,C:\Users\PC4\Downloads\TUK_PCA\AOI\defect image\G1408CH_FULL_251207\00000109\D1_D20.jpg,.jpg,5513,2025-12-08 10:04
G1408CH_FULL_251207,110,D1_U5.jpg,roi,C:\Users\PC4\Downloads\TUK_PCA\AOI\defect image\G1408CH_FULL_251207\00000110\D1_U5.jpg,.jpg,16488,2025-12-08 10:04
G1408CH_FULL_251207,114,D1_T13.jpg,roi,C:\Users\PC4\Downloads\TUK_PCA\AOI\defect image\G1408CH_FULL_251207\00000114\D1_T13.jpg,.jpg,21899,2025-12-08 10:08
G1408CH_FULL_251207,115,D0_R9.jpg,roi,C:\Users\PC4\Downloads\TUK_PCA\AOI\defect image\G1408CH_FULL_251207\00000115\D0_R9.jpg,.jpg,3216,2025-12-08 10:09
G1408CH_FULL_251207,122,D0_U2.jpg,roi,C:\Users\PC4\Downloads\TUK_PCA\AOI\defect image\G1408CH_FULL_251207\00000122\D0_U2.jpg,.jpg,16702,2025-12-08 10:14
G1408CH_FULL_251207,125,D0_T6.jpg,roi,C:\Users\PC4\Downloads\TUK_PCA\AOI\defect image\G1408CH_FULL_251207\00000125\D0_T6.jpg,.jpg,20874,2025-12-08 10:17
G1408CH_FULL_251207,127,D1_C12.jpg,roi,C:\Users\PC4\Downloads\TUK_PCA\AOI\defect image\G1408CH_FULL_251207\00000127\D1_C12.jpg,.jpg,24143,2025-12-08 10:19
G1408CH_FULL_251207,132,D0_U2.jpg,roi,C:\Users\PC4\Downloads\TUK_PCA\AOI\defect image\G1408CH_FULL_251207\00000132\D0_U2.jpg,.jpg,16694,2025-12-08 10:23
G1408CH_FULL_251207,133,D0_U2.jpg,roi,C:\Users\PC4\Downloads\TUK_PCA\AOI\defect image\G1408CH_FULL_251207\00000133\D0_U2.jpg,.jpg,17107,2025-12-08 10:24
G1408CH_FULL_251207,133,D0_U4.jpg,roi,C:\Users\PC4\Downloads\TUK_PCA\AOI\defect image\G1408CH_FULL_251207\00000133\D0_U4.jpg,.jpg,17519,2025-12-08 10:24
G1408CH_FULL_251207,133,D0_U5.jpg,roi,C:\Users\PC4\Downloads\TUK_PCA\AOI\defect image\G1408CH_FULL_251207\00000133\D0_U5.jpg,.jpg,17912,2025-12-08 10:24
G1408CH_FULL_251207,133,D1_U2.jpg,roi,C:\Users\PC4\Downloads\TUK_PCA\AOI\defect image\G1408CH_FULL_251207\00000133\D1_U2.jpg,.jpg,17102,2025-12-08 10:24
G1408CH_FULL_251207,133,D1_U4.jpg,roi,C:\Users\PC4\Downloads\TUK_PCA\AOI\defect image\G1408CH_FULL_251207\00000133\D1_U4.jpg,.jpg,17499,2025-12-08 10:24
G1408CH_FULL_251207,133,D1_U5.jpg,roi,C:\Users\PC4\Downloads\TUK_PCA\AOI\defect image\G1408CH_FULL_251207\00000133\D1_U5.jpg,.jpg,17512,2025-12-08 10:24
G1408CH_FULL_251207,134,D0_U2.jpg,roi,C:\Users\PC4\Downloads\TUK_PCA\AOI\defect image\G1408CH_FULL_251207\00000134\D0_U2.jpg,.jpg,17515,2025-12-08 10:25
G1408CH_FULL_251207,134,D0_U4.jpg,roi,C:\Users\PC4\Downloads\TUK_PCA\AOI\defect image\G1408CH_FULL_251207\00000134\D0_U4.jpg,.jpg,17691,2025-12-08 10:25
G1408CH_FULL_251207,134,D0_U5.jpg,roi,C:\Users\PC4\Downloads\TUK_PCA\AOI\defect image\G1408CH_FULL_251207\00000134\D0_U5.jpg,.jpg,17857,2025-12-08 10:25
G1408CH_FULL_251207,134,D1_U2.jpg,roi,C:\Users\PC4\Downloads\TUK_PCA\AOI\defect image\G1408CH_FULL_251207\00000134\D1_U2.jpg,.jpg,17615,2025-12-08 10:25
G1408CH_FULL_251207,134,D1_U4.jpg,roi,C:\Users\PC4\Downloads\TUK_PCA\AOI\defect image\G1408CH_FULL_251207\00000134\D1_U4.jpg,.jpg,17671,2025-12-08 10:25
G1408CH_FULL_251207,134,D1_U5.jpg,roi,C:\Users\PC4\Downloads\TUK_PCA\AOI\defect image\G1408CH_FULL_251207\00000134\D1_U5.jpg,.jpg,16909,2025-12-08 10:25
G1408CH_FULL_251207,135,D0_U2.jpg,roi,C:\Users\PC4\Downloads\TUK_PCA\AOI\defect image\G1408CH_FULL_251207\00000135\D0_U2.jpg,.jpg,16950,2025-12-08 10:25
G1408CH_FULL_251207,135,D0_U4.jpg,roi,C:\Users\PC4\Downloads\TUK_PCA\AOI\defect image\G1408CH_FULL_251207\00000135\D0_U4.jpg,.jpg,16951,2025-12-08 10:25
G1408CH_FULL_251207,135,D0_U5.jpg,roi,C:\Users\PC4\Downloads\TUK_PCA\AOI\defect image\G1408CH_FULL_251207\00000135\D0_U5.jpg,.jpg,17518,2025-12-08 10:25
G1408CH_FULL_251207,135,D1_R9.jpg,roi,C:\Users\PC4\Downloads\TUK_PCA\AOI\defect image\G1408CH_FULL_251207\00000135\D1_R9.jpg,.jpg,3196,2025-12-08 10:25
G1408CH_FULL_251207,135,D1_U2.jpg,roi,C:\Users\PC4\Downloads\TUK_PCA\AOI\defect image\G1408CH_FULL_251207\00000135\D1_U2.jpg,.jpg,17406,2025-12-08 10:25
G1408CH_FULL_251207,135,D1_U4.jpg,roi,C:\Users\PC4\Downloads\TUK_PCA\AOI\defect image\G1408CH_FULL_251207\00000135\D1_U4.jpg,.jpg,17535,2025-12-08 10:25
G1408CH_FULL_251207,135,D1_U5.jpg,roi,C:\Users\PC4\Downloads\TUK_PCA\AOI\defect image\G1408CH_FULL_251207\00000135\D1_U5.jpg,.jpg,17408,2025-12-08 10:25
G1408CH_FULL_251207,136,D0_U2.jpg,roi,C:\Users\PC4\Downloads\TUK_PCA\AOI\defect image\G1408CH_FULL_251207\00000136\D0_U2.jpg,.jpg,17548,2025-12-08 10:26
G1408CH_FULL_251207,136,D0_U4.jpg,roi,C:\Users\PC4\Downloads\TUK_PCA\AOI\defect image\G1408CH_FULL_251207\00000136\D0_U4.jpg,.jpg,17167,2025-12-08 10:26
G1408CH_FULL_251207,136,D0_U5.jpg,roi,C:\Users\PC4\Downloads\TUK_PCA\AOI\defect image\G1408CH_FULL_251207\00000136\D0_U5.jpg,.jpg,16764,2025-12-08 10:26
G1408CH_FULL_251207,136,D1_U4.jpg,roi,C:\Users\PC4\Downloads\TUK_PCA\AOI\defect image\G1408CH_FULL_251207\00000136\D1_U4.jpg,.jpg,17537,2025-12-08 10:26
G1408CH_FULL_251207,136,D1_U2.jpg,roi,C:\Users\PC4\Downloads\TUK_PCA\AOI\defect image\G1408CH_FULL_251207\00000136\D1_U2.jpg,.jpg,17364,2025-12-08 10:26
G1408CH_FULL_251207,136,D1_U5.jpg,roi,C:\Users\PC4\Downloads\TUK_PCA\AOI\defect image\G1408CH_FULL_251207\00000136\D1_U5.jpg,.jpg,17378,2025-12-08 10:26
G1408CH_FULL_251207,149,D0_C12.jpg,roi,C:\Users\PC4\Downloads\TUK_PCA\AOI\defect image\G1408CH_FULL_251207\00000149\D0_C12.jpg,.jpg,23824,2025-12-08 10:37
G1408CH_FULL_251207,150,D1_U2.jpg,roi,C:\Users\PC4\Downloads\TUK_PCA\AOI\defect image\G1408CH_FULL_251207\00000150\D1_U2.jpg,.jpg,16515,2025-12-08 10:38
G1408CH_FULL_251207,163,D1_C13.jpg,roi,C:\Users\PC4\Downloads\TUK_PCA\AOI\defect image\G1408CH_FULL_251207\00000163\D1_C13.jpg,.jpg,23611,2025-12-08 10:49
G1408CH_FULL_251207,169,D1_C12.jpg,roi,C:\Users\PC4\Downloads\TUK_PCA\AOI\defect image\G1408CH_FULL_251207\00000169\D1_C12.jpg,.jpg,23684,2025-12-08 10:54
G1408CH_FULL_251207,189,D0_R9.jpg,roi,C:\Users\PC4\Downloads\TUK_PCA\AOI\defect image\G1408CH_FULL_251207\00000189\D0_R9.jpg,.jpg,3145,2025-12-08 11:11
G1408CH_FULL_251207,190,D1_C12.jpg,roi,C:\Users\PC4\Downloads\TUK_PCA\AOI\defect image\G1408CH_FULL_251207\00000190\D1_C12.jpg,.jpg,24014,2025-12-08 11:42
G1408CH_FULL_251207,191,D0_R9.jpg,roi,C:\Users\PC4\Downloads\TUK_PCA\AOI\defect image\G1408CH_FULL_251207\00000191\D0_R9.jpg,.jpg,3204,2025-12-08 11:43
G1408CH_FULL_251207,195,D0_X1.jpg,roi,C:\Users\PC4\Downloads\TUK_PCA\AOI\defect image\G1408CH_FULL_251207\00000195\D0_X1.jpg,.jpg,41630,2025-12-08 11:50
G1408CH_FULL_251207,197,D0_D15.jpg,roi,C:\Users\PC4\Downloads\TUK_PCA\AOI\defect image\G1408CH_FULL_251207\00000197\D0_D15.jpg,.jpg,5164,2025-12-08 11:52
G1408CH_FULL_251207,198,D1_R6.jpg,roi,C:\Users\PC4\Downloads\TUK_PCA\AOI\defect image\G1408CH_FULL_251207\00000198\D1_R6.jpg,.jpg,3830,2025-12-08 11:53
G1408CH_FULL_251207,204,D1_U7.jpg,roi,C:\Users\PC4\Downloads\TUK_PCA\AOI\defect image\G1408CH_FULL_251207\00000204\D1_U7.jpg,.jpg,24650,2025-12-08 11:58
G1408CH_FULL_251207,206,D1_U3.jpg,roi,C:\Users\PC4\Downloads\TUK_PCA\AOI\defect image\G1408CH_FULL_251207\00000206\D1_U3.jpg,.jpg,36574,2025-12-08 12:00
G1408CH_FULL_251207,207,D1_X1.jpg,roi,C:\Users\PC4\Downloads\TUK_PCA\AOI\defect image\G1408CH_FULL_251207\00000207\D1_X1.jpg,.jpg,42918,2025-12-08 12:00
G1408CH_FULL_251207,209,D0_U3.jpg,roi,C:\Users\PC4\Downloads\TUK_PCA\AOI\defect image\G1408CH_FULL_251207\00000209\D0_U3.jpg,.jpg,35615,2025-12-08 12:02
G1408CH_FULL_251207,246,D1_X1.jpg,roi,C:\Users\PC4\Downloads\TUK_PCA\AOI\defect image\G1408CH_FULL_251207\00000246\D1_X1.jpg,.jpg,41263,2025-12-08 12:33
G1408CH_FULL_251207,247,D1_D2.jpg,roi,C:\Users\PC4\Downloads\TUK_PCA\AOI\defect image\G1408CH_FULL_251207\00000247\D1_D2.jpg,.jpg,7245,2025-12-08 12:34
G1408CH_FULL_251207,250,D0_U2.jpg,roi,C:\Users\PC4\Downloads\TUK_PCA\AOI\defect image\G1408CH_FULL_251207\00000250\D0_U2.jpg,.jpg,16385,2025-12-08 12:37
G1408CH_FULL_251207,266,D1_R9.jpg,roi,C:\Users\PC4\Downloads\TUK_PCA\AOI\defect image\G1408CH_FULL_251207\00000266\D1_R9.jpg,.jpg,3220,2025-12-08 12:50
G1408CH_FULL_251207,291,D1_U7.jpg,roi,C:\Users\PC4\Downloads\TUK_PCA\AOI\defect image\G1408CH_FULL_251207\00000291\D1_U7.jpg,.jpg,23372,2025-12-08 13:11
G1408CH_FULL_251207,294,D0_X1.jpg,roi,C:\Users\PC4\Downloads\TUK_PCA\AOI\defect image\G1408CH_FULL_251207\00000294\D0_X1.jpg,.jpg,42266,2025-12-08 13:13
G1408CH_FULL_251207,300,D0_X1.jpg,roi,C:\Users\PC4\Downloads\TUK_PCA\AOI\defect image\G1408CH_FULL_251207\00000300\D0_X1.jpg,.jpg,43404,2025-12-08 13:18
G1408CH_FULL_251207,303,D0_U2.jpg,roi,C:\Users\PC4\Downloads\TUK_PCA\AOI\defect image\G1408CH_FULL_251207\00000303\D0_U2.jpg,.jpg,17687,2025-12-08 13:21
G1408CH_FULL_251207,303,D0_U5.jpg,roi,C:\Users\PC4\Downloads\TUK_PCA\AOI\defect image\G1408CH_FULL_251207\00000303\D0_U5.jpg,.jpg,17847,2025-12-08 13:21
G1408CH_FULL_251207,303,D1_U2.jpg,roi,C:\Users\PC4\Downloads\TUK_PCA\AOI\defect image\G1408CH_FULL_251207\00000303\D1_U2.jpg,.jpg,17779,2025-12-08 13:21
G1408CH_FULL_251207,303,D1_U4.jpg,roi,C:\Users\PC4\Downloads\TUK_PCA\AOI\defect image\G1408CH_FULL_251207\00000303\D1_U4.jpg,.jpg,17642,2025-12-08 13:21
G1408CH_FULL_251207,303,D1_U5.jpg,roi,C:\Users\PC4\Downloads\TUK_PCA\AOI\defect image\G1408CH_FULL_251207\00000303\D1_U5.jpg,.jpg,17432,2025-12-08 13:21
G1408CH_FULL_251207,304,D0_U2.jpg,roi,C:\Users\PC4\Downloads\TUK_PCA\AOI\defect image\G1408CH_FULL_251207\00000304\D0_U2.jpg,.jpg,17818,2025-12-08 13:22
G1408CH_FULL_251207,304,D0_U4.jpg,roi,C:\Users\PC4\Downloads\TUK_PCA\AOI\defect image\G1408CH_FULL_251207\00000304\D0_U4.jpg,.jpg,17889,2025-12-08 13:22
G1408CH_FULL_251207,304,D0_U5.jpg,roi,C:\Users\PC4\Downloads\TUK_PCA\AOI\defect image\G1408CH_FULL_251207\00000304\D0_U5.jpg,.jpg,17421,2025-12-08 13:22
G1408CH_FULL_251207,304,D1_U2.jpg,roi,C:\Users\PC4\Downloads\TUK_PCA\AOI\defect image\G1408CH_FULL_251207\00000304\D1_U2.jpg,.jpg,17571,2025-12-08 13:22
G1408CH_FULL_251207,304,D1_U4.jpg,roi,C:\Users\PC4\Downloads\TUK_PCA\AOI\defect image\G1408CH_FULL_251207\00000304\D1_U4.jpg,.jpg,17549,2025-12-08 13:22
G1408CH_FULL_251207,305,D0_U2.jpg,roi,C:\Users\PC4\Downloads\TUK_PCA\AOI\defect image\G1408CH_FULL_251207\00000305\D0_U2.jpg,.jpg,17509,2025-12-08 13:23
G1408CH_FULL_251207,305,D0_U4.jpg,roi,C:\Users\PC4\Downloads\TUK_PCA\AOI\defect image\G1408CH_FULL_251207\00000305\D0_U4.jpg,.jpg,17808,2025-12-08 13:23
G1408CH_FULL_251207,305,D1_U2.jpg,roi,C:\Users\PC4\Downloads\TUK_PCA\AOI\defect image\G1408CH_FULL_251207\00000305\D1_U2.jpg,.jpg,17673,2025-12-08 13:23
G1408CH_FULL_251207,305,D1_U5.jpg,roi,C:\Users\PC4\Downloads\TUK_PCA\AOI\defect image\G1408CH_FULL_251207\00000305\D1_U5.jpg,.jpg,17435,2025-12-08 13:23
G1408CH_FULL_251207,306,D0_U2.jpg,roi,C:\Users\PC4\Downloads\TUK_PCA\AOI\defect image\G1408CH_FULL_251207\00000306\D0_U2.jpg,.jpg,17843,2025-12-08 13:24
G1408CH_FULL_251207,306,D0_U4.jpg,roi,C:\Users\PC4\Downloads\TUK_PCA\AOI\defect image\G1408CH_FULL_251207\00000306\D0_U4.jpg,.jpg,17892,2025-12-08 13:24
G1408CH_FULL_251207,306,D0_U5.jpg,roi,C:\Users\PC4\Downloads\TUK_PCA\AOI\defect image\G1408CH_FULL_251207\00000306\D0_U5.jpg,.jpg,17563,2025-12-08 13:24
G1408CH_FULL_251207,306,D1_U2.jpg,roi,C:\Users\PC4\Downloads\TUK_PCA\AOI\defect image\G1408CH_FULL_251207\00000306\D1_U2.jpg,.jpg,17521,2025-12-08 13:24
G1408CH_FULL_251207,306,D1_U4.jpg,roi,C:\Users\PC4\Downloads\TUK_PCA\AOI\defect image\G1408CH_FULL_251207\00000306\D1_U4.jpg,.jpg,17553,2025-12-08 13:24
G1408CH_FULL_251207,306,D1_U5.jpg,roi,C:\Users\PC4\Downloads\TUK_PCA\AOI\defect image\G1408CH_FULL_251207\00000306\D1_U5.jpg,.jpg,17302,2025-12-08 13:24
G1408CH_FULL_251207,308,D1_R9.jpg,roi,C:\Users\PC4\Downloads\TUK_PCA\AOI\defect image\G1408CH_FULL_251207\00000308\D1_R9.jpg,.jpg,3323,2025-12-08 13:25
G1408CH_FULL_251207,327,D0_X1.jpg,roi,C:\Users\PC4\Downloads\TUK_PCA\AOI\defect image\G1408CH_FULL_251207\00000327\D0_X1.jpg,.jpg,42214,2025-12-08 13:41
G1408CH_FULL_251207,333,D0_X1.jpg,roi,C:\Users\PC4\Downloads\TUK_PCA\AOI\defect image\G1408CH_FULL_251207\00000333\D0_X1.jpg,.jpg,42607,2025-12-08 13:46
G1408CH_FULL_251207,334,D1_D2.jpg,roi,C:\Users\PC4\Downloads\TUK_PCA\AOI\defect image\G1408CH_FULL_251207\00000334\D1_D2.jpg,.jpg,7161,2025-12-08 13:47
G1408CH_FULL_251207,370,D1_T9.jpg,roi,C:\Users\PC4\Downloads\TUK_PCA\AOI\defect image\G1408CH_FULL_251207\00000370\D1_T9.jpg,.jpg,20760,2025-12-08 14:17
G1408CH_FULL_251207,393,D1_T12.jpg,roi,C:\Users\PC4\Downloads\TUK_PCA\AOI\defect image\G1408CH_FULL_251207\00000393\D1_T12.jpg,.jpg,22268,2025-12-08 14:37
G1408CH_FULL_251207,406,D0_T9.jpg,roi,C:\Users\PC4\Downloads\TUK_PCA\AOI\defect image\G1408CH_FULL_251207\00000406\D0_T9.jpg,.jpg,21030,2025-12-08 14:48
G1408CH_FULL_251207,410,D0_T10.jpg,roi,C:\Users\PC4\Downloads\TUK_PCA\AOI\defect image\G1408CH_FULL_251207\00000410\D0_T10.jpg,.jpg,22377,2025-12-08 14:52
G1408CH_FULL_251207,425,D1_R9.jpg,roi,C:\Users\PC4\Downloads\TUK_PCA\AOI\defect image\G1408CH_FULL_251207\00000425\D1_R9.jpg,.jpg,3274,2025-12-08 15:05
G1408CH_FULL_251207,432,D0_T8.jpg,roi,C:\Users\PC4\Downloads\TUK_PCA\AOI\defect image\G1408CH_FULL_251207\00000432\D0_T8.jpg,.jpg,21006,2025-12-08 15:10
G1408CH_FULL_251207,484,D0_T5.jpg,roi,C:\Users\PC4\Downloads\TUK_PCA\AOI\defect image\G1408CH_FULL_251207\00000484\D0_T5.jpg,.jpg,21481,2025-12-08 15:54
G1408CH_FULL_251207,494,D0_R4.jpg,roi,C:\Users\PC4\Downloads\TUK_PCA\AOI\defect image\G1408CH_FULL_251207\00000494\D0_R4.jpg,.jpg,2162,2025-12-08 16:03
G1408CH_FULL_251207,510,D1_X1.jpg,roi,C:\Users\PC4\Downloads\TUK_PCA\AOI\defect image\G1408CH_FULL_251207\00000510\D1_X1.jpg,.jpg,39060,2025-12-08 16:16
G1408CH_FULL_251207,514,D0_D13.jpg,roi,C:\Users\PC4\Downloads\TUK_PCA\AOI\defect image\G1408CH_FULL_251207\00000514\D0_D13.jpg,.jpg,5559,2025-12-08 16:19
NEW_DELIM4,1,G0_CON1.jpg,roi,C:\Users\PC4\Downloads\TUK_PCA\AOI\defect image\NEW_DELIM4\00000001\G0_CON1.jpg,.jpg,27273,2025-12-16 14:33
NEW_DELIM4,1,G1_CON1.jpg,roi,C:\Users\PC4\Downloads\TUK_PCA\AOI\defect image\NEW_DELIM4\00000001\G1_CON1.jpg,.jpg,28642,2025-12-16 14:33
NEW_DELIM4,1,G1_IC1.jpg,roi,C:\Users\PC4\Downloads\TUK_PCA\AOI\defect image\NEW_DELIM4\00000001\G1_IC1.jpg,.jpg,101773,2025-12-16 14:33
NEW_DELIM4,1,G2_CON1.jpg,roi,C:\Users\PC4\Downloads\TUK_PCA\AOI\defect image\NEW_DELIM4\00000001\G2_CON1.jpg,.jpg,27506,2025-12-16 14:33
NEW_DELIM4,1,G2_IC1.jpg,roi,C:\Users\PC4\Downloads\TUK_PCA\AOI\defect image\NEW_DELIM4\00000001\G2_IC1.jpg,.jpg,101309,2025-12-16 14:33
NEW_DELIM4,2,G1_CON1.jpg,roi,C:\Users\PC4\Downloads\TUK_PCA\AOI\defect image\NEW_DELIM4\00000002\G1_CON1.jpg,.jpg,28642,2025-12-16 14:33
NEW_DELIM4,2,G1_U3.jpg,roi,C:\Users\PC4\Downloads\TUK_PCA\AOI\defect image\NEW_DELIM4\00000002\G1_U3.jpg,.jpg,24272,2025-12-16 14:33
NEW_DELIM4,5,G0_C8.jpg,roi,C:\Users\PC4\Downloads\TUK_PCA\AOI\defect image\NEW_DELIM4\00000005\G0_C8.jpg,.jpg,5642,2025-12-16 14:33
NEW_DELIM4,5,G1_U2.jpg,roi,C:\Users\PC4\Downloads\TUK_PCA\AOI\defect image\NEW_DELIM4\00000005\G1_U2.jpg,.jpg,15901,2025-12-16 14:33
NEW_DELIM4,8,G1_U3.jpg,roi,C:\Users\PC4\Downloads\TUK_PCA\AOI\defect image\NEW_DELIM4\00000008\G1_U3.jpg,.jpg,24272,2025-12-16 14:33
NEW_DELIM4,1,D0_CON1.jpg,roi,C:\Users\PC4\Downloads\TUK_PCA\AOI\defect image\NEW_DELIM4\00000001\D0_CON1.jpg,.jpg,27713,2025-12-16 14:33
NEW_DELIM4,1,D1_IC1.jpg,roi,C:\Users\PC4\Downloads\TUK_PCA\AOI\defect image\NEW_DELIM4\00000001\D1_IC1.jpg,.jpg,104485,2025-12-16 14:33
NEW_DELIM4,1,D1_CON1.jpg,roi,C:\Users\PC4\Downloads\TUK_PCA\AOI\defect image\NEW_DELIM4\00000001\D1_CON1.jpg,.jpg,29554,2025-12-16 14:33
NEW_DELIM4,1,D2_IC1.jpg,roi,C:\Users\PC4\Downloads\TUK_PCA\AOI\defect image\NEW_DELIM4\00000001\D2_IC1.jpg,.jpg,104689,2025-12-16 14:33
NEW_DELIM4,1,D2_CON1.jpg,roi,C:\Users\PC4\Downloads\TUK_PCA\AOI\defect image\NEW_DELIM4\00000001\D2_CON1.jpg,.jpg,28578,2025-12-16 14:33
NEW_DELIM4,2,D1_CON1.jpg,roi,C:\Users\PC4\Downloads\TUK_PCA\AOI\defect image\NEW_DELIM4\00000002\D1_CON1.jpg,.jpg,29506,2025-12-16 14:36
NEW_DELIM4,2,D1_U3.jpg,roi,C:\Users\PC4\Downloads\TUK_PCA\AOI\defect image\NEW_DELIM4\00000002\D1_U3.jpg,.jpg,24034,2025-12-16 14:36
NEW_DELIM4,5,D0_C8.jpg,roi,C:\Users\PC4\Downloads\TUK_PCA\AOI\defect image\NEW_DELIM4\00000005\D0_C8.jpg,.jpg,5597,2025-12-16 14:39
NEW_DELIM4,5,D1_U2.jpg,roi,C:\Users\PC4\Downloads\TUK_PCA\AOI\defect image\NEW_DELIM4\00000005\D1_U2.jpg,.jpg,17436,2025-12-16 14:39
NEW_DELIM4,8,D1_U3.jpg,roi,C:\Users\PC4\Downloads\TUK_PCA\AOI\defect image\NEW_DELIM4\00000008\D1_U3.jpg,.jpg,25030,2025-12-16 14:42
NEW_DELIM4,19,G1_VED84D427-6AE4-4b1c-9023-3577C5B58A6E.jpg,roi,C:\Users\PC4\Downloads\TUK_PCA\AOI\defect image\NEW_DELIM4\00000019\G1_VED84D427-6AE4-4b1c-9023-3577C5B58A6E.jpg,.jpg,1661,2025-12-16 14:51
NEW_DELIM4,19,G1__MNT_28_.jpg,roi,C:\Users\PC4\Downloads\TUK_PCA\AOI\defect image\NEW_DELIM4\00000019\G1__MNT_28_.jpg,.jpg,1661,2025-12-16 14:51
NEW_DELIM4,19,G2_VED84D427-6AE4-4b1c-9023-3577C5B58A6E.jpg,roi,C:\Users\PC4\Downloads\TUK_PCA\AOI\defect image\NEW_DELIM4\00000019\G2_VED84D427-6AE4-4b1c-9023-3577C5B58A6E.jpg,.jpg,1606,2025-12-16 14:51
NEW_DELIM4,19,G2__MNT_28_.jpg,roi,C:\Users\PC4\Downloads\TUK_PCA\AOI\defect image\NEW_DELIM4\00000019\G2__MNT_28_.jpg,.jpg,1606,2025-12-16 14:51
NEW_DELIM4,19,G3_VED84D427-6AE4-4b1c-9023-3577C5B58A6E.jpg,roi,C:\Users\PC4\Downloads\TUK_PCA\AOI\defect image\NEW_DELIM4\00000019\G3_VED84D427-6AE4-4b1c-9023-3577C5B58A6E.jpg,.jpg,1620,2025-12-16 14:51
NEW_DELIM4,19,G3__MNT_28_.jpg,roi,C:\Users\PC4\Downloads\TUK_PCA\AOI\defect image\NEW_DELIM4\00000019\G3__MNT_28_.jpg,.jpg,1620,2025-12-16 14:51
NEW_DELIM4,30,G3_VED84D427-6AE4-4b1c-9023-3577C5B58A6E.jpg,roi,C:\Users\PC4\Downloads\TUK_PCA\AOI\defect image\NEW_DELIM4\00000030\G3_VED84D427-6AE4-4b1c-9023-3577C5B58A6E.jpg,.jpg,1620,2025-12-16 14:51
NEW_DELIM4,30,G3__MNT_28_.jpg,roi,C:\Users\PC4\Downloads\TUK_PCA\AOI\defect image\NEW_DELIM4\00000030\G3__MNT_28_.jpg,.jpg,1620,2025-12-16 14:51
NEW_DELIM4,33,G1_VED84D427-6AE4-4b1c-9023-3577C5B58A6E.jpg,roi,C:\Users\PC4\Downloads\TUK_PCA\AOI\defect image\NEW_DELIM4\00000033\G1_VED84D427-6AE4-4b1c-9023-3577C5B58A6E.jpg,.jpg,1661,2025-12-16 14:51
NEW_DELIM4,33,G1__MNT_28_.jpg,roi,C:\Users\PC4\Downloads\TUK_PCA\AOI\defect image\NEW_DELIM4\00000033\G1__MNT_28_.jpg,.jpg,1661,2025-12-16 14:51
NEW_DELIM4,33,G2_VED84D427-6AE4-4b1c-9023-3577C5B58A6E.jpg,roi,C:\Users\PC4\Downloads\TUK_PCA\AOI\defect image\NEW_DELIM4\00000033\G2_VED84D427-6AE4-4b1c-9023-3577C5B58A6E.jpg,.jpg,1606,2025-12-16 14:51
NEW_DELIM4,33,G2__MNT_28_.jpg,roi,C:\Users\PC4\Downloads\TUK_PCA\AOI\defect image\NEW_DELIM4\00000033\G2__MNT_28_.jpg,.jpg,1606,2025-12-16 14:51
NEW_DELIM4,92,G3_R10.jpg,roi,C:\Users\PC4\Downloads\TUK_PCA\AOI\defect image\NEW_DELIM4\00000092\G3_R10.jpg,.jpg,3461,2025-12-16 14:51
NEW_DELIM4,17,G1_R11.jpg,roi,C:\Users\PC4\Downloads\TUK_PCA\AOI\defect image\NEW_DELIM4\00000017\G1_R11.jpg,.jpg,3251,2025-12-16 14:51
NEW_DELIM4,21,G1_U3.jpg,roi,C:\Users\PC4\Downloads\TUK_PCA\AOI\defect image\NEW_DELIM4\00000021\G1_U3.jpg,.jpg,23519,2025-12-16 14:51
NEW_DELIM4,24,G2_R11.jpg,roi,C:\Users\PC4\Downloads\TUK_PCA\AOI\defect image\NEW_DELIM4\00000024\G2_R11.jpg,.jpg,3222,2025-12-16 14:51
NEW_DELIM4,26,G3_R7.jpg,roi,C:\Users\PC4\Downloads\TUK_PCA\AOI\defect image\NEW_DELIM4\00000026\G3_R7.jpg,.jpg,3068,2025-12-16 14:51
NEW_DELIM4,27,G0_U2.jpg,roi,C:\Users\PC4\Downloads\TUK_PCA\AOI\defect image\NEW_DELIM4\00000027\G0_U2.jpg,.jpg,16672,2025-12-16 14:51
NEW_DELIM4,28,G1_U3.jpg,roi,C:\Users\PC4\Downloads\TUK_PCA\AOI\defect image\NEW_DELIM4\00000028\G1_U3.jpg,.jpg,23519,2025-12-16 14:51
NEW_DELIM4,32,G3_U3.jpg,roi,C:\Users\PC4\Downloads\TUK_PCA\AOI\defect image\NEW_DELIM4\00000032\G3_U3.jpg,.jpg,24290,2025-12-16 14:51
NEW_DELIM4,37,G1_D2.jpg,roi,C:\Users\PC4\Downloads\TUK_PCA\AOI\defect image\NEW_DELIM4\00000037\G1_D2.jpg,.jpg,6933,2025-12-16 14:51
NEW_DELIM4,39,G1_U2.jpg,roi,C:\Users\PC4\Downloads\TUK_PCA\AOI\defect image\NEW_DELIM4\00000039\G1_U2.jpg,.jpg,16888,2025-12-16 14:51
NEW_DELIM4,39,G3_R7.jpg,roi,C:\Users\PC4\Downloads\TUK_PCA\AOI\defect image\NEW_DELIM4\00000039\G3_R7.jpg,.jpg,3068,2025-12-16 14:51
NEW_DELIM4,41,G0_U3.jpg,roi,C:\Users\PC4\Downloads\TUK_PCA\AOI\defect image\NEW_DELIM4\00000041\G0_U3.jpg,.jpg,23174,2025-12-16 14:51
NEW_DELIM4,43,G0_IC1.jpg,roi,C:\Users\PC4\Downloads\TUK_PCA\AOI\defect image\NEW_DELIM4\00000043\G0_IC1.jpg,.jpg,102515,2025-12-16 14:51
NEW_DELIM4,47,G0_U2.jpg,roi,C:\Users\PC4\Downloads\TUK_PCA\AOI\defect image\NEW_DELIM4\00000047\G0_U2.jpg,.jpg,16672,2025-12-16 14:51
NEW_DELIM4,48,G0_R7.jpg,roi,C:\Users\PC4\Downloads\TUK_PCA\AOI\defect image\NEW_DELIM4\00000048\G0_R7.jpg,.jpg,3071,2025-12-16 14:51
NEW_DELIM4,48,G2_D2.jpg,roi,C:\Users\PC4\Downloads\TUK_PCA\AOI\defect image\NEW_DELIM4\00000048\G2_D2.jpg,.jpg,7328,2025-12-16 14:51
NEW_DELIM4,52,G3_R7.jpg,roi,C:\Users\PC4\Downloads\TUK_PCA\AOI\defect image\NEW_DELIM4\00000052\G3_R7.jpg,.jpg,3068,2025-12-16 14:51
NEW_DELIM4,53,G0_U3.jpg,roi,C:\Users\PC4\Downloads\TUK_PCA\AOI\defect image\NEW_DELIM4\00000053\G0_U3.jpg,.jpg,23174,2025-12-16 14:51
NEW_DELIM4,62,G2_IC1.jpg,roi,C:\Users\PC4\Downloads\TUK_PCA\AOI\defect image\NEW_DELIM4\00000062\G2_IC1.jpg,.jpg,103532,2025-12-16 14:51
NEW_DELIM4,64,G3_IC1.jpg,roi,C:\Users\PC4\Downloads\TUK_PCA\AOI\defect image\NEW_DELIM4\00000064\G3_IC1.jpg,.jpg,102278,2025-12-16 14:51
NEW_DELIM4,66,G3_IC1.jpg,roi,C:\Users\PC4\Downloads\TUK_PCA\AOI\defect image\NEW_DELIM4\00000066\G3_IC1.jpg,.jpg,102278,2025-12-16 14:51
NEW_DELIM4,71,G3_U2.jpg,roi,C:\Users\PC4\Downloads\TUK_PCA\AOI\defect image\NEW_DELIM4\00000071\G3_U2.jpg,.jpg,16556,2025-12-16 14:51
NEW_DELIM4,73,G3_U2.jpg,roi,C:\Users\PC4\Downloads\TUK_PCA\AOI\defect image\NEW_DELIM4\00000073\G3_U2.jpg,.jpg,16556,2025-12-16 14:51
NEW_DELIM4,76,G2_R11.jpg,roi,C:\Users\PC4\Downloads\TUK_PCA\AOI\defect image\NEW_DELIM4\00000076\G2_R11.jpg,.jpg,3222,2025-12-16 14:51
NEW_DELIM4,79,G3_R11.jpg,roi,C:\Users\PC4\Downloads\TUK_PCA\AOI\defect image\NEW_DELIM4\00000079\G3_R11.jpg,.jpg,3291,2025-12-16 14:51
NEW_DELIM4,84,G2_IC1.jpg,roi,C:\Users\PC4\Downloads\TUK_PCA\AOI\defect image\NEW_DELIM4\00000084\G2_IC1.jpg,.jpg,103532,2025-12-16 14:51
NEW_DELIM4,87,G0_IC1.jpg,roi,C:\Users\PC4\Downloads\TUK_PCA\AOI\defect image\NEW_DELIM4\00000087\G0_IC1.jpg,.jpg,102515,2025-12-16 14:51
NEW_DELIM4,87,G2_U2.jpg,roi,C:\Users\PC4\Downloads\TUK_PCA\AOI\defect image\NEW_DELIM4\00000087\G2_U2.jpg,.jpg,16770,2025-12-16 14:51
NEW_DELIM4,87,G3_IC1.jpg,roi,C:\Users\PC4\Downloads\TUK_PCA\AOI\defect image\NEW_DELIM4\00000087\G3_IC1.jpg,.jpg,102278,2025-12-16 14:51
NEW_DELIM4,88,G2_IC1.jpg,roi,C:\Users\PC4\Downloads\TUK_PCA\AOI\defect image\NEW_DELIM4\00000088\G2_IC1.jpg,.jpg,103532,2025-12-16 14:51
NEW_DELIM4,91,G3_U2.jpg,roi,C:\Users\PC4\Downloads\TUK_PCA\AOI\defect image\NEW_DELIM4\00000091\G3_U2.jpg,.jpg,16556,2025-12-16 14:51
NEW_DELIM4,94,G2_IC1.jpg,roi,C:\Users\PC4\Downloads\TUK_PCA\AOI\defect image\NEW_DELIM4\00000094\G2_IC1.jpg,.jpg,103532,2025-12-16 14:51
NEW_DELIM4,94,G3_R11.jpg,roi,C:\Users\PC4\Downloads\TUK_PCA\AOI\defect image\NEW_DELIM4\00000094\G3_R11.jpg,.jpg,3291,2025-12-16 14:51
NEW_DELIM4,95,G3_U2.jpg,roi,C:\Users\PC4\Downloads\TUK_PCA\AOI\defect image\NEW_DELIM4\00000095\G3_U2.jpg,.jpg,16556,2025-12-16 14:51
NEW_DELIM4,96,G1_IC1.jpg,roi,C:\Users\PC4\Downloads\TUK_PCA\AOI\defect image\NEW_DELIM4\00000096\G1_IC1.jpg,.jpg,104774,2025-12-16 14:51
NEW_DELIM4,107,G0_R1.jpg,roi,C:\Users\PC4\Downloads\TUK_PCA\AOI\defect image\NEW_DELIM4\00000107\G0_R1.jpg,.jpg,3573,2025-12-16 14:51
NEW_DELIM4,110,G3_C8.jpg,roi,C:\Users\PC4\Downloads\TUK_PCA\AOI\defect image\NEW_DELIM4\00000110\G3_C8.jpg,.jpg,6137,2025-12-16 14:51
NEW_DELIM4,111,G2_IC1.jpg,roi,C:\Users\PC4\Downloads\TUK_PCA\AOI\defect image\NEW_DELIM4\00000111\G2_IC1.jpg,.jpg,103532,2025-12-16 14:51
NEW_DELIM4,111,G3_IC1.jpg,roi,C:\Users\PC4\Downloads\TUK_PCA\AOI\defect image\NEW_DELIM4\00000111\G3_IC1.jpg,.jpg,102278,2025-12-16 14:51
NEW_DELIM4,119,G2_U2.jpg,roi,C:\Users\PC4\Downloads\TUK_PCA\AOI\defect image\NEW_DELIM4\00000119\G2_U2.jpg,.jpg,16770,2025-12-16 14:51
NEW_DELIM4,121,G2_U2.jpg,roi,C:\Users\PC4\Downloads\TUK_PCA\AOI\defect image\NEW_DELIM4\00000121\G2_U2.jpg,.jpg,16770,2025-12-16 14:51
NEW_DELIM4,137,G2_U2.jpg,roi,C:\Users\PC4\Downloads\TUK_PCA\AOI\defect image\NEW_DELIM4\00000137\G2_U2.jpg,.jpg,16770,2025-12-16 14:51
NEW_DELIM4,141,G2_U2.jpg,roi,C:\Users\PC4\Downloads\TUK_PCA\AOI\defect image\NEW_DELIM4\00000141\G2_U2.jpg,.jpg,16770,2025-12-16 14:51
NEW_DELIM4,151,G0_R11.jpg,roi,C:\Users\PC4\Downloads\TUK_PCA\AOI\defect image\NEW_DELIM4\00000151\G0_R11.jpg,.jpg,3260,2025-12-16 14:51
NEW_DELIM4,153,G3_R11.jpg,roi,C:\Users\PC4\Downloads\TUK_PCA\AOI\defect image\NEW_DELIM4\00000153\G3_R11.jpg,.jpg,3291,2025-12-16 14:51
NEW_DELIM4,172,G1_R11.jpg,roi,C:\Users\PC4\Downloads\TUK_PCA\AOI\defect image\NEW_DELIM4\00000172\G1_R11.jpg,.jpg,3251,2025-12-16 14:51
NEW_DELIM4,191,G2_Q1.jpg,roi,C:\Users\PC4\Downloads\TUK_PCA\AOI\defect image\NEW_DELIM4\00000191\G2_Q1.jpg,.jpg,5247,2025-12-16 14:51
NEW_DELIM4,191,G2_U3.jpg,roi,C:\Users\PC4\Downloads\TUK_PCA\AOI\defect image\NEW_DELIM4\00000191\G2_U3.jpg,.jpg,23444,2025-12-16 14:51
NEW_DELIM4,197,G0_IC1.jpg,roi,C:\Users\PC4\Downloads\TUK_PCA\AOI\defect image\NEW_DELIM4\00000197\G0_IC1.jpg,.jpg,102515,2025-12-16 14:51
NEW_DELIM4,197,G2_U2.jpg,roi,C:\Users\PC4\Downloads\TUK_PCA\AOI\defect image\NEW_DELIM4\00000197\G2_U2.jpg,.jpg,16770,2025-12-16 14:51
NEW_DELIM4,17,D1_R11.jpg,roi,C:\Users\PC4\Downloads\TUK_PCA\AOI\defect image\NEW_DELIM4\00000017\D1_R11.jpg,.jpg,1880,2025-12-16 14:55
NEW_DELIM4,19,D1_VED84D427-6AE4-4b1c-9023-3577C5B58A6E.jpg,roi,C:\Users\PC4\Downloads\TUK_PCA\AOI\defect image\NEW_DELIM4\00000019\D1_VED84D427-6AE4-4b1c-9023-3577C5B58A6E.jpg,.jpg,1417,2025-12-16 14:56
NEW_DELIM4,19,D1__MNT_28_.jpg,roi,C:\Users\PC4\Downloads\TUK_PCA\AOI\defect image\NEW_DELIM4\00000019\D1__MNT_28_.jpg,.jpg,1417,2025-12-16 14:56
NEW_DELIM4,19,D2_VED84D427-6AE4-4b1c-9023-3577C5B58A6E.jpg,roi,C:\Users\PC4\Downloads\TUK_PCA\AOI\defect image\NEW_DELIM4\00000019\D2_VED84D427-6AE4-4b1c-9023-3577C5B58A6E.jpg,.jpg,1549,2025-12-16 14:56
NEW_DELIM4,19,D2__MNT_28_.jpg,roi,C:\Users\PC4\Downloads\TUK_PCA\AOI\defect image\NEW_DELIM4\00000019\D2__MNT_28_.jpg,.jpg,1549,2025-12-16 14:56
NEW_DELIM4,19,D3_VED84D427-6AE4-4b1c-9023-3577C5B58A6E.jpg,roi,C:\Users\PC4\Downloads\TUK_PCA\AOI\defect image\NEW_DELIM4\00000019\D3_VED84D427-6AE4-4b1c-9023-3577C5B58A6E.jpg,.jpg,1587,2025-12-16 14:56
NEW_DELIM4,19,D3__MNT_28_.jpg,roi,C:\Users\PC4\Downloads\TUK_PCA\AOI\defect image\NEW_DELIM4\00000019\D3__MNT_28_.jpg,.jpg,1587,2025-12-16 14:56
NEW_DELIM4,21,D1_U3.jpg,roi,C:\Users\PC4\Downloads\TUK_PCA\AOI\defect image\NEW_DELIM4\00000021\D1_U3.jpg,.jpg,24543,2025-12-16 14:57
NEW_DELIM4,24,D2_R11.jpg,roi,C:\Users\PC4\Downloads\TUK_PCA\AOI\defect image\NEW_DELIM4\00000024\D2_R11.jpg,.jpg,1910,2025-12-16 14:59
NEW_DELIM4,26,D3_R7.jpg,roi,C:\Users\PC4\Downloads\TUK_PCA\AOI\defect image\NEW_DELIM4\00000026\D3_R7.jpg,.jpg,1934,2025-12-16 15:00
NEW_DELIM4,27,D0_U2.jpg,roi,C:\Users\PC4\Downloads\TUK_PCA\AOI\defect image\NEW_DELIM4\00000027\D0_U2.jpg,.jpg,17215,2025-12-16 15:00
NEW_DELIM4,28,D1_U3.jpg,roi,C:\Users\PC4\Downloads\TUK_PCA\AOI\defect image\NEW_DELIM4\00000028\D1_U3.jpg,.jpg,23806,2025-12-16 15:01
NEW_DELIM4,30,D3_VED84D427-6AE4-4b1c-9023-3577C5B58A6E.jpg,roi,C:\Users\PC4\Downloads\TUK_PCA\AOI\defect image\NEW_DELIM4\00000030\D3_VED84D427-6AE4-4b1c-9023-3577C5B58A6E.jpg,.jpg,1674,2025-12-16 15:02
NEW_DELIM4,30,D3__MNT_28_.jpg,roi,C:\Users\PC4\Downloads\TUK_PCA\AOI\defect image\NEW_DELIM4\00000030\D3__MNT_28_.jpg,.jpg,1674,2025-12-16 15:02
NEW_DELIM4,32,D3_U3.jpg,roi,C:\Users\PC4\Downloads\TUK_PCA\AOI\defect image\NEW_DELIM4\00000032\D3_U3.jpg,.jpg,24669,2025-12-16 15:03
NEW_DELIM4,33,D1_VED84D427-6AE4-4b1c-9023-3577C5B58A6E.jpg,roi,C:\Users\PC4\Downloads\TUK_PCA\AOI\defect image\NEW_DELIM4\00000033\D1_VED84D427-6AE4-4b1c-9023-3577C5B58A6E.jpg,.jpg,1578,2025-12-16 15:03
NEW_DELIM4,33,D1__MNT_28_.jpg,roi,C:\Users\PC4\Downloads\TUK_PCA\AOI\defect image\NEW_DELIM4\00000033\D1__MNT_28_.jpg,.jpg,1578,2025-12-16 15:03
NEW_DELIM4,33,D2_VED84D427-6AE4-4b1c-9023-3577C5B58A6E.jpg,roi,C:\Users\PC4\Downloads\TUK_PCA\AOI\defect image\NEW_DELIM4\00000033\D2_VED84D427-6AE4-4b1c-9023-3577C5B58A6E.jpg,.jpg,1676,2025-12-16 15:03
NEW_DELIM4,33,D2__MNT_28_.jpg,roi,C:\Users\PC4\Downloads\TUK_PCA\AOI\defect image\NEW_DELIM4\00000033\D2__MNT_28_.jpg,.jpg,1676,2025-12-16 15:03
NEW_DELIM4,37,D1_D2.jpg,roi,C:\Users\PC4\Downloads\TUK_PCA\AOI\defect image\NEW_DELIM4\00000037\D1_D2.jpg,.jpg,6743,2025-12-16 15:05
NEW_DELIM4,39,D1_U2.jpg,roi,C:\Users\PC4\Downloads\TUK_PCA\AOI\defect image\NEW_DELIM4\00000039\D1_U2.jpg,.jpg,17391,2025-12-16 15:06
NEW_DELIM4,39,D3_R7.jpg,roi,C:\Users\PC4\Downloads\TUK_PCA\AOI\defect image\NEW_DELIM4\00000039\D3_R7.jpg,.jpg,1964,2025-12-16 15:06
NEW_DELIM4,41,D0_U3.jpg,roi,C:\Users\PC4\Downloads\TUK_PCA\AOI\defect image\NEW_DELIM4\00000041\D0_U3.jpg,.jpg,24205,2025-12-16 15:07
NEW_DELIM4,43,D0_IC1.jpg,roi,C:\Users\PC4\Downloads\TUK_PCA\AOI\defect image\NEW_DELIM4\00000043\D0_IC1.jpg,.jpg,105103,2025-12-16 15:08
NEW_DELIM4,47,D0_U2.jpg,roi,C:\Users\PC4\Downloads\TUK_PCA\AOI\defect image\NEW_DELIM4\00000047\D0_U2.jpg,.jpg,16973,2025-12-16 15:10
NEW_DELIM4,48,D0_R7.jpg,roi,C:\Users\PC4\Downloads\TUK_PCA\AOI\defect image\NEW_DELIM4\00000048\D0_R7.jpg,.jpg,2007,2025-12-16 15:11
NEW_DELIM4,48,D2_D2.jpg,roi,C:\Users\PC4\Downloads\TUK_PCA\AOI\defect image\NEW_DELIM4\00000048\D2_D2.jpg,.jpg,6617,2025-12-16 15:11
NEW_DELIM4,52,D3_R7.jpg,roi,C:\Users\PC4\Downloads\TUK_PCA\AOI\defect image\NEW_DELIM4\00000052\D3_R7.jpg,.jpg,1936,2025-12-16 15:13
NEW_DELIM4,53,D0_U3.jpg,roi,C:\Users\PC4\Downloads\TUK_PCA\AOI\defect image\NEW_DELIM4\00000053\D0_U3.jpg,.jpg,23355,2025-12-16 15:14
NEW_DELIM4,62,D2_IC1.jpg,roi,C:\Users\PC4\Downloads\TUK_PCA\AOI\defect image\NEW_DELIM4\00000062\D2_IC1.jpg,.jpg,106947,2025-12-16 15:18
NEW_DELIM4,64,D3_IC1.jpg,roi,C:\Users\PC4\Downloads\TUK_PCA\AOI\defect image\NEW_DELIM4\00000064\D3_IC1.jpg,.jpg,106954,2025-12-16 15:19
NEW_DELIM4,66,D3_IC1.jpg,roi,C:\Users\PC4\Downloads\TUK_PCA\AOI\defect image\NEW_DELIM4\00000066\D3_IC1.jpg,.jpg,108090,2025-12-16 15:20
NEW_DELIM4,71,D3_U2.jpg,roi,C:\Users\PC4\Downloads\TUK_PCA\AOI\defect image\NEW_DELIM4\00000071\D3_U2.jpg,.jpg,17141,2025-12-16 15:23
NEW_DELIM4,73,D3_U2.jpg,roi,C:\Users\PC4\Downloads\TUK_PCA\AOI\defect image\NEW_DELIM4\00000073\D3_U2.jpg,.jpg,17271,2025-12-16 15:24
NEW_DELIM4,76,D2_R11.jpg,roi,C:\Users\PC4\Downloads\TUK_PCA\AOI\defect image\NEW_DELIM4\00000076\D2_R11.jpg,.jpg,1840,2025-12-16 15:25
NEW_DELIM4,79,D3_R11.jpg,roi,C:\Users\PC4\Downloads\TUK_PCA\AOI\defect image\NEW_DELIM4\00000079\D3_R11.jpg,.jpg,1899,2025-12-16 15:27
NEW_DELIM4,84,D2_IC1.jpg,roi,C:\Users\PC4\Downloads\TUK_PCA\AOI\defect image\NEW_DELIM4\00000084\D2_IC1.jpg,.jpg,107322,2025-12-16 15:29
NEW_DELIM4,87,D0_IC1.jpg,roi,C:\Users\PC4\Downloads\TUK_PCA\AOI\defect image\NEW_DELIM4\00000087\D0_IC1.jpg,.jpg,108051,2025-12-16 15:31
NEW_DELIM4,87,D2_U2.jpg,roi,C:\Users\PC4\Downloads\TUK_PCA\AOI\defect image\NEW_DELIM4\00000087\D2_U2.jpg,.jpg,17260,2025-12-16 15:31
NEW_DELIM4,87,D3_IC1.jpg,roi,C:\Users\PC4\Downloads\TUK_PCA\AOI\defect image\NEW_DELIM4\00000087\D3_IC1.jpg,.jpg,107748,2025-12-16 15:31
NEW_DELIM4,88,D2_IC1.jpg,roi,C:\Users\PC4\Downloads\TUK_PCA\AOI\defect image\NEW_DELIM4\00000088\D2_IC1.jpg,.jpg,106643,2025-12-16 15:31
NEW_DELIM4,91,D3_U2.jpg,roi,C:\Users\PC4\Downloads\TUK_PCA\AOI\defect image\NEW_DELIM4\00000091\D3_U2.jpg,.jpg,17083,2025-12-16 15:33
NEW_DELIM4,92,D3_R10.jpg,roi,C:\Users\PC4\Downloads\TUK_PCA\AOI\defect image\NEW_DELIM4\00000092\D3_R10.jpg,.jpg,3578,2025-12-16 15:34
NEW_DELIM4,94,D2_IC1.jpg,roi,C:\Users\PC4\Downloads\TUK_PCA\AOI\defect image\NEW_DELIM4\00000094\D2_IC1.jpg,.jpg,107285,2025-12-16 15:35
NEW_DELIM4,94,D3_R11.jpg,roi,C:\Users\PC4\Downloads\TUK_PCA\AOI\defect image\NEW_DELIM4\00000094\D3_R11.jpg,.jpg,1945,2025-12-16 15:35
NEW_DELIM4,95,D3_U2.jpg,roi,C:\Users\PC4\Downloads\TUK_PCA\AOI\defect image\NEW_DELIM4\00000095\D3_U2.jpg,.jpg,17682,2025-12-16 15:35
NEW_DELIM4,96,D1_IC1.jpg,roi,C:\Users\PC4\Downloads\TUK_PCA\AOI\defect image\NEW_DELIM4\00000096\D1_IC1.jpg,.jpg,107998,2025-12-16 15:36
NEW_DELIM4,107,D0_R1.jpg,roi,C:\Users\PC4\Downloads\TUK_PCA\AOI\defect image\NEW_DELIM4\00000107\D0_R1.jpg,.jpg,3595,2025-12-16 15:46
NEW_DELIM4,110,D3_C8.jpg,roi,C:\Users\PC4\Downloads\TUK_PCA\AOI\defect image\NEW_DELIM4\00000110\D3_C8.jpg,.jpg,5623,2025-12-16 15:48
NEW_DELIM4,111,D2_IC1.jpg,roi,C:\Users\PC4\Downloads\TUK_PCA\AOI\defect image\NEW_DELIM4\00000111\D2_IC1.jpg,.jpg,107118,2025-12-16 15:48
NEW_DELIM4,111,D3_IC1.jpg,roi,C:\Users\PC4\Downloads\TUK_PCA\AOI\defect image\NEW_DELIM4\00000111\D3_IC1.jpg,.jpg,107257,2025-12-16 15:48
NEW_DELIM4,119,D2_U2.jpg,roi,C:\Users\PC4\Downloads\TUK_PCA\AOI\defect image\NEW_DELIM4\00000119\D2_U2.jpg,.jpg,17227,2025-12-16 15:52
NEW_DELIM4,121,D2_U2.jpg,roi,C:\Users\PC4\Downloads\TUK_PCA\AOI\defect image\NEW_DELIM4\00000121\D2_U2.jpg,.jpg,17389,2025-12-16 15:53
NEW_DELIM4,137,D2_U2.jpg,roi,C:\Users\PC4\Downloads\TUK_PCA\AOI\defect image\NEW_DELIM4\00000137\D2_U2.jpg,.jpg,17722,2025-12-16 16:02
NEW_DELIM4,141,D2_U2.jpg,roi,C:\Users\PC4\Downloads\TUK_PCA\AOI\defect image\NEW_DELIM4\00000141\D2_U2.jpg,.jpg,17348,2025-12-16 16:05
NEW_DELIM4,151,D0_R11.jpg,roi,C:\Users\PC4\Downloads\TUK_PCA\AOI\defect image\NEW_DELIM4\00000151\D0_R11.jpg,.jpg,1956,2025-12-16 16:10
NEW_DELIM4,153,D3_R11.jpg,roi,C:\Users\PC4\Downloads\TUK_PCA\AOI\defect image\NEW_DELIM4\00000153\D3_R11.jpg,.jpg,1891,2025-12-16 16:11
NEW_DELIM4,172,D1_R11.jpg,roi,C:\Users\PC4\Downloads\TUK_PCA\AOI\defect image\NEW_DELIM4\00000172\D1_R11.jpg,.jpg,1960,2025-12-16 16:21
NEW_DELIM4,191,D2_Q1.jpg,roi,C:\Users\PC4\Downloads\TUK_PCA\AOI\defect image\NEW_DELIM4\00000191\D2_Q1.jpg,.jpg,5450,2025-12-16 16:31
NEW_DELIM4,191,D2_U3.jpg,roi,C:\Users\PC4\Downloads\TUK_PCA\AOI\defect image\NEW_DELIM4\00000191\D2_U3.jpg,.jpg,25754,2025-12-16 16:31
NEW_DELIM4,197,D0_IC1.jpg,roi,C:\Users\PC4\Downloads\TUK_PCA\AOI\defect image\NEW_DELIM4\00000197\D0_IC1.jpg,.jpg,106695,2025-12-16 16:34
NEW_DELIM4,197,D2_U2.jpg,roi,C:\Users\PC4\Downloads\TUK_PCA\AOI\defect image\NEW_DELIM4\00000197\D2_U2.jpg,.jpg,16712,2025-12-16 16:34
NEW_DELIM4,214,G0_C1.jpg,roi,C:\Users\PC4\Downloads\TUK_PCA\AOI\defect image\NEW_DELIM4\00000214\G0_C1.jpg,.jpg,5668,2025-12-17 9:13
NEW_DELIM4,217,G3_R10.jpg,roi,C:\Users\PC4\Downloads\TUK_PCA\AOI\defect image\NEW_DELIM4\00000217\G3_R10.jpg,.jpg,3398,2025-12-17 9:13
NEW_DELIM4,238,G1_BZ1.jpg,roi,C:\Users\PC4\Downloads\TUK_PCA\AOI\defect image\NEW_DELIM4\00000238\G1_BZ1.jpg,.jpg,64862,2025-12-17 9:13
NEW_DELIM4,252,G0_BZ1.jpg,roi,C:\Users\PC4\Downloads\TUK_PCA\AOI\defect image\NEW_DELIM4\00000252\G0_BZ1.jpg,.jpg,64804,2025-12-17 9:13
NEW_DELIM4,258,G3_R10.jpg,roi,C:\Users\PC4\Downloads\TUK_PCA\AOI\defect image\NEW_DELIM4\00000258\G3_R10.jpg,.jpg,3398,2025-12-17 9:13
NEW_DELIM4,263,G3_BZ1.jpg,roi,C:\Users\PC4\Downloads\TUK_PCA\AOI\defect image\NEW_DELIM4\00000263\G3_BZ1.jpg,.jpg,62755,2025-12-17 9:13
NEW_DELIM4,325,G2_BZ1.jpg,roi,C:\Users\PC4\Downloads\TUK_PCA\AOI\defect image\NEW_DELIM4\00000325\G2_BZ1.jpg,.jpg,64732,2025-12-17 9:13
NEW_DELIM4,361,G0_R1.jpg,roi,C:\Users\PC4\Downloads\TUK_PCA\AOI\defect image\NEW_DELIM4\00000361\G0_R1.jpg,.jpg,3536,2025-12-17 9:13
NEW_DELIM4,370,G2_BZ1.jpg,roi,C:\Users\PC4\Downloads\TUK_PCA\AOI\defect image\NEW_DELIM4\00000370\G2_BZ1.jpg,.jpg,64732,2025-12-17 9:13
NEW_DELIM4,382,G0_BZ1.jpg,roi,C:\Users\PC4\Downloads\TUK_PCA\AOI\defect image\NEW_DELIM4\00000382\G0_BZ1.jpg,.jpg,64804,2025-12-17 9:13
NEW_DELIM4,399,G1_R10.jpg,roi,C:\Users\PC4\Downloads\TUK_PCA\AOI\defect image\NEW_DELIM4\00000399\G1_R10.jpg,.jpg,3542,2025-12-17 9:13
NEW_DELIM4,457,G0_R10.jpg,roi,C:\Users\PC4\Downloads\TUK_PCA\AOI\defect image\NEW_DELIM4\00000457\G0_R10.jpg,.jpg,3369,2025-12-17 9:13
NEW_DELIM4,462,G0_R10.jpg,roi,C:\Users\PC4\Downloads\TUK_PCA\AOI\defect image\NEW_DELIM4\00000462\G0_R10.jpg,.jpg,3369,2025-12-17 9:13
NEW_DELIM4,504,G0_R1.jpg,roi,C:\Users\PC4\Downloads\TUK_PCA\AOI\defect image\NEW_DELIM4\00000504\G0_R1.jpg,.jpg,3536,2025-12-17 9:13
NEW_DELIM4,508,G2_R10.jpg,roi,C:\Users\PC4\Downloads\TUK_PCA\AOI\defect image\NEW_DELIM4\00000508\G2_R10.jpg,.jpg,3378,2025-12-17 9:13
NEW_DELIM4,533,G0_R10.jpg,roi,C:\Users\PC4\Downloads\TUK_PCA\AOI\defect image\NEW_DELIM4\00000533\G0_R10.jpg,.jpg,3369,2025-12-17 9:13
NEW_DELIM4,547,G2_R10.jpg,roi,C:\Users\PC4\Downloads\TUK_PCA\AOI\defect image\NEW_DELIM4\00000547\G2_R10.jpg,.jpg,3378,2025-12-17 9:13
NEW_DELIM4,561,G0_R9.jpg,roi,C:\Users\PC4\Downloads\TUK_PCA\AOI\defect image\NEW_DELIM4\00000561\G0_R9.jpg,.jpg,3879,2025-12-17 9:13
NEW_DELIM4,568,G0_Q1.jpg,roi,C:\Users\PC4\Downloads\TUK_PCA\AOI\defect image\NEW_DELIM4\00000568\G0_Q1.jpg,.jpg,5210,2025-12-17 9:13
NEW_DELIM4,617,G2_Q1.jpg,roi,C:\Users\PC4\Downloads\TUK_PCA\AOI\defect image\NEW_DELIM4\00000617\G2_Q1.jpg,.jpg,5434,2025-12-17 9:13
NEW_DELIM4,625,G0_R10.jpg,roi,C:\Users\PC4\Downloads\TUK_PCA\AOI\defect image\NEW_DELIM4\00000625\G0_R10.jpg,.jpg,3369,2025-12-17 9:13
NEW_DELIM4,627,G2_Q1.jpg,roi,C:\Users\PC4\Downloads\TUK_PCA\AOI\defect image\NEW_DELIM4\00000627\G2_Q1.jpg,.jpg,5434,2025-12-17 9:13
NEW_DELIM4,643,G1_R10.jpg,roi,C:\Users\PC4\Downloads\TUK_PCA\AOI\defect image\NEW_DELIM4\00000643\G1_R10.jpg,.jpg,3542,2025-12-17 9:13
NEW_DELIM4,657,G3_R10.jpg,roi,C:\Users\PC4\Downloads\TUK_PCA\AOI\defect image\NEW_DELIM4\00000657\G3_R10.jpg,.jpg,3398,2025-12-17 9:13
NEW_DELIM4,685,G3_R10.jpg,roi,C:\Users\PC4\Downloads\TUK_PCA\AOI\defect image\NEW_DELIM4\00000685\G3_R10.jpg,.jpg,3398,2025-12-17 9:13
NEW_DELIM4,703,G2_Q1.jpg,roi,C:\Users\PC4\Downloads\TUK_PCA\AOI\defect image\NEW_DELIM4\00000703\G2_Q1.jpg,.jpg,5434,2025-12-17 9:13
NEW_DELIM4,712,G2_R10.jpg,roi,C:\Users\PC4\Downloads\TUK_PCA\AOI\defect image\NEW_DELIM4\00000712\G2_R10.jpg,.jpg,3378,2025-12-17 9:13
NEW_DELIM4,720,G2_C1.jpg,roi,C:\Users\PC4\Downloads\TUK_PCA\AOI\defect image\NEW_DELIM4\00000720\G2_C1.jpg,.jpg,5690,2025-12-17 9:13
NEW_DELIM4,722,G1_Q1.jpg,roi,C:\Users\PC4\Downloads\TUK_PCA\AOI\defect image\NEW_DELIM4\00000722\G1_Q1.jpg,.jpg,5323,2025-12-17 9:13
NEW_DELIM4,728,G2_R10.jpg,roi,C:\Users\PC4\Downloads\TUK_PCA\AOI\defect image\NEW_DELIM4\00000728\G2_R10.jpg,.jpg,3378,2025-12-17 9:13
NEW_DELIM4,737,G1_R10.jpg,roi,C:\Users\PC4\Downloads\TUK_PCA\AOI\defect image\NEW_DELIM4\00000737\G1_R10.jpg,.jpg,3542,2025-12-17 9:13
NEW_DELIM4,768,G2_Q1.jpg,roi,C:\Users\PC4\Downloads\TUK_PCA\AOI\defect image\NEW_DELIM4\00000768\G2_Q1.jpg,.jpg,5434,2025-12-17 9:13
NEW_DELIM4,796,G0_Q1.jpg,roi,C:\Users\PC4\Downloads\TUK_PCA\AOI\defect image\NEW_DELIM4\00000796\G0_Q1.jpg,.jpg,5210,2025-12-17 9:13
NEW_DELIM4,804,G1_R11.jpg,roi,C:\Users\PC4\Downloads\TUK_PCA\AOI\defect image\NEW_DELIM4\00000804\G1_R11.jpg,.jpg,3350,2025-12-17 9:13
NEW_DELIM4,807,G0_BZ1.jpg,roi,C:\Users\PC4\Downloads\TUK_PCA\AOI\defect image\NEW_DELIM4\00000807\G0_BZ1.jpg,.jpg,64804,2025-12-17 9:13
NEW_DELIM4,808,G3_Q1.jpg,roi,C:\Users\PC4\Downloads\TUK_PCA\AOI\defect image\NEW_DELIM4\00000808\G3_Q1.jpg,.jpg,5077,2025-12-17 9:13
NEW_DELIM4,809,G1_R10.jpg,roi,C:\Users\PC4\Downloads\TUK_PCA\AOI\defect image\NEW_DELIM4\00000809\G1_R10.jpg,.jpg,3542,2025-12-17 9:13
NEW_DELIM4,819,G0_R10.jpg,roi,C:\Users\PC4\Downloads\TUK_PCA\AOI\defect image\NEW_DELIM4\00000819\G0_R10.jpg,.jpg,3369,2025-12-17 9:13
NEW_DELIM4,820,G0_C1.jpg,roi,C:\Users\PC4\Downloads\TUK_PCA\AOI\defect image\NEW_DELIM4\00000820\G0_C1.jpg,.jpg,5668,2025-12-17 9:13
NEW_DELIM4,851,G2_Q1.jpg,roi,C:\Users\PC4\Downloads\TUK_PCA\AOI\defect image\NEW_DELIM4\00000851\G2_Q1.jpg,.jpg,5434,2025-12-17 9:13
NEW_DELIM4,854,G0_Q1.jpg,roi,C:\Users\PC4\Downloads\TUK_PCA\AOI\defect image\NEW_DELIM4\00000854\G0_Q1.jpg,.jpg,5210,2025-12-17 9:13
NEW_DELIM4,859,G1_Q1.jpg,roi,C:\Users\PC4\Downloads\TUK_PCA\AOI\defect image\NEW_DELIM4\00000859\G1_Q1.jpg,.jpg,5323,2025-12-17 9:13
NEW_DELIM4,885,G2_R10.jpg,roi,C:\Users\PC4\Downloads\TUK_PCA\AOI\defect image\NEW_DELIM4\00000885\G2_R10.jpg,.jpg,3378,2025-12-17 9:13
NEW_DELIM4,896,G1_Q1.jpg,roi,C:\Users\PC4\Downloads\TUK_PCA\AOI\defect image\NEW_DELIM4\00000896\G1_Q1.jpg,.jpg,5323,2025-12-17 9:13
NEW_DELIM4,904,G3_C1.jpg,roi,C:\Users\PC4\Downloads\TUK_PCA\AOI\defect image\NEW_DELIM4\00000904\G3_C1.jpg,.jpg,5686,2025-12-17 9:13
NEW_DELIM4,905,G1_C1.jpg,roi,C:\Users\PC4\Downloads\TUK_PCA\AOI\defect image\NEW_DELIM4\00000905\G1_C1.jpg,.jpg,5695,2025-12-17 9:13
NEW_DELIM4,908,G2_Q1.jpg,roi,C:\Users\PC4\Downloads\TUK_PCA\AOI\defect image\NEW_DELIM4\00000908\G2_Q1.jpg,.jpg,5434,2025-12-17 9:13
NEW_DELIM4,930,G2_R10.jpg,roi,C:\Users\PC4\Downloads\TUK_PCA\AOI\defect image\NEW_DELIM4\00000930\G2_R10.jpg,.jpg,3378,2025-12-17 9:13
NEW_DELIM4,941,G2_Q1.jpg,roi,C:\Users\PC4\Downloads\TUK_PCA\AOI\defect image\NEW_DELIM4\00000941\G2_Q1.jpg,.jpg,5434,2025-12-17 9:13
NEW_DELIM4,962,G2_R10.jpg,roi,C:\Users\PC4\Downloads\TUK_PCA\AOI\defect image\NEW_DELIM4\00000962\G2_R10.jpg,.jpg,3378,2025-12-17 9:13
NEW_DELIM4,231,G0_C8.jpg,roi,C:\Users\PC4\Downloads\TUK_PCA\AOI\defect image\NEW_DELIM4\00000231\G0_C8.jpg,.jpg,5508,2025-12-17 9:13
NEW_DELIM4,289,G1_U3.jpg,roi,C:\Users\PC4\Downloads\TUK_PCA\AOI\defect image\NEW_DELIM4\00000289\G1_U3.jpg,.jpg,24875,2025-12-17 9:13
NEW_DELIM4,301,G2_U3.jpg,roi,C:\Users\PC4\Downloads\TUK_PCA\AOI\defect image\NEW_DELIM4\00000301\G2_U3.jpg,.jpg,24677,2025-12-17 9:13
NEW_DELIM4,371,G2_U3.jpg,roi,C:\Users\PC4\Downloads\TUK_PCA\AOI\defect image\NEW_DELIM4\00000371\G2_U3.jpg,.jpg,24677,2025-12-17 9:13
NEW_DELIM4,379,G0_U3.jpg,roi,C:\Users\PC4\Downloads\TUK_PCA\AOI\defect image\NEW_DELIM4\00000379\G0_U3.jpg,.jpg,24938,2025-12-17 9:13
NEW_DELIM4,379,G1_U3.jpg,roi,C:\Users\PC4\Downloads\TUK_PCA\AOI\defect image\NEW_DELIM4\00000379\G1_U3.jpg,.jpg,24875,2025-12-17 9:13
NEW_DELIM4,379,G2_U3.jpg,roi,C:\Users\PC4\Downloads\TUK_PCA\AOI\defect image\NEW_DELIM4\00000379\G2_U3.jpg,.jpg,24677,2025-12-17 9:13
NEW_DELIM4,379,G3_U3.jpg,roi,C:\Users\PC4\Downloads\TUK_PCA\AOI\defect image\NEW_DELIM4\00000379\G3_U3.jpg,.jpg,24977,2025-12-17 9:13
NEW_DELIM4,381,G0_U3.jpg,roi,C:\Users\PC4\Downloads\TUK_PCA\AOI\defect image\NEW_DELIM4\00000381\G0_U3.jpg,.jpg,24938,2025-12-17 9:13
NEW_DELIM4,403,G3_U3.jpg,roi,C:\Users\PC4\Downloads\TUK_PCA\AOI\defect image\NEW_DELIM4\00000403\G3_U3.jpg,.jpg,24977,2025-12-17 9:13
NEW_DELIM4,422,G3_U2.jpg,roi,C:\Users\PC4\Downloads\TUK_PCA\AOI\defect image\NEW_DELIM4\00000422\G3_U2.jpg,.jpg,16267,2025-12-17 9:13
NEW_DELIM4,426,G2_U2.jpg,roi,C:\Users\PC4\Downloads\TUK_PCA\AOI\defect image\NEW_DELIM4\00000426\G2_U2.jpg,.jpg,16234,2025-12-17 9:13
NEW_DELIM4,485,G3_U3.jpg,roi,C:\Users\PC4\Downloads\TUK_PCA\AOI\defect image\NEW_DELIM4\00000485\G3_U3.jpg,.jpg,24977,2025-12-17 9:13
NEW_DELIM4,512,G1_U3.jpg,roi,C:\Users\PC4\Downloads\TUK_PCA\AOI\defect image\NEW_DELIM4\00000512\G1_U3.jpg,.jpg,24875,2025-12-17 9:13
NEW_DELIM4,513,G2_D4.jpg,roi,C:\Users\PC4\Downloads\TUK_PCA\AOI\defect image\NEW_DELIM4\00000513\G2_D4.jpg,.jpg,6901,2025-12-17 9:13
NEW_DELIM4,518,G2_U3.jpg,roi,C:\Users\PC4\Downloads\TUK_PCA\AOI\defect image\NEW_DELIM4\00000518\G2_U3.jpg,.jpg,24677,2025-12-17 9:13
NEW_DELIM4,522,G0_U3.jpg,roi,C:\Users\PC4\Downloads\TUK_PCA\AOI\defect image\NEW_DELIM4\00000522\G0_U3.jpg,.jpg,24938,2025-12-17 9:13
NEW_DELIM4,526,G0_U3.jpg,roi,C:\Users\PC4\Downloads\TUK_PCA\AOI\defect image\NEW_DELIM4\00000526\G0_U3.jpg,.jpg,24938,2025-12-17 9:13
NEW_DELIM4,593,G2_D2.jpg,roi,C:\Users\PC4\Downloads\TUK_PCA\AOI\defect image\NEW_DELIM4\00000593\G2_D2.jpg,.jpg,6749,2025-12-17 9:13
NEW_DELIM4,626,G1_Q2.jpg,roi,C:\Users\PC4\Downloads\TUK_PCA\AOI\defect image\NEW_DELIM4\00000626\G1_Q2.jpg,.jpg,6131,2025-12-17 9:13
NEW_DELIM4,634,G3_D3.jpg,roi,C:\Users\PC4\Downloads\TUK_PCA\AOI\defect image\NEW_DELIM4\00000634\G3_D3.jpg,.jpg,6685,2025-12-17 9:13
NEW_DELIM4,646,G3_U2.jpg,roi,C:\Users\PC4\Downloads\TUK_PCA\AOI\defect image\NEW_DELIM4\00000646\G3_U2.jpg,.jpg,16267,2025-12-17 9:13
NEW_DELIM4,664,G0_U2.jpg,roi,C:\Users\PC4\Downloads\TUK_PCA\AOI\defect image\NEW_DELIM4\00000664\G0_U2.jpg,.jpg,16339,2025-12-17 9:13
NEW_DELIM4,673,G2_U3.jpg,roi,C:\Users\PC4\Downloads\TUK_PCA\AOI\defect image\NEW_DELIM4\00000673\G2_U3.jpg,.jpg,24677,2025-12-17 9:13
NEW_DELIM4,715,G3_Q2.jpg,roi,C:\Users\PC4\Downloads\TUK_PCA\AOI\defect image\NEW_DELIM4\00000715\G3_Q2.jpg,.jpg,6359,2025-12-17 9:13
NEW_DELIM4,733,G3_U2.jpg,roi,C:\Users\PC4\Downloads\TUK_PCA\AOI\defect image\NEW_DELIM4\00000733\G3_U2.jpg,.jpg,16267,2025-12-17 9:13
NEW_DELIM4,749,G2_U2.jpg,roi,C:\Users\PC4\Downloads\TUK_PCA\AOI\defect image\NEW_DELIM4\00000749\G2_U2.jpg,.jpg,16234,2025-12-17 9:13
NEW_DELIM4,761,G3_U2.jpg,roi,C:\Users\PC4\Downloads\TUK_PCA\AOI\defect image\NEW_DELIM4\00000761\G3_U2.jpg,.jpg,16267,2025-12-17 9:13
NEW_DELIM4,778,G0_U3.jpg,roi,C:\Users\PC4\Downloads\TUK_PCA\AOI\defect image\NEW_DELIM4\00000778\G0_U3.jpg,.jpg,24938,2025-12-17 9:13
NEW_DELIM4,779,G2_Q2.jpg,roi,C:\Users\PC4\Downloads\TUK_PCA\AOI\defect image\NEW_DELIM4\00000779\G2_Q2.jpg,.jpg,6157,2025-12-17 9:13
NEW_DELIM4,791,G1_U2.jpg,roi,C:\Users\PC4\Downloads\TUK_PCA\AOI\defect image\NEW_DELIM4\00000791\G1_U2.jpg,.jpg,16122,2025-12-17 9:13
NEW_DELIM4,795,G1_U3.jpg,roi,C:\Users\PC4\Downloads\TUK_PCA\AOI\defect image\NEW_DELIM4\00000795\G1_U3.jpg,.jpg,24875,2025-12-17 9:13
NEW_DELIM4,902,G0_IC1.jpg,roi,C:\Users\PC4\Downloads\TUK_PCA\AOI\defect image\NEW_DELIM4\00000902\G0_IC1.jpg,.jpg,100446,2025-12-17 9:13
NEW_DELIM4,922,G2_IC1.jpg,roi,C:\Users\PC4\Downloads\TUK_PCA\AOI\defect image\NEW_DELIM4\00000922\G2_IC1.jpg,.jpg,101392,2025-12-17 9:13
NEW_DELIM4,214,D0_C1.jpg,roi,C:\Users\PC4\Downloads\TUK_PCA\AOI\defect image\NEW_DELIM4\00000214\D0_C1.jpg,.jpg,5778,2025-12-17 10:26
NEW_DELIM4,217,D3_R10.jpg,roi,C:\Users\PC4\Downloads\TUK_PCA\AOI\defect image\NEW_DELIM4\00000217\D3_R10.jpg,.jpg,3516,2025-12-17 10:27
NEW_DELIM4,231,D0_C8.jpg,roi,C:\Users\PC4\Downloads\TUK_PCA\AOI\defect image\NEW_DELIM4\00000231\D0_C8.jpg,.jpg,6004,2025-12-17 10:35
NEW_DELIM4,238,D1_BZ1.jpg,roi,C:\Users\PC4\Downloads\TUK_PCA\AOI\defect image\NEW_DELIM4\00000238\D1_BZ1.jpg,.jpg,67508,2025-12-17 10:38
NEW_DELIM4,252,D0_BZ1.jpg,roi,C:\Users\PC4\Downloads\TUK_PCA\AOI\defect image\NEW_DELIM4\00000252\D0_BZ1.jpg,.jpg,68428,2025-12-17 10:46
NEW_DELIM4,258,D3_R10.jpg,roi,C:\Users\PC4\Downloads\TUK_PCA\AOI\defect image\NEW_DELIM4\00000258\D3_R10.jpg,.jpg,3526,2025-12-17 10:49
NEW_DELIM4,263,D3_BZ1.jpg,roi,C:\Users\PC4\Downloads\TUK_PCA\AOI\defect image\NEW_DELIM4\00000263\D3_BZ1.jpg,.jpg,65068,2025-12-17 10:51
NEW_DELIM4,289,D1_U3.jpg,roi,C:\Users\PC4\Downloads\TUK_PCA\AOI\defect image\NEW_DELIM4\00000289\D1_U3.jpg,.jpg,24571,2025-12-17 11:05
NEW_DELIM4,301,D2_U3.jpg,roi,C:\Users\PC4\Downloads\TUK_PCA\AOI\defect image\NEW_DELIM4\00000301\D2_U3.jpg,.jpg,24457,2025-12-17 11:12
NEW_DELIM4,325,D2_BZ1.jpg,roi,C:\Users\PC4\Downloads\TUK_PCA\AOI\defect image\NEW_DELIM4\00000325\D2_BZ1.jpg,.jpg,65785,2025-12-17 12:05
NEW_DELIM4,361,D0_R1.jpg,roi,C:\Users\PC4\Downloads\TUK_PCA\AOI\defect image\NEW_DELIM4\00000361\D0_R1.jpg,.jpg,3606,2025-12-17 12:23
NEW_DELIM4,370,D2_BZ1.jpg,roi,C:\Users\PC4\Downloads\TUK_PCA\AOI\defect image\NEW_DELIM4\00000370\D2_BZ1.jpg,.jpg,66155,2025-12-17 12:28
NEW_DELIM4,371,D2_U3.jpg,roi,C:\Users\PC4\Downloads\TUK_PCA\AOI\defect image\NEW_DELIM4\00000371\D2_U3.jpg,.jpg,24331,2025-12-17 12:28
NEW_DELIM4,379,D0_U3.jpg,roi,C:\Users\PC4\Downloads\TUK_PCA\AOI\defect image\NEW_DELIM4\00000379\D0_U3.jpg,.jpg,22638,2025-12-17 12:34
NEW_DELIM4,379,D1_U3.jpg,roi,C:\Users\PC4\Downloads\TUK_PCA\AOI\defect image\NEW_DELIM4\00000379\D1_U3.jpg,.jpg,22904,2025-12-17 12:34
NEW_DELIM4,379,D2_U3.jpg,roi,C:\Users\PC4\Downloads\TUK_PCA\AOI\defect image\NEW_DELIM4\00000379\D2_U3.jpg,.jpg,23636,2025-12-17 12:34
NEW_DELIM4,379,D3_U3.jpg,roi,C:\Users\PC4\Downloads\TUK_PCA\AOI\defect image\NEW_DELIM4\00000379\D3_U3.jpg,.jpg,24443,2025-12-17 12:34
NEW_DELIM4,381,D0_U3.jpg,roi,C:\Users\PC4\Downloads\TUK_PCA\AOI\defect image\NEW_DELIM4\00000381\D0_U3.jpg,.jpg,24552,2025-12-17 12:35
NEW_DELIM4,382,D0_BZ1.jpg,roi,C:\Users\PC4\Downloads\TUK_PCA\AOI\defect image\NEW_DELIM4\00000382\D0_BZ1.jpg,.jpg,65834,2025-12-17 12:35
NEW_DELIM4,399,D1_R10.jpg,roi,C:\Users\PC4\Downloads\TUK_PCA\AOI\defect image\NEW_DELIM4\00000399\D1_R10.jpg,.jpg,3430,2025-12-17 12:44
NEW_DELIM4,403,D3_U3.jpg,roi,C:\Users\PC4\Downloads\TUK_PCA\AOI\defect image\NEW_DELIM4\00000403\D3_U3.jpg,.jpg,23036,2025-12-17 12:46
NEW_DELIM4,422,D3_U2.jpg,roi,C:\Users\PC4\Downloads\TUK_PCA\AOI\defect image\NEW_DELIM4\00000422\D3_U2.jpg,.jpg,17038,2025-12-17 12:56
NEW_DELIM4,426,D2_U2.jpg,roi,C:\Users\PC4\Downloads\TUK_PCA\AOI\defect image\NEW_DELIM4\00000426\D2_U2.jpg,.jpg,17016,2025-12-17 12:58
NEW_DELIM4,457,D0_R10.jpg,roi,C:\Users\PC4\Downloads\TUK_PCA\AOI\defect image\NEW_DELIM4\00000457\D0_R10.jpg,.jpg,3419,2025-12-17 13:14
NEW_DELIM4,462,D0_R10.jpg,roi,C:\Users\PC4\Downloads\TUK_PCA\AOI\defect image\NEW_DELIM4\00000462\D0_R10.jpg,.jpg,3574,2025-12-17 13:17
NEW_DELIM4,485,D3_U3.jpg,roi,C:\Users\PC4\Downloads\TUK_PCA\AOI\defect image\NEW_DELIM4\00000485\D3_U3.jpg,.jpg,24778,2025-12-17 13:29
NEW_DELIM4,504,D0_R1.jpg,roi,C:\Users\PC4\Downloads\TUK_PCA\AOI\defect image\NEW_DELIM4\00000504\D0_R1.jpg,.jpg,3678,2025-12-17 13:39
NEW_DELIM4,508,D2_R10.jpg,roi,C:\Users\PC4\Downloads\TUK_PCA\AOI\defect image\NEW_DELIM4\00000508\D2_R10.jpg,.jpg,3557,2025-12-17 13:41
NEW_DELIM4,512,D1_U3.jpg,roi,C:\Users\PC4\Downloads\TUK_PCA\AOI\defect image\NEW_DELIM4\00000512\D1_U3.jpg,.jpg,24205,2025-12-17 13:43
NEW_DELIM4,513,D2_D4.jpg,roi,C:\Users\PC4\Downloads\TUK_PCA\AOI\defect image\NEW_DELIM4\00000513\D2_D4.jpg,.jpg,6924,2025-12-17 13:44
NEW_DELIM4,518,D2_U3.jpg,roi,C:\Users\PC4\Downloads\TUK_PCA\AOI\defect image\NEW_DELIM4\00000518\D2_U3.jpg,.jpg,24686,2025-12-17 13:46
NEW_DELIM4,522,D0_U3.jpg,roi,C:\Users\PC4\Downloads\TUK_PCA\AOI\defect image\NEW_DELIM4\00000522\D0_U3.jpg,.jpg,24133,2025-12-17 13:49
NEW_DELIM4,526,D0_U3.jpg,roi,C:\Users\PC4\Downloads\TUK_PCA\AOI\defect image\NEW_DELIM4\00000526\D0_U3.jpg,.jpg,24427,2025-12-17 13:52
NEW_DELIM4,533,D0_R10.jpg,roi,C:\Users\PC4\Downloads\TUK_PCA\AOI\defect image\NEW_DELIM4\00000533\D0_R10.jpg,.jpg,3348,2025-12-17 13:55
NEW_DELIM4,547,D2_R10.jpg,roi,C:\Users\PC4\Downloads\TUK_PCA\AOI\defect image\NEW_DELIM4\00000547\D2_R10.jpg,.jpg,3546,2025-12-17 14:02
NEW_DELIM4,561,D0_R9.jpg,roi,C:\Users\PC4\Downloads\TUK_PCA\AOI\defect image\NEW_DELIM4\00000561\D0_R9.jpg,.jpg,4058,2025-12-17 14:10
NEW_DELIM4,568,D0_Q1.jpg,roi,C:\Users\PC4\Downloads\TUK_PCA\AOI\defect image\NEW_DELIM4\00000568\D0_Q1.jpg,.jpg,5440,2025-12-17 14:13
NEW_DELIM4,593,D2_D2.jpg,roi,C:\Users\PC4\Downloads\TUK_PCA\AOI\defect image\NEW_DELIM4\00000593\D2_D2.jpg,.jpg,7280,2025-12-17 14:27
NEW_DELIM4,617,D2_Q1.jpg,roi,C:\Users\PC4\Downloads\TUK_PCA\AOI\defect image\NEW_DELIM4\00000617\D2_Q1.jpg,.jpg,5484,2025-12-17 14:39
NEW_DELIM4,625,D0_R10.jpg,roi,C:\Users\PC4\Downloads\TUK_PCA\AOI\defect image\NEW_DELIM4\00000625\D0_R10.jpg,.jpg,3503,2025-12-17 14:43
NEW_DELIM4,626,D1_Q2.jpg,roi,C:\Users\PC4\Downloads\TUK_PCA\AOI\defect image\NEW_DELIM4\00000626\D1_Q2.jpg,.jpg,5957,2025-12-17 14:44
NEW_DELIM4,627,D2_Q1.jpg,roi,C:\Users\PC4\Downloads\TUK_PCA\AOI\defect image\NEW_DELIM4\00000627\D2_Q1.jpg,.jpg,5571,2025-12-17 14:44
NEW_DELIM4,634,D3_D3.jpg,roi,C:\Users\PC4\Downloads\TUK_PCA\AOI\defect image\NEW_DELIM4\00000634\D3_D3.jpg,.jpg,6286,2025-12-17 14:48
NEW_DELIM4,643,D1_R10.jpg,roi,C:\Users\PC4\Downloads\TUK_PCA\AOI\defect image\NEW_DELIM4\00000643\D1_R10.jpg,.jpg,3468,2025-12-17 14:52
NEW_DELIM4,646,D3_U2.jpg,roi,C:\Users\PC4\Downloads\TUK_PCA\AOI\defect image\NEW_DELIM4\00000646\D3_U2.jpg,.jpg,16986,2025-12-17 14:54
NEW_DELIM4,657,D3_R10.jpg,roi,C:\Users\PC4\Downloads\TUK_PCA\AOI\defect image\NEW_DELIM4\00000657\D3_R10.jpg,.jpg,3518,2025-12-17 15:00
NEW_DELIM4,664,D0_U2.jpg,roi,C:\Users\PC4\Downloads\TUK_PCA\AOI\defect image\NEW_DELIM4\00000664\D0_U2.jpg,.jpg,16958,2025-12-17 15:03
NEW_DELIM4,673,D2_U3.jpg,roi,C:\Users\PC4\Downloads\TUK_PCA\AOI\defect image\NEW_DELIM4\00000673\D2_U3.jpg,.jpg,23864,2025-12-17 15:08
NEW_DELIM4,685,D3_R10.jpg,roi,C:\Users\PC4\Downloads\TUK_PCA\AOI\defect image\NEW_DELIM4\00000685\D3_R10.jpg,.jpg,3420,2025-12-17 15:14
NEW_DELIM4,703,D2_Q1.jpg,roi,C:\Users\PC4\Downloads\TUK_PCA\AOI\defect image\NEW_DELIM4\00000703\D2_Q1.jpg,.jpg,5618,2025-12-17 15:25
NEW_DELIM4,712,D2_R10.jpg,roi,C:\Users\PC4\Downloads\TUK_PCA\AOI\defect image\NEW_DELIM4\00000712\D2_R10.jpg,.jpg,3561,2025-12-17 15:29
NEW_DELIM4,715,D3_Q2.jpg,roi,C:\Users\PC4\Downloads\TUK_PCA\AOI\defect image\NEW_DELIM4\00000715\D3_Q2.jpg,.jpg,6043,2025-12-17 15:31
NEW_DELIM4,720,D2_C1.jpg,roi,C:\Users\PC4\Downloads\TUK_PCA\AOI\defect image\NEW_DELIM4\00000720\D2_C1.jpg,.jpg,5743,2025-12-17 15:34
NEW_DELIM4,722,D1_Q1.jpg,roi,C:\Users\PC4\Downloads\TUK_PCA\AOI\defect image\NEW_DELIM4\00000722\D1_Q1.jpg,.jpg,5895,2025-12-17 15:35
NEW_DELIM4,728,D2_R10.jpg,roi,C:\Users\PC4\Downloads\TUK_PCA\AOI\defect image\NEW_DELIM4\00000728\D2_R10.jpg,.jpg,3547,2025-12-17 15:38
NEW_DELIM4,733,D3_U2.jpg,roi,C:\Users\PC4\Downloads\TUK_PCA\AOI\defect image\NEW_DELIM4\00000733\D3_U2.jpg,.jpg,17221,2025-12-17 15:41
NEW_DELIM4,737,D1_R10.jpg,roi,C:\Users\PC4\Downloads\TUK_PCA\AOI\defect image\NEW_DELIM4\00000737\D1_R10.jpg,.jpg,3479,2025-12-17 15:43
NEW_DELIM4,749,D2_U2.jpg,roi,C:\Users\PC4\Downloads\TUK_PCA\AOI\defect image\NEW_DELIM4\00000749\D2_U2.jpg,.jpg,17324,2025-12-17 15:49
NEW_DELIM4,761,D3_U2.jpg,roi,C:\Users\PC4\Downloads\TUK_PCA\AOI\defect image\NEW_DELIM4\00000761\D3_U2.jpg,.jpg,16993,2025-12-17 15:55
NEW_DELIM4,768,D2_Q1.jpg,roi,C:\Users\PC4\Downloads\TUK_PCA\AOI\defect image\NEW_DELIM4\00000768\D2_Q1.jpg,.jpg,5778,2025-12-17 15:59
NEW_DELIM4,778,D0_U3.jpg,roi,C:\Users\PC4\Downloads\TUK_PCA\AOI\defect image\NEW_DELIM4\00000778\D0_U3.jpg,.jpg,23758,2025-12-17 16:04
NEW_DELIM4,779,D2_Q2.jpg,roi,C:\Users\PC4\Downloads\TUK_PCA\AOI\defect image\NEW_DELIM4\00000779\D2_Q2.jpg,.jpg,5939,2025-12-17 16:05
NEW_DELIM4,791,D1_U2.jpg,roi,C:\Users\PC4\Downloads\TUK_PCA\AOI\defect image\NEW_DELIM4\00000791\D1_U2.jpg,.jpg,17330,2025-12-17 16:11
NEW_DELIM4,795,D1_U3.jpg,roi,C:\Users\PC4\Downloads\TUK_PCA\AOI\defect image\NEW_DELIM4\00000795\D1_U3.jpg,.jpg,24240,2025-12-17 16:13
NEW_DELIM4,796,D0_Q1.jpg,roi,C:\Users\PC4\Downloads\TUK_PCA\AOI\defect image\NEW_DELIM4\00000796\D0_Q1.jpg,.jpg,5546,2025-12-17 16:13
NEW_DELIM4,804,D1_R11.jpg,roi,C:\Users\PC4\Downloads\TUK_PCA\AOI\defect image\NEW_DELIM4\00000804\D1_R11.jpg,.jpg,2133,2025-12-17 16:17
NEW_DELIM4,807,D0_BZ1.jpg,roi,C:\Users\PC4\Downloads\TUK_PCA\AOI\defect image\NEW_DELIM4\00000807\D0_BZ1.jpg,.jpg,64112,2025-12-17 16:19
NEW_DELIM4,808,D3_Q1.jpg,roi,C:\Users\PC4\Downloads\TUK_PCA\AOI\defect image\NEW_DELIM4\00000808\D3_Q1.jpg,.jpg,5515,2025-12-17 16:20
NEW_DELIM4,809,D1_R10.jpg,roi,C:\Users\PC4\Downloads\TUK_PCA\AOI\defect image\NEW_DELIM4\00000809\D1_R10.jpg,.jpg,3366,2025-12-17 16:20
NEW_DELIM4,819,D0_R10.jpg,roi,C:\Users\PC4\Downloads\TUK_PCA\AOI\defect image\NEW_DELIM4\00000819\D0_R10.jpg,.jpg,3534,2025-12-17 16:25
NEW_DELIM4,820,D0_C1.jpg,roi,C:\Users\PC4\Downloads\TUK_PCA\AOI\defect image\NEW_DELIM4\00000820\D0_C1.jpg,.jpg,5826,2025-12-17 16:26
NEW_DELIM4,851,D2_Q1.jpg,roi,C:\Users\PC4\Downloads\TUK_PCA\AOI\defect image\NEW_DELIM4\00000851\D2_Q1.jpg,.jpg,5690,2025-12-17 16:41
NEW_DELIM4,854,D0_Q1.jpg,roi,C:\Users\PC4\Downloads\TUK_PCA\AOI\defect image\NEW_DELIM4\00000854\D0_Q1.jpg,.jpg,5350,2025-12-17 16:43
NEW_DELIM4,859,D1_Q1.jpg,roi,C:\Users\PC4\Downloads\TUK_PCA\AOI\defect image\NEW_DELIM4\00000859\D1_Q1.jpg,.jpg,5637,2025-12-17 16:49
NEW_DELIM4,885,D2_R10.jpg,roi,C:\Users\PC4\Downloads\TUK_PCA\AOI\defect image\NEW_DELIM4\00000885\D2_R10.jpg,.jpg,3447,2025-12-17 17:03
NEW_DELIM4,896,D1_Q1.jpg,roi,C:\Users\PC4\Downloads\TUK_PCA\AOI\defect image\NEW_DELIM4\00000896\D1_Q1.jpg,.jpg,5581,2025-12-17 17:09
NEW_DELIM4,902,D0_IC1.jpg,roi,C:\Users\PC4\Downloads\TUK_PCA\AOI\defect image\NEW_DELIM4\00000902\D0_IC1.jpg,.jpg,104902,2025-12-17 17:12
NEW_DELIM4,904,D3_C1.jpg,roi,C:\Users\PC4\Downloads\TUK_PCA\AOI\defect image\NEW_DELIM4\00000904\D3_C1.jpg,.jpg,5568,2025-12-17 17:13
NEW_DELIM4,905,D1_C1.jpg,roi,C:\Users\PC4\Downloads\TUK_PCA\AOI\defect image\NEW_DELIM4\00000905\D1_C1.jpg,.jpg,5596,2025-12-17 17:14
NEW_DELIM4,908,D2_Q1.jpg,roi,C:\Users\PC4\Downloads\TUK_PCA\AOI\defect image\NEW_DELIM4\00000908\D2_Q1.jpg,.jpg,5923,2025-12-17 17:15
NEW_DELIM4,922,D2_IC1.jpg,roi,C:\Users\PC4\Downloads\TUK_PCA\AOI\defect image\NEW_DELIM4\00000922\D2_IC1.jpg,.jpg,108661,2025-12-17 17:23
NEW_DELIM4,930,D2_R10.jpg,roi,C:\Users\PC4\Downloads\TUK_PCA\AOI\defect image\NEW_DELIM4\00000930\D2_R10.jpg,.jpg,3549,2025-12-17 17:27
NEW_DELIM4,941,D2_Q1.jpg,roi,C:\Users\PC4\Downloads\TUK_PCA\AOI\defect image\NEW_DELIM4\00000941\D2_Q1.jpg,.jpg,5689,2025-12-17 17:32
NEW_DELIM4,962,D2_R10.jpg,roi,C:\Users\PC4\Downloads\TUK_PCA\AOI\defect image\NEW_DELIM4\00000962\D2_R10.jpg,.jpg,3558,2025-12-17 17:44
RTU_SMPS,957,G4_R5.jpg,roi,C:\Users\PC4\Downloads\TUK_PCA\AOI\defect image\RTU_SMPS\00000957\G4_R5.jpg,.jpg,2442,2025-12-18 16:56
RTU_SMPS,1016,G1_R5.jpg,roi,C:\Users\PC4\Downloads\TUK_PCA\AOI\defect image\RTU_SMPS\00001016\G1_R5.jpg,.jpg,2422,2025-12-18 16:56
RTU_SMPS,898,G2_D2.jpg,roi,C:\Users\PC4\Downloads\TUK_PCA\AOI\defect image\RTU_SMPS\00000898\G2_D2.jpg,.jpg,5884,2025-12-18 16:56
RTU_SMPS,900,G2_BD1.jpg,roi,C:\Users\PC4\Downloads\TUK_PCA\AOI\defect image\RTU_SMPS\00000900\G2_BD1.jpg,.jpg,18510,2025-12-18 16:56
RTU_SMPS,902,G5_BD1.jpg,roi,C:\Users\PC4\Downloads\TUK_PCA\AOI\defect image\RTU_SMPS\00000902\G5_BD1.jpg,.jpg,17651,2025-12-18 16:56
RTU_SMPS,902,G6_BD1.jpg,roi,C:\Users\PC4\Downloads\TUK_PCA\AOI\defect image\RTU_SMPS\00000902\G6_BD1.jpg,.jpg,18708,2025-12-18 16:56
RTU_SMPS,903,G1_D1.jpg,roi,C:\Users\PC4\Downloads\TUK_PCA\AOI\defect image\RTU_SMPS\00000903\G1_D1.jpg,.jpg,5394,2025-12-18 16:56
RTU_SMPS,904,G4_D2.jpg,roi,C:\Users\PC4\Downloads\TUK_PCA\AOI\defect image\RTU_SMPS\00000904\G4_D2.jpg,.jpg,5925,2025-12-18 16:56
RTU_SMPS,907,G8_R6.jpg,roi,C:\Users\PC4\Downloads\TUK_PCA\AOI\defect image\RTU_SMPS\00000907\G8_R6.jpg,.jpg,2279,2025-12-18 16:56
RTU_SMPS,912,G2_BD1.jpg,roi,C:\Users\PC4\Downloads\TUK_PCA\AOI\defect image\RTU_SMPS\00000912\G2_BD1.jpg,.jpg,18510,2025-12-18 16:56
RTU_SMPS,913,G8_BD1.jpg,roi,C:\Users\PC4\Downloads\TUK_PCA\AOI\defect image\RTU_SMPS\00000913\G8_BD1.jpg,.jpg,18190,2025-12-18 16:56
RTU_SMPS,915,G4_BD1.jpg,roi,C:\Users\PC4\Downloads\TUK_PCA\AOI\defect image\RTU_SMPS\00000915\G4_BD1.jpg,.jpg,18032,2025-12-18 16:56
RTU_SMPS,938,G7_RX1.jpg,roi,C:\Users\PC4\Downloads\TUK_PCA\AOI\defect image\RTU_SMPS\00000938\G7_RX1.jpg,.jpg,2409,2025-12-18 16:56
RTU_SMPS,940,G4_D2.jpg,roi,C:\Users\PC4\Downloads\TUK_PCA\AOI\defect image\RTU_SMPS\00000940\G4_D2.jpg,.jpg,5925,2025-12-18 16:56
RTU_SMPS,941,G9_D1.jpg,roi,C:\Users\PC4\Downloads\TUK_PCA\AOI\defect image\RTU_SMPS\00000941\G9_D1.jpg,.jpg,5410,2025-12-18 16:56
RTU_SMPS,942,G9_C5.jpg,roi,C:\Users\PC4\Downloads\TUK_PCA\AOI\defect image\RTU_SMPS\00000942\G9_C5.jpg,.jpg,2792,2025-12-18 16:56
RTU_SMPS,945,G6_BD1.jpg,roi,C:\Users\PC4\Downloads\TUK_PCA\AOI\defect image\RTU_SMPS\00000945\G6_BD1.jpg,.jpg,18708,2025-12-18 16:56
RTU_SMPS,949,G0_BD1.jpg,roi,C:\Users\PC4\Downloads\TUK_PCA\AOI\defect image\RTU_SMPS\00000949\G0_BD1.jpg,.jpg,18575,2025-12-18 16:56
RTU_SMPS,953,G7_BD1.jpg,roi,C:\Users\PC4\Downloads\TUK_PCA\AOI\defect image\RTU_SMPS\00000953\G7_BD1.jpg,.jpg,18816,2025-12-18 16:56
RTU_SMPS,960,G2_C5.jpg,roi,C:\Users\PC4\Downloads\TUK_PCA\AOI\defect image\RTU_SMPS\00000960\G2_C5.jpg,.jpg,2751,2025-12-18 16:56
RTU_SMPS,964,G2_BD1.jpg,roi,C:\Users\PC4\Downloads\TUK_PCA\AOI\defect image\RTU_SMPS\00000964\G2_BD1.jpg,.jpg,18510,2025-12-18 16:56
RTU_SMPS,966,G0_BD1.jpg,roi,C:\Users\PC4\Downloads\TUK_PCA\AOI\defect image\RTU_SMPS\00000966\G0_BD1.jpg,.jpg,18575,2025-12-18 16:56
RTU_SMPS,966,G1_BD1.jpg,roi,C:\Users\PC4\Downloads\TUK_PCA\AOI\defect image\RTU_SMPS\00000966\G1_BD1.jpg,.jpg,18403,2025-12-18 16:56
RTU_SMPS,966,G2_BD1.jpg,roi,C:\Users\PC4\Downloads\TUK_PCA\AOI\defect image\RTU_SMPS\00000966\G2_BD1.jpg,.jpg,18510,2025-12-18 16:56
RTU_SMPS,966,G3_BD1.jpg,roi,C:\Users\PC4\Downloads\TUK_PCA\AOI\defect image\RTU_SMPS\00000966\G3_BD1.jpg,.jpg,17568,2025-12-18 16:56
RTU_SMPS,966,G4_BD1.jpg,roi,C:\Users\PC4\Downloads\TUK_PCA\AOI\defect image\RTU_SMPS\00000966\G4_BD1.jpg,.jpg,18032,2025-12-18 16:56
RTU_SMPS,966,G5_BD1.jpg,roi,C:\Users\PC4\Downloads\TUK_PCA\AOI\defect image\RTU_SMPS\00000966\G5_BD1.jpg,.jpg,17651,2025-12-18 16:56
RTU_SMPS,966,G6_BD1.jpg,roi,C:\Users\PC4\Downloads\TUK_PCA\AOI\defect image\RTU_SMPS\00000966\G6_BD1.jpg,.jpg,18708,2025-12-18 16:56
RTU_SMPS,966,G7_BD1.jpg,roi,C:\Users\PC4\Downloads\TUK_PCA\AOI\defect image\RTU_SMPS\00000966\G7_BD1.jpg,.jpg,18816,2025-12-18 16:56
RTU_SMPS,966,G8_BD1.jpg,roi,C:\Users\PC4\Downloads\TUK_PCA\AOI\defect image\RTU_SMPS\00000966\G8_BD1.jpg,.jpg,18190,2025-12-18 16:56
RTU_SMPS,966,G9_BD1.jpg,roi,C:\Users\PC4\Downloads\TUK_PCA\AOI\defect image\RTU_SMPS\00000966\G9_BD1.jpg,.jpg,17940,2025-12-18 16:56
RTU_SMPS,967,G2_BD1.jpg,roi,C:\Users\PC4\Downloads\TUK_PCA\AOI\defect image\RTU_SMPS\00000967\G2_BD1.jpg,.jpg,18510,2025-12-18 16:56
RTU_SMPS,968,G0_BD1.jpg,roi,C:\Users\PC4\Downloads\TUK_PCA\AOI\defect image\RTU_SMPS\00000968\G0_BD1.jpg,.jpg,18575,2025-12-18 16:56
RTU_SMPS,968,G2_R20.jpg,roi,C:\Users\PC4\Downloads\TUK_PCA\AOI\defect image\RTU_SMPS\00000968\G2_R20.jpg,.jpg,3921,2025-12-18 16:56
RTU_SMPS,969,G0_BD1.jpg,roi,C:\Users\PC4\Downloads\TUK_PCA\AOI\defect image\RTU_SMPS\00000969\G0_BD1.jpg,.jpg,18575,2025-12-18 16:56
RTU_SMPS,969,G2_R20.jpg,roi,C:\Users\PC4\Downloads\TUK_PCA\AOI\defect image\RTU_SMPS\00000969\G2_R20.jpg,.jpg,3921,2025-12-18 16:56
RTU_SMPS,969,G8_BD1.jpg,roi,C:\Users\PC4\Downloads\TUK_PCA\AOI\defect image\RTU_SMPS\00000969\G8_BD1.jpg,.jpg,18190,2025-12-18 16:56
RTU_SMPS,974,G5_BD1.jpg,roi,C:\Users\PC4\Downloads\TUK_PCA\AOI\defect image\RTU_SMPS\00000974\G5_BD1.jpg,.jpg,17651,2025-12-18 16:56
RTU_SMPS,978,G0_R7.jpg,roi,C:\Users\PC4\Downloads\TUK_PCA\AOI\defect image\RTU_SMPS\00000978\G0_R7.jpg,.jpg,2294,2025-12-18 16:56
RTU_SMPS,980,G2_D2.jpg,roi,C:\Users\PC4\Downloads\TUK_PCA\AOI\defect image\RTU_SMPS\00000980\G2_D2.jpg,.jpg,5884,2025-12-18 16:56
RTU_SMPS,983,G1_R1.jpg,roi,C:\Users\PC4\Downloads\TUK_PCA\AOI\defect image\RTU_SMPS\00000983\G1_R1.jpg,.jpg,2355,2025-12-18 16:56
RTU_SMPS,983,G7_R1.jpg,roi,C:\Users\PC4\Downloads\TUK_PCA\AOI\defect image\RTU_SMPS\00000983\G7_R1.jpg,.jpg,2328,2025-12-18 16:56
RTU_SMPS,986,G4_R1.jpg,roi,C:\Users\PC4\Downloads\TUK_PCA\AOI\defect image\RTU_SMPS\00000986\G4_R1.jpg,.jpg,2269,2025-12-18 16:56
RTU_SMPS,987,G6_BD1.jpg,roi,C:\Users\PC4\Downloads\TUK_PCA\AOI\defect image\RTU_SMPS\00000987\G6_BD1.jpg,.jpg,18708,2025-12-18 16:56
RTU_SMPS,988,G0_R1.jpg,roi,C:\Users\PC4\Downloads\TUK_PCA\AOI\defect image\RTU_SMPS\00000988\G0_R1.jpg,.jpg,2333,2025-12-18 16:56
RTU_SMPS,990,G9_D20.jpg,roi,C:\Users\PC4\Downloads\TUK_PCA\AOI\defect image\RTU_SMPS\00000990\G9_D20.jpg,.jpg,7867,2025-12-18 16:56
RTU_SMPS,991,G2_BD1.jpg,roi,C:\Users\PC4\Downloads\TUK_PCA\AOI\defect image\RTU_SMPS\00000991\G2_BD1.jpg,.jpg,18510,2025-12-18 16:56
RTU_SMPS,992,G5_BD1.jpg,roi,C:\Users\PC4\Downloads\TUK_PCA\AOI\defect image\RTU_SMPS\00000992\G5_BD1.jpg,.jpg,17651,2025-12-18 16:56
RTU_SMPS,997,G2_BD1.jpg,roi,C:\Users\PC4\Downloads\TUK_PCA\AOI\defect image\RTU_SMPS\00000997\G2_BD1.jpg,.jpg,18510,2025-12-18 16:56
RTU_SMPS,1001,G0_BD1.jpg,roi,C:\Users\PC4\Downloads\TUK_PCA\AOI\defect image\RTU_SMPS\00001001\G0_BD1.jpg,.jpg,18575,2025-12-18 16:56
RTU_SMPS,1020,G9_BD1.jpg,roi,C:\Users\PC4\Downloads\TUK_PCA\AOI\defect image\RTU_SMPS\00001020\G9_BD1.jpg,.jpg,17940,2025-12-18 16:56
RTU_SMPS,1027,G3_BD1.jpg,roi,C:\Users\PC4\Downloads\TUK_PCA\AOI\defect image\RTU_SMPS\00001027\G3_BD1.jpg,.jpg,17568,2025-12-18 16:56
RTU_SMPS,1032,G0_R6.jpg,roi,C:\Users\PC4\Downloads\TUK_PCA\AOI\defect image\RTU_SMPS\00001032\G0_R6.jpg,.jpg,2341,2025-12-18 16:56
RTU_SMPS,1047,G0_D2.jpg,roi,C:\Users\PC4\Downloads\TUK_PCA\AOI\defect image\RTU_SMPS\00001047\G0_D2.jpg,.jpg,5934,2025-12-18 16:56
RTU_SMPS,1047,G5_D2.jpg,roi,C:\Users\PC4\Downloads\TUK_PCA\AOI\defect image\RTU_SMPS\00001047\G5_D2.jpg,.jpg,5985,2025-12-18 16:56
RTU_SMPS,1050,G1_R1.jpg,roi,C:\Users\PC4\Downloads\TUK_PCA\AOI\defect image\RTU_SMPS\00001050\G1_R1.jpg,.jpg,2355,2025-12-18 16:56
RTU_SMPS,899,G7_D1.jpg,roi,C:\Users\PC4\Downloads\TUK_PCA\AOI\defect image\RTU_SMPS\00000899\G7_D1.jpg,.jpg,5656,2025-12-18 16:56
RTU_SMPS,958,G7_D1.jpg,roi,C:\Users\PC4\Downloads\TUK_PCA\AOI\defect image\RTU_SMPS\00000958\G7_D1.jpg,.jpg,5656,2025-12-18 16:56
RTU_SMPS,898,D2_D2.jpg,roi,C:\Users\PC4\Downloads\TUK_PCA\AOI\defect image\RTU_SMPS\00000898\D2_D2.jpg,.jpg,6070,2025-12-18 17:03
RTU_SMPS,899,D7_D1.jpg,roi,C:\Users\PC4\Downloads\TUK_PCA\AOI\defect image\RTU_SMPS\00000899\D7_D1.jpg,.jpg,5543,2025-12-18 17:05
RTU_SMPS,900,D2_BD1.jpg,roi,C:\Users\PC4\Downloads\TUK_PCA\AOI\defect image\RTU_SMPS\00000900\D2_BD1.jpg,.jpg,18614,2025-12-18 17:05
RTU_SMPS,902,D6_BD1.jpg,roi,C:\Users\PC4\Downloads\TUK_PCA\AOI\defect image\RTU_SMPS\00000902\D6_BD1.jpg,.jpg,9157,2025-12-18 17:14
RTU_SMPS,902,D5_BD1.jpg,roi,C:\Users\PC4\Downloads\TUK_PCA\AOI\defect image\RTU_SMPS\00000902\D5_BD1.jpg,.jpg,9659,2025-12-18 17:14
RTU_SMPS,903,D1_D1.jpg,roi,C:\Users\PC4\Downloads\TUK_PCA\AOI\defect image\RTU_SMPS\00000903\D1_D1.jpg,.jpg,6150,2025-12-18 17:15
RTU_SMPS,904,D4_D2.jpg,roi,C:\Users\PC4\Downloads\TUK_PCA\AOI\defect image\RTU_SMPS\00000904\D4_D2.jpg,.jpg,6061,2025-12-18 17:16
RTU_SMPS,907,D8_R6.jpg,roi,C:\Users\PC4\Downloads\TUK_PCA\AOI\defect image\RTU_SMPS\00000907\D8_R6.jpg,.jpg,2312,2025-12-18 17:18
RTU_SMPS,912,D2_BD1.jpg,roi,C:\Users\PC4\Downloads\TUK_PCA\AOI\defect image\RTU_SMPS\00000912\D2_BD1.jpg,.jpg,9791,2025-12-18 17:21
RTU_SMPS,913,D8_BD1.jpg,roi,C:\Users\PC4\Downloads\TUK_PCA\AOI\defect image\RTU_SMPS\00000913\D8_BD1.jpg,.jpg,9825,2025-12-18 17:22
RTU_SMPS,915,D4_BD1.jpg,roi,C:\Users\PC4\Downloads\TUK_PCA\AOI\defect image\RTU_SMPS\00000915\D4_BD1.jpg,.jpg,18606,2025-12-18 17:23
RTU_SMPS,938,D7_RX1.jpg,roi,C:\Users\PC4\Downloads\TUK_PCA\AOI\defect image\RTU_SMPS\00000938\D7_RX1.jpg,.jpg,2396,2025-12-18 17:47
RTU_SMPS,940,D4_D2.jpg,roi,C:\Users\PC4\Downloads\TUK_PCA\AOI\defect image\RTU_SMPS\00000940\D4_D2.jpg,.jpg,6111,2025-12-18 17:49
RTU_SMPS,941,D9_D1.jpg,roi,C:\Users\PC4\Downloads\TUK_PCA\AOI\defect image\RTU_SMPS\00000941\D9_D1.jpg,.jpg,6046,2025-12-18 17:49
RTU_SMPS,942,D9_C5.jpg,roi,C:\Users\PC4\Downloads\TUK_PCA\AOI\defect image\RTU_SMPS\00000942\D9_C5.jpg,.jpg,2817,2025-12-18 17:51
RTU_SMPS,945,D6_BD1.jpg,roi,C:\Users\PC4\Downloads\TUK_PCA\AOI\defect image\RTU_SMPS\00000945\D6_BD1.jpg,.jpg,19263,2025-12-18 17:52
RTU_SMPS,949,D0_BD1.jpg,roi,C:\Users\PC4\Downloads\TUK_PCA\AOI\defect image\RTU_SMPS\00000949\D0_BD1.jpg,.jpg,9877,2025-12-19 9:57
RTU_SMPS,953,D7_BD1.jpg,roi,C:\Users\PC4\Downloads\TUK_PCA\AOI\defect image\RTU_SMPS\00000953\D7_BD1.jpg,.jpg,19285,2025-12-19 9:59
RTU_SMPS,957,D4_R5.jpg,roi,C:\Users\PC4\Downloads\TUK_PCA\AOI\defect image\RTU_SMPS\00000957\D4_R5.jpg,.jpg,2254,2025-12-19 10:01
RTU_SMPS,958,D7_D1.jpg,roi,C:\Users\PC4\Downloads\TUK_PCA\AOI\defect image\RTU_SMPS\00000958\D7_D1.jpg,.jpg,5549,2025-12-19 10:02
RTU_SMPS,960,D2_C5.jpg,roi,C:\Users\PC4\Downloads\TUK_PCA\AOI\defect image\RTU_SMPS\00000960\D2_C5.jpg,.jpg,2876,2025-12-19 10:03
RTU_SMPS,964,D2_BD1.jpg,roi,C:\Users\PC4\Downloads\TUK_PCA\AOI\defect image\RTU_SMPS\00000964\D2_BD1.jpg,.jpg,20244,2025-12-19 10:06
RTU_SMPS,966,D3_BD1.jpg,roi,C:\Users\PC4\Downloads\TUK_PCA\AOI\defect image\RTU_SMPS\00000966\D3_BD1.jpg,.jpg,18719,2025-12-19 10:07
RTU_SMPS,966,D4_BD1.jpg,roi,C:\Users\PC4\Downloads\TUK_PCA\AOI\defect image\RTU_SMPS\00000966\D4_BD1.jpg,.jpg,18000,2025-12-19 10:07
RTU_SMPS,966,D2_BD1.jpg,roi,C:\Users\PC4\Downloads\TUK_PCA\AOI\defect image\RTU_SMPS\00000966\D2_BD1.jpg,.jpg,18281,2025-12-19 10:07
RTU_SMPS,966,D1_BD1.jpg,roi,C:\Users\PC4\Downloads\TUK_PCA\AOI\defect image\RTU_SMPS\00000966\D1_BD1.jpg,.jpg,18656,2025-12-19 10:07
RTU_SMPS,966,D0_BD1.jpg,roi,C:\Users\PC4\Downloads\TUK_PCA\AOI\defect image\RTU_SMPS\00000966\D0_BD1.jpg,.jpg,18317,2025-12-19 10:07
RTU_SMPS,966,D8_BD1.jpg,roi,C:\Users\PC4\Downloads\TUK_PCA\AOI\defect image\RTU_SMPS\00000966\D8_BD1.jpg,.jpg,18030,2025-12-19 10:07
RTU_SMPS,966,D9_BD1.jpg,roi,C:\Users\PC4\Downloads\TUK_PCA\AOI\defect image\RTU_SMPS\00000966\D9_BD1.jpg,.jpg,19014,2025-12-19 10:07
RTU_SMPS,966,D6_BD1.jpg,roi,C:\Users\PC4\Downloads\TUK_PCA\AOI\defect image\RTU_SMPS\00000966\D6_BD1.jpg,.jpg,18154,2025-12-19 10:07
RTU_SMPS,966,D7_BD1.jpg,roi,C:\Users\PC4\Downloads\TUK_PCA\AOI\defect image\RTU_SMPS\00000966\D7_BD1.jpg,.jpg,18172,2025-12-19 10:07
RTU_SMPS,966,D5_BD1.jpg,roi,C:\Users\PC4\Downloads\TUK_PCA\AOI\defect image\RTU_SMPS\00000966\D5_BD1.jpg,.jpg,18244,2025-12-19 10:07
RTU_SMPS,967,D2_BD1.jpg,roi,C:\Users\PC4\Downloads\TUK_PCA\AOI\defect image\RTU_SMPS\00000967\D2_BD1.jpg,.jpg,9874,2025-12-19 10:08
RTU_SMPS,968,D2_R20.jpg,roi,C:\Users\PC4\Downloads\TUK_PCA\AOI\defect image\RTU_SMPS\00000968\D2_R20.jpg,.jpg,3910,2025-12-19 10:09
RTU_SMPS,968,D0_BD1.jpg,roi,C:\Users\PC4\Downloads\TUK_PCA\AOI\defect image\RTU_SMPS\00000968\D0_BD1.jpg,.jpg,18350,2025-12-19 10:09
RTU_SMPS,969,D2_R20.jpg,roi,C:\Users\PC4\Downloads\TUK_PCA\AOI\defect image\RTU_SMPS\00000969\D2_R20.jpg,.jpg,3972,2025-12-19 10:10
RTU_SMPS,969,D0_BD1.jpg,roi,C:\Users\PC4\Downloads\TUK_PCA\AOI\defect image\RTU_SMPS\00000969\D0_BD1.jpg,.jpg,9274,2025-12-19 10:10
RTU_SMPS,969,D8_BD1.jpg,roi,C:\Users\PC4\Downloads\TUK_PCA\AOI\defect image\RTU_SMPS\00000969\D8_BD1.jpg,.jpg,9465,2025-12-19 10:10
RTU_SMPS,974,D5_BD1.jpg,roi,C:\Users\PC4\Downloads\TUK_PCA\AOI\defect image\RTU_SMPS\00000974\D5_BD1.jpg,.jpg,17108,2025-12-19 10:14
RTU_SMPS,978,D0_R7.jpg,roi,C:\Users\PC4\Downloads\TUK_PCA\AOI\defect image\RTU_SMPS\00000978\D0_R7.jpg,.jpg,2239,2025-12-19 10:17
RTU_SMPS,980,D2_D2.jpg,roi,C:\Users\PC4\Downloads\TUK_PCA\AOI\defect image\RTU_SMPS\00000980\D2_D2.jpg,.jpg,6161,2025-12-19 10:18
RTU_SMPS,983,D1_R1.jpg,roi,C:\Users\PC4\Downloads\TUK_PCA\AOI\defect image\RTU_SMPS\00000983\D1_R1.jpg,.jpg,2559,2025-12-19 10:20
RTU_SMPS,983,D7_R1.jpg,roi,C:\Users\PC4\Downloads\TUK_PCA\AOI\defect image\RTU_SMPS\00000983\D7_R1.jpg,.jpg,2543,2025-12-19 10:20
RTU_SMPS,986,D4_R1.jpg,roi,C:\Users\PC4\Downloads\TUK_PCA\AOI\defect image\RTU_SMPS\00000986\D4_R1.jpg,.jpg,2137,2025-12-19 10:22
RTU_SMPS,987,D6_BD1.jpg,roi,C:\Users\PC4\Downloads\TUK_PCA\AOI\defect image\RTU_SMPS\00000987\D6_BD1.jpg,.jpg,17852,2025-12-19 10:23
RTU_SMPS,988,D0_R1.jpg,roi,C:\Users\PC4\Downloads\TUK_PCA\AOI\defect image\RTU_SMPS\00000988\D0_R1.jpg,.jpg,2617,2025-12-19 10:24
RTU_SMPS,990,D9_D20.jpg,roi,C:\Users\PC4\Downloads\TUK_PCA\AOI\defect image\RTU_SMPS\00000990\D9_D20.jpg,.jpg,9079,2025-12-19 10:25
RTU_SMPS,991,D2_BD1.jpg,roi,C:\Users\PC4\Downloads\TUK_PCA\AOI\defect image\RTU_SMPS\00000991\D2_BD1.jpg,.jpg,18464,2025-12-19 10:26
RTU_SMPS,992,D5_BD1.jpg,roi,C:\Users\PC4\Downloads\TUK_PCA\AOI\defect image\RTU_SMPS\00000992\D5_BD1.jpg,.jpg,18590,2025-12-19 10:26
RTU_SMPS,997,D2_BD1.jpg,roi,C:\Users\PC4\Downloads\TUK_PCA\AOI\defect image\RTU_SMPS\00000997\D2_BD1.jpg,.jpg,9664,2025-12-19 10:30
RTU_SMPS,1001,D0_BD1.jpg,roi,C:\Users\PC4\Downloads\TUK_PCA\AOI\defect image\RTU_SMPS\00001001\D0_BD1.jpg,.jpg,9392,2025-12-19 10:32
RTU_SMPS,1016,D1_R5.jpg,roi,C:\Users\PC4\Downloads\TUK_PCA\AOI\defect image\RTU_SMPS\00001016\D1_R5.jpg,.jpg,2341,2025-12-19 10:41
RTU_SMPS,1020,D9_BD1.jpg,roi,C:\Users\PC4\Downloads\TUK_PCA\AOI\defect image\RTU_SMPS\00001020\D9_BD1.jpg,.jpg,18304,2025-12-19 10:43
RTU_SMPS,1027,D3_BD1.jpg,roi,C:\Users\PC4\Downloads\TUK_PCA\AOI\defect image\RTU_SMPS\00001027\D3_BD1.jpg,.jpg,17985,2025-12-19 10:47
RTU_SMPS,1032,D0_R6.jpg,roi,C:\Users\PC4\Downloads\TUK_PCA\AOI\defect image\RTU_SMPS\00001032\D0_R6.jpg,.jpg,2413,2025-12-19 10:50
RTU_SMPS,1047,D0_D2.jpg,roi,C:\Users\PC4\Downloads\TUK_PCA\AOI\defect image\RTU_SMPS\00001047\D0_D2.jpg,.jpg,6055,2025-12-19 10:59
RTU_SMPS,1047,D5_D2.jpg,roi,C:\Users\PC4\Downloads\TUK_PCA\AOI\defect image\RTU_SMPS\00001047\D5_D2.jpg,.jpg,6182,2025-12-19 10:59
RTU_SMPS,1050,D1_R1.jpg,roi,C:\Users\PC4\Downloads\TUK_PCA\AOI\defect image\RTU_SMPS\00001050\D1_R1.jpg,.jpg,2392,2025-12-19 11:01
RTU_SMPS,1083,G7_RX1.jpg,roi,C:\Users\PC4\Downloads\TUK_PCA\AOI\defect image\RTU_SMPS\00001083\G7_RX1.jpg,.jpg,2409,2025-12-19 11:02
RTU_SMPS,1125,G4_R5.jpg,roi,C:\Users\PC4\Downloads\TUK_PCA\AOI\defect image\RTU_SMPS\00001125\G4_R5.jpg,.jpg,2442,2025-12-19 11:02
RTU_SMPS,1127,G1_RX1.jpg,roi,C:\Users\PC4\Downloads\TUK_PCA\AOI\defect image\RTU_SMPS\00001127\G1_RX1.jpg,.jpg,2437,2025-12-19 11:02
RTU_SMPS,1151,G9_RX1.jpg,roi,C:\Users\PC4\Downloads\TUK_PCA\AOI\defect image\RTU_SMPS\00001151\G9_RX1.jpg,.jpg,2420,2025-12-19 11:02
RTU_SMPS,1165,G0_R5.jpg,roi,C:\Users\PC4\Downloads\TUK_PCA\AOI\defect image\RTU_SMPS\00001165\G0_R5.jpg,.jpg,2262,2025-12-19 11:02
RTU_SMPS,1054,G1_BD1.jpg,roi,C:\Users\PC4\Downloads\TUK_PCA\AOI\defect image\RTU_SMPS\00001054\G1_BD1.jpg,.jpg,18404,2025-12-19 11:02
RTU_SMPS,1063,G4_BD1.jpg,roi,C:\Users\PC4\Downloads\TUK_PCA\AOI\defect image\RTU_SMPS\00001063\G4_BD1.jpg,.jpg,17875,2025-12-19 11:02
RTU_SMPS,1074,G3_D2.jpg,roi,C:\Users\PC4\Downloads\TUK_PCA\AOI\defect image\RTU_SMPS\00001074\G3_D2.jpg,.jpg,6103,2025-12-19 11:02
RTU_SMPS,1096,G1_BD1.jpg,roi,C:\Users\PC4\Downloads\TUK_PCA\AOI\defect image\RTU_SMPS\00001096\G1_BD1.jpg,.jpg,18404,2025-12-19 11:02
RTU_SMPS,1097,G6_D2.jpg,roi,C:\Users\PC4\Downloads\TUK_PCA\AOI\defect image\RTU_SMPS\00001097\G6_D2.jpg,.jpg,5886,2025-12-19 11:02
RTU_SMPS,1122,G0_D2.jpg,roi,C:\Users\PC4\Downloads\TUK_PCA\AOI\defect image\RTU_SMPS\00001122\G0_D2.jpg,.jpg,5922,2025-12-19 11:02
RTU_SMPS,1129,G4_D2.jpg,roi,C:\Users\PC4\Downloads\TUK_PCA\AOI\defect image\RTU_SMPS\00001129\G4_D2.jpg,.jpg,5925,2025-12-19 11:02
RTU_SMPS,1133,G3_BD1.jpg,roi,C:\Users\PC4\Downloads\TUK_PCA\AOI\defect image\RTU_SMPS\00001133\G3_BD1.jpg,.jpg,18077,2025-12-19 11:02
RTU_SMPS,1174,G6_D1.jpg,roi,C:\Users\PC4\Downloads\TUK_PCA\AOI\defect image\RTU_SMPS\00001174\G6_D1.jpg,.jpg,5941,2025-12-19 11:02
RTU_SMPS,1176,G0_BD1.jpg,roi,C:\Users\PC4\Downloads\TUK_PCA\AOI\defect image\RTU_SMPS\00001176\G0_BD1.jpg,.jpg,18824,2025-12-19 11:02
RTU_SMPS,1179,G3_BD1.jpg,roi,C:\Users\PC4\Downloads\TUK_PCA\AOI\defect image\RTU_SMPS\00001179\G3_BD1.jpg,.jpg,18077,2025-12-19 11:02
RTU_SMPS,1189,G3_BD1.jpg,roi,C:\Users\PC4\Downloads\TUK_PCA\AOI\defect image\RTU_SMPS\00001189\G3_BD1.jpg,.jpg,18077,2025-12-19 11:02
RTU_SMPS,1191,G2_BD1.jpg,roi,C:\Users\PC4\Downloads\TUK_PCA\AOI\defect image\RTU_SMPS\00001191\G2_BD1.jpg,.jpg,18711,2025-12-19 11:02
RTU_SMPS,1191,G6_BD1.jpg,roi,C:\Users\PC4\Downloads\TUK_PCA\AOI\defect image\RTU_SMPS\00001191\G6_BD1.jpg,.jpg,18682,2025-12-19 11:02
RTU_SMPS,1192,G2_BD1.jpg,roi,C:\Users\PC4\Downloads\TUK_PCA\AOI\defect image\RTU_SMPS\00001192\G2_BD1.jpg,.jpg,18711,2025-12-19 11:02
RTU_SMPS,1192,G3_BD1.jpg,roi,C:\Users\PC4\Downloads\TUK_PCA\AOI\defect image\RTU_SMPS\00001192\G3_BD1.jpg,.jpg,18077,2025-12-19 11:02
RTU_SMPS,1192,G5_BD1.jpg,roi,C:\Users\PC4\Downloads\TUK_PCA\AOI\defect image\RTU_SMPS\00001192\G5_BD1.jpg,.jpg,17962,2025-12-19 11:02
RTU_SMPS,1192,G6_BD1.jpg,roi,C:\Users\PC4\Downloads\TUK_PCA\AOI\defect image\RTU_SMPS\00001192\G6_BD1.jpg,.jpg,18682,2025-12-19 11:02
RTU_SMPS,1192,G8_BD1.jpg,roi,C:\Users\PC4\Downloads\TUK_PCA\AOI\defect image\RTU_SMPS\00001192\G8_BD1.jpg,.jpg,18288,2025-12-19 11:02
RTU_SMPS,1193,G4_BD1.jpg,roi,C:\Users\PC4\Downloads\TUK_PCA\AOI\defect image\RTU_SMPS\00001193\G4_BD1.jpg,.jpg,17875,2025-12-19 11:02
RTU_SMPS,1193,G7_BD1.jpg,roi,C:\Users\PC4\Downloads\TUK_PCA\AOI\defect image\RTU_SMPS\00001193\G7_BD1.jpg,.jpg,18812,2025-12-19 11:02
RTU_SMPS,1193,G9_BD1.jpg,roi,C:\Users\PC4\Downloads\TUK_PCA\AOI\defect image\RTU_SMPS\00001193\G9_BD1.jpg,.jpg,18334,2025-12-19 11:02
RTU_SMPS,1054,D1_BD1.jpg,roi,C:\Users\PC4\Downloads\TUK_PCA\AOI\defect image\RTU_SMPS\00001054\D1_BD1.jpg,.jpg,19801,2025-12-19 11:05
RTU_SMPS,1063,D4_BD1.jpg,roi,C:\Users\PC4\Downloads\TUK_PCA\AOI\defect image\RTU_SMPS\00001063\D4_BD1.jpg,.jpg,17662,2025-12-19 12:08
RTU_SMPS,1074,D3_D2.jpg,roi,C:\Users\PC4\Downloads\TUK_PCA\AOI\defect image\RTU_SMPS\00001074\D3_D2.jpg,.jpg,6012,2025-12-19 12:15
RTU_SMPS,1083,D7_RX1.jpg,roi,C:\Users\PC4\Downloads\TUK_PCA\AOI\defect image\RTU_SMPS\00001083\D7_RX1.jpg,.jpg,1473,2025-12-19 12:20
RTU_SMPS,1096,D1_BD1.jpg,roi,C:\Users\PC4\Downloads\TUK_PCA\AOI\defect image\RTU_SMPS\00001096\D1_BD1.jpg,.jpg,9595,2025-12-19 12:28
RTU_SMPS,1097,D6_D2.jpg,roi,C:\Users\PC4\Downloads\TUK_PCA\AOI\defect image\RTU_SMPS\00001097\D6_D2.jpg,.jpg,6383,2025-12-19 12:28
RTU_SMPS,1122,D0_D2.jpg,roi,C:\Users\PC4\Downloads\TUK_PCA\AOI\defect image\RTU_SMPS\00001122\D0_D2.jpg,.jpg,6125,2025-12-19 12:43
RTU_SMPS,1125,D4_R5.jpg,roi,C:\Users\PC4\Downloads\TUK_PCA\AOI\defect image\RTU_SMPS\00001125\D4_R5.jpg,.jpg,2254,2025-12-19 12:44
RTU_SMPS,1127,D1_RX1.jpg,roi,C:\Users\PC4\Downloads\TUK_PCA\AOI\defect image\RTU_SMPS\00001127\D1_RX1.jpg,.jpg,1480,2025-12-19 12:45
RTU_SMPS,1129,D4_D2.jpg,roi,C:\Users\PC4\Downloads\TUK_PCA\AOI\defect image\RTU_SMPS\00001129\D4_D2.jpg,.jpg,5940,2025-12-19 12:47
RTU_SMPS,1133,D3_BD1.jpg,roi,C:\Users\PC4\Downloads\TUK_PCA\AOI\defect image\RTU_SMPS\00001133\D3_BD1.jpg,.jpg,16804,2025-12-19 12:49
RTU_SMPS,1151,D9_RX1.jpg,roi,C:\Users\PC4\Downloads\TUK_PCA\AOI\defect image\RTU_SMPS\00001151\D9_RX1.jpg,.jpg,2385,2025-12-19 12:59
RTU_SMPS,1165,D0_R5.jpg,roi,C:\Users\PC4\Downloads\TUK_PCA\AOI\defect image\RTU_SMPS\00001165\D0_R5.jpg,.jpg,2276,2025-12-19 13:07
RTU_SMPS,1174,D6_D1.jpg,roi,C:\Users\PC4\Downloads\TUK_PCA\AOI\defect image\RTU_SMPS\00001174\D6_D1.jpg,.jpg,5751,2025-12-19 13:13
RTU_SMPS,1176,D0_BD1.jpg,roi,C:\Users\PC4\Downloads\TUK_PCA\AOI\defect image\RTU_SMPS\00001176\D0_BD1.jpg,.jpg,9160,2025-12-19 13:14
RTU_SMPS,1179,D3_BD1.jpg,roi,C:\Users\PC4\Downloads\TUK_PCA\AOI\defect image\RTU_SMPS\00001179\D3_BD1.jpg,.jpg,16464,2025-12-19 13:15
RTU_SMPS,1189,D3_BD1.jpg,roi,C:\Users\PC4\Downloads\TUK_PCA\AOI\defect image\RTU_SMPS\00001189\D3_BD1.jpg,.jpg,16559,2025-12-19 13:21
RTU_SMPS,1191,D2_BD1.jpg,roi,C:\Users\PC4\Downloads\TUK_PCA\AOI\defect image\RTU_SMPS\00001191\D2_BD1.jpg,.jpg,18631,2025-12-19 13:22
RTU_SMPS,1191,D6_BD1.jpg,roi,C:\Users\PC4\Downloads\TUK_PCA\AOI\defect image\RTU_SMPS\00001191\D6_BD1.jpg,.jpg,18101,2025-12-19 13:22
RTU_SMPS,1192,D3_BD1.jpg,roi,C:\Users\PC4\Downloads\TUK_PCA\AOI\defect image\RTU_SMPS\00001192\D3_BD1.jpg,.jpg,17651,2025-12-19 13:23
RTU_SMPS,1192,D2_BD1.jpg,roi,C:\Users\PC4\Downloads\TUK_PCA\AOI\defect image\RTU_SMPS\00001192\D2_BD1.jpg,.jpg,18823,2025-12-19 13:23
RTU_SMPS,1192,D8_BD1.jpg,roi,C:\Users\PC4\Downloads\TUK_PCA\AOI\defect image\RTU_SMPS\00001192\D8_BD1.jpg,.jpg,18487,2025-12-19 13:23
RTU_SMPS,1192,D6_BD1.jpg,roi,C:\Users\PC4\Downloads\TUK_PCA\AOI\defect image\RTU_SMPS\00001192\D6_BD1.jpg,.jpg,18608,2025-12-19 13:23
RTU_SMPS,1192,D5_BD1.jpg,roi,C:\Users\PC4\Downloads\TUK_PCA\AOI\defect image\RTU_SMPS\00001192\D5_BD1.jpg,.jpg,18102,2025-12-19 13:23
RTU_SMPS,1193,D4_BD1.jpg,roi,C:\Users\PC4\Downloads\TUK_PCA\AOI\defect image\RTU_SMPS\00001193\D4_BD1.jpg,.jpg,18209,2025-12-19 13:24
RTU_SMPS,1193,D9_BD1.jpg,roi,C:\Users\PC4\Downloads\TUK_PCA\AOI\defect image\RTU_SMPS\00001193\D9_BD1.jpg,.jpg,18474,2025-12-19 13:24
RTU_SMPS,1193,D7_BD1.jpg,roi,C:\Users\PC4\Downloads\TUK_PCA\AOI\defect image\RTU_SMPS\00001193\D7_BD1.jpg,.jpg,18159,2025-12-19 13:24
RTU_MAIN_BOT,4557,G0_V1F92792A-BC8E-421b-9BA7-BB4799887706.jpg,roi,C:\Users\PC4\Downloads\TUK_PCA\AOI\defect image\RTU_MAIN_BOT\00004557\G0_V1F92792A-BC8E-421b-9BA7-BB4799887706.jpg,.jpg,5383,2025-12-19 17:16
RTU_MAIN_BOT,4557,G0__MNT_670_.jpg,roi,C:\Users\PC4\Downloads\TUK_PCA\AOI\defect image\RTU_MAIN_BOT\00004557\G0__MNT_670_.jpg,.jpg,5383,2025-12-19 17:16
RTU_MAIN_BOT,4556,G1_J5.jpg,roi,C:\Users\PC4\Downloads\TUK_PCA\AOI\defect image\RTU_MAIN_BOT\00004556\G1_J5.jpg,.jpg,26758,2025-12-19 17:16
RTU_MAIN_BOT,4559,G1_J5.jpg,roi,C:\Users\PC4\Downloads\TUK_PCA\AOI\defect image\RTU_MAIN_BOT\00004559\G1_J5.jpg,.jpg,26758,2025-12-19 17:16
RTU_MAIN_BOT,4562,G0_J5.jpg,roi,C:\Users\PC4\Downloads\TUK_PCA\AOI\defect image\RTU_MAIN_BOT\00004562\G0_J5.jpg,.jpg,27080,2025-12-19 17:16
RTU_MAIN_BOT,4564,G0_J5.jpg,roi,C:\Users\PC4\Downloads\TUK_PCA\AOI\defect image\RTU_MAIN_BOT\00004564\G0_J5.jpg,.jpg,27080,2025-12-19 17:16
RTU_MAIN_BOT,4564,G1_J5.jpg,roi,C:\Users\PC4\Downloads\TUK_PCA\AOI\defect image\RTU_MAIN_BOT\00004564\G1_J5.jpg,.jpg,26758,2025-12-19 17:16
RTU_MAIN_BOT,4565,G1_J5.jpg,roi,C:\Users\PC4\Downloads\TUK_PCA\AOI\defect image\RTU_MAIN_BOT\00004565\G1_J5.jpg,.jpg,26758,2025-12-19 17:16
RTU_MAIN_BOT,4556,D1_J5.jpg,roi,C:\Users\PC4\Downloads\TUK_PCA\AOI\defect image\RTU_MAIN_BOT\00004556\D1_J5.jpg,.jpg,25749,2025-12-19 17:18
RTU_MAIN_BOT,4557,D0_V1F92792A-BC8E-421b-9BA7-BB4799887706.jpg,roi,C:\Users\PC4\Downloads\TUK_PCA\AOI\defect image\RTU_MAIN_BOT\00004557\D0_V1F92792A-BC8E-421b-9BA7-BB4799887706.jpg,.jpg,4810,2025-12-19 17:20
RTU_MAIN_BOT,4557,D0__MNT_670_.jpg,roi,C:\Users\PC4\Downloads\TUK_PCA\AOI\defect image\RTU_MAIN_BOT\00004557\D0__MNT_670_.jpg,.jpg,4810,2025-12-19 17:20
RTU_MAIN_BOT,4559,D1_J5.jpg,roi,C:\Users\PC4\Downloads\TUK_PCA\AOI\defect image\RTU_MAIN_BOT\00004559\D1_J5.jpg,.jpg,25698,2025-12-19 17:21
RTU_MAIN_BOT,4562,D0_J5.jpg,roi,C:\Users\PC4\Downloads\TUK_PCA\AOI\defect image\RTU_MAIN_BOT\00004562\D0_J5.jpg,.jpg,24790,2025-12-19 17:26
RTU_MAIN_BOT,4564,D0_J5.jpg,roi,C:\Users\PC4\Downloads\TUK_PCA\AOI\defect image\RTU_MAIN_BOT\00004564\D0_J5.jpg,.jpg,25824,2025-12-19 17:27
RTU_MAIN_BOT,4564,D1_J5.jpg,roi,C:\Users\PC4\Downloads\TUK_PCA\AOI\defect image\RTU_MAIN_BOT\00004564\D1_J5.jpg,.jpg,25145,2025-12-19 17:28
RTU_MAIN_BOT,4565,D1_J5.jpg,roi,C:\Users\PC4\Downloads\TUK_PCA\AOI\defect image\RTU_MAIN_BOT\00004565\D1_J5.jpg,.jpg,25843,2025-12-19 17:31
RTU_MAIN_BOT,4697,G0_C43.jpg,roi,C:\Users\PC4\Downloads\TUK_PCA\AOI\defect image\RTU_MAIN_BOT\00004697\G0_C43.jpg,.jpg,1693,2025-12-19 17:36
RTU_MAIN_BOT,4713,G1_R74.jpg,roi,C:\Users\PC4\Downloads\TUK_PCA\AOI\defect image\RTU_MAIN_BOT\00004713\G1_R74.jpg,.jpg,2288,2025-12-19 17:36
RTU_MAIN_BOT,4734,G1_R74.jpg,roi,C:\Users\PC4\Downloads\TUK_PCA\AOI\defect image\RTU_MAIN_BOT\00004734\G1_R74.jpg,.jpg,2288,2025-12-19 17:36
RTU_MAIN_BOT,4566,G1_J5.jpg,roi,C:\Users\PC4\Downloads\TUK_PCA\AOI\defect image\RTU_MAIN_BOT\00004566\G1_J5.jpg,.jpg,26984,2025-12-19 17:36
RTU_MAIN_BOT,4567,G1_J5.jpg,roi,C:\Users\PC4\Downloads\TUK_PCA\AOI\defect image\RTU_MAIN_BOT\00004567\G1_J5.jpg,.jpg,26984,2025-12-19 17:36
RTU_MAIN_BOT,4569,G0_J5.jpg,roi,C:\Users\PC4\Downloads\TUK_PCA\AOI\defect image\RTU_MAIN_BOT\00004569\G0_J5.jpg,.jpg,26521,2025-12-19 17:36
RTU_MAIN_BOT,4569,G1_J5.jpg,roi,C:\Users\PC4\Downloads\TUK_PCA\AOI\defect image\RTU_MAIN_BOT\00004569\G1_J5.jpg,.jpg,26984,2025-12-19 17:36
RTU_MAIN_BOT,4570,G1_J5.jpg,roi,C:\Users\PC4\Downloads\TUK_PCA\AOI\defect image\RTU_MAIN_BOT\00004570\G1_J5.jpg,.jpg,26984,2025-12-19 17:36
RTU_MAIN_BOT,4571,G1_J5.jpg,roi,C:\Users\PC4\Downloads\TUK_PCA\AOI\defect image\RTU_MAIN_BOT\00004571\G1_J5.jpg,.jpg,26984,2025-12-19 17:36
RTU_MAIN_BOT,4576,G1_J5.jpg,roi,C:\Users\PC4\Downloads\TUK_PCA\AOI\defect image\RTU_MAIN_BOT\00004576\G1_J5.jpg,.jpg,26984,2025-12-19 17:36
RTU_MAIN_BOT,4580,G1_J5.jpg,roi,C:\Users\PC4\Downloads\TUK_PCA\AOI\defect image\RTU_MAIN_BOT\00004580\G1_J5.jpg,.jpg,26984,2025-12-19 17:36
RTU_MAIN_BOT,4581,G1_J5.jpg,roi,C:\Users\PC4\Downloads\TUK_PCA\AOI\defect image\RTU_MAIN_BOT\00004581\G1_J5.jpg,.jpg,26984,2025-12-19 17:36
RTU_MAIN_BOT,4585,G1_J5.jpg,roi,C:\Users\PC4\Downloads\TUK_PCA\AOI\defect image\RTU_MAIN_BOT\00004585\G1_J5.jpg,.jpg,26984,2025-12-19 17:36
RTU_MAIN_BOT,4586,G1_J5.jpg,roi,C:\Users\PC4\Downloads\TUK_PCA\AOI\defect image\RTU_MAIN_BOT\00004586\G1_J5.jpg,.jpg,26984,2025-12-19 17:36
RTU_MAIN_BOT,4587,G0_J5.jpg,roi,C:\Users\PC4\Downloads\TUK_PCA\AOI\defect image\RTU_MAIN_BOT\00004587\G0_J5.jpg,.jpg,26521,2025-12-19 17:36
RTU_MAIN_BOT,4587,G1_J5.jpg,roi,C:\Users\PC4\Downloads\TUK_PCA\AOI\defect image\RTU_MAIN_BOT\00004587\G1_J5.jpg,.jpg,26984,2025-12-19 17:36
RTU_MAIN_BOT,4589,G1_J5.jpg,roi,C:\Users\PC4\Downloads\TUK_PCA\AOI\defect image\RTU_MAIN_BOT\00004589\G1_J5.jpg,.jpg,26984,2025-12-19 17:36
RTU_MAIN_BOT,4590,G1_J5.jpg,roi,C:\Users\PC4\Downloads\TUK_PCA\AOI\defect image\RTU_MAIN_BOT\00004590\G1_J5.jpg,.jpg,26984,2025-12-19 17:36
RTU_MAIN_BOT,4591,G1_J5.jpg,roi,C:\Users\PC4\Downloads\TUK_PCA\AOI\defect image\RTU_MAIN_BOT\00004591\G1_J5.jpg,.jpg,26984,2025-12-19 17:36
RTU_MAIN_BOT,4593,G1_J5.jpg,roi,C:\Users\PC4\Downloads\TUK_PCA\AOI\defect image\RTU_MAIN_BOT\00004593\G1_J5.jpg,.jpg,26984,2025-12-19 17:36
RTU_MAIN_BOT,4594,G0_R38.jpg,roi,C:\Users\PC4\Downloads\TUK_PCA\AOI\defect image\RTU_MAIN_BOT\00004594\G0_R38.jpg,.jpg,2217,2025-12-19 17:36
RTU_MAIN_BOT,4596,G1_J5.jpg,roi,C:\Users\PC4\Downloads\TUK_PCA\AOI\defect image\RTU_MAIN_BOT\00004596\G1_J5.jpg,.jpg,26984,2025-12-19 17:36
RTU_MAIN_BOT,4598,G0_J5.jpg,roi,C:\Users\PC4\Downloads\TUK_PCA\AOI\defect image\RTU_MAIN_BOT\00004598\G0_J5.jpg,.jpg,26521,2025-12-19 17:36
RTU_MAIN_BOT,4666,G1_R73.jpg,roi,C:\Users\PC4\Downloads\TUK_PCA\AOI\defect image\RTU_MAIN_BOT\00004666\G1_R73.jpg,.jpg,2208,2025-12-19 17:36
RTU_MAIN_BOT,4671,G1_R69.jpg,roi,C:\Users\PC4\Downloads\TUK_PCA\AOI\defect image\RTU_MAIN_BOT\00004671\G1_R69.jpg,.jpg,2273,2025-12-19 17:36
RTU_MAIN_BOT,4684,G0_VF9756FFF-9AB5-4e19-B007-41AE4ACECECA.jpg,roi,C:\Users\PC4\Downloads\TUK_PCA\AOI\defect image\RTU_MAIN_BOT\00004684\G0_VF9756FFF-9AB5-4e19-B007-41AE4ACECECA.jpg,.jpg,3519,2025-12-19 17:36
RTU_MAIN_BOT,4684,G0__MNT_669_.jpg,roi,C:\Users\PC4\Downloads\TUK_PCA\AOI\defect image\RTU_MAIN_BOT\00004684\G0__MNT_669_.jpg,.jpg,3519,2025-12-19 17:36
RTU_MAIN_BOT,4688,G1_R69.jpg,roi,C:\Users\PC4\Downloads\TUK_PCA\AOI\defect image\RTU_MAIN_BOT\00004688\G1_R69.jpg,.jpg,2273,2025-12-19 17:36
RTU_MAIN_BOT,4726,G0_R70.jpg,roi,C:\Users\PC4\Downloads\TUK_PCA\AOI\defect image\RTU_MAIN_BOT\00004726\G0_R70.jpg,.jpg,2294,2025-12-19 17:36
RTU_MAIN_BOT,4566,D1_J5.jpg,roi,C:\Users\PC4\Downloads\TUK_PCA\AOI\defect image\RTU_MAIN_BOT\00004566\D1_J5.jpg,.jpg,24865,2025-12-19 17:40
RTU_MAIN_BOT,4567,D1_J5.jpg,roi,C:\Users\PC4\Downloads\TUK_PCA\AOI\defect image\RTU_MAIN_BOT\00004567\D1_J5.jpg,.jpg,25242,2025-12-19 17:40
RTU_MAIN_BOT,4569,D0_J5.jpg,roi,C:\Users\PC4\Downloads\TUK_PCA\AOI\defect image\RTU_MAIN_BOT\00004569\D0_J5.jpg,.jpg,24157,2025-12-19 17:41
RTU_MAIN_BOT,4569,D1_J5.jpg,roi,C:\Users\PC4\Downloads\TUK_PCA\AOI\defect image\RTU_MAIN_BOT\00004569\D1_J5.jpg,.jpg,24147,2025-12-19 17:41
RTU_MAIN_BOT,4570,D1_J5.jpg,roi,C:\Users\PC4\Downloads\TUK_PCA\AOI\defect image\RTU_MAIN_BOT\00004570\D1_J5.jpg,.jpg,25012,2025-12-19 17:42
RTU_MAIN_BOT,4571,D1_J5.jpg,roi,C:\Users\PC4\Downloads\TUK_PCA\AOI\defect image\RTU_MAIN_BOT\00004571\D1_J5.jpg,.jpg,25050,2025-12-19 17:43
RTU_MAIN_BOT,4576,D1_J5.jpg,roi,C:\Users\PC4\Downloads\TUK_PCA\AOI\defect image\RTU_MAIN_BOT\00004576\D1_J5.jpg,.jpg,25215,2025-12-19 17:46
RTU_MAIN_BOT,4580,D1_J5.jpg,roi,C:\Users\PC4\Downloads\TUK_PCA\AOI\defect image\RTU_MAIN_BOT\00004580\D1_J5.jpg,.jpg,26324,2025-12-19 17:48
RTU_MAIN_BOT,4581,D1_J5.jpg,roi,C:\Users\PC4\Downloads\TUK_PCA\AOI\defect image\RTU_MAIN_BOT\00004581\D1_J5.jpg,.jpg,25966,2025-12-19 17:48
RTU_MAIN_BOT,4585,D1_J5.jpg,roi,C:\Users\PC4\Downloads\TUK_PCA\AOI\defect image\RTU_MAIN_BOT\00004585\D1_J5.jpg,.jpg,25438,2025-12-19 17:50
RTU_MAIN_BOT,4586,D1_J5.jpg,roi,C:\Users\PC4\Downloads\TUK_PCA\AOI\defect image\RTU_MAIN_BOT\00004586\D1_J5.jpg,.jpg,26139,2025-12-19 17:50
RTU_MAIN_BOT,4587,D0_J5.jpg,roi,C:\Users\PC4\Downloads\TUK_PCA\AOI\defect image\RTU_MAIN_BOT\00004587\D0_J5.jpg,.jpg,25828,2025-12-19 17:51
RTU_MAIN_BOT,4587,D1_J5.jpg,roi,C:\Users\PC4\Downloads\TUK_PCA\AOI\defect image\RTU_MAIN_BOT\00004587\D1_J5.jpg,.jpg,25573,2025-12-19 17:51
RTU_MAIN_BOT,4589,D1_J5.jpg,roi,C:\Users\PC4\Downloads\TUK_PCA\AOI\defect image\RTU_MAIN_BOT\00004589\D1_J5.jpg,.jpg,25251,2025-12-19 17:52
RTU_MAIN_BOT,4590,D1_J5.jpg,roi,C:\Users\PC4\Downloads\TUK_PCA\AOI\defect image\RTU_MAIN_BOT\00004590\D1_J5.jpg,.jpg,25605,2025-12-19 17:52
RTU_MAIN_BOT,4591,D1_J5.jpg,roi,C:\Users\PC4\Downloads\TUK_PCA\AOI\defect image\RTU_MAIN_BOT\00004591\D1_J5.jpg,.jpg,25793,2025-12-19 17:53
RTU_MAIN_BOT,4593,D1_J5.jpg,roi,C:\Users\PC4\Downloads\TUK_PCA\AOI\defect image\RTU_MAIN_BOT\00004593\D1_J5.jpg,.jpg,24749,2025-12-19 17:54
RTU_MAIN_BOT,4594,D0_R38.jpg,roi,C:\Users\PC4\Downloads\TUK_PCA\AOI\defect image\RTU_MAIN_BOT\00004594\D0_R38.jpg,.jpg,2212,2025-12-19 17:54
RTU_MAIN_BOT,4596,D1_J5.jpg,roi,C:\Users\PC4\Downloads\TUK_PCA\AOI\defect image\RTU_MAIN_BOT\00004596\D1_J5.jpg,.jpg,25701,2025-12-19 17:56
RTU_MAIN_BOT,4598,D0_J5.jpg,roi,C:\Users\PC4\Downloads\TUK_PCA\AOI\defect image\RTU_MAIN_BOT\00004598\D0_J5.jpg,.jpg,25755,2025-12-19 17:57
RTU_MAIN_BOT,4654,BRDFID_0.jpg,roi,C:\Users\PC4\Downloads\TUK_PCA\AOI\defect image\RTU_MAIN_BOT\00004654\BRDFID_0.jpg,.jpg,876552,2025-12-19 18:34
RTU_MAIN_BOT,4666,D1_R73.jpg,roi,C:\Users\PC4\Downloads\TUK_PCA\AOI\defect image\RTU_MAIN_BOT\00004666\D1_R73.jpg,.jpg,2495,2025-12-19 18:40
RTU_MAIN_BOT,4671,D1_R69.jpg,roi,C:\Users\PC4\Downloads\TUK_PCA\AOI\defect image\RTU_MAIN_BOT\00004671\D1_R69.jpg,.jpg,2442,2025-12-19 18:42
RTU_MAIN_BOT,4684,D0_VF9756FFF-9AB5-4e19-B007-41AE4ACECECA.jpg,roi,C:\Users\PC4\Downloads\TUK_PCA\AOI\defect image\RTU_MAIN_BOT\00004684\D0_VF9756FFF-9AB5-4e19-B007-41AE4ACECECA.jpg,.jpg,3398,2025-12-19 18:47
RTU_MAIN_BOT,4684,D0__MNT_669_.jpg,roi,C:\Users\PC4\Downloads\TUK_PCA\AOI\defect image\RTU_MAIN_BOT\00004684\D0__MNT_669_.jpg,.jpg,3398,2025-12-19 18:47
RTU_MAIN_BOT,4688,D1_R69.jpg,roi,C:\Users\PC4\Downloads\TUK_PCA\AOI\defect image\RTU_MAIN_BOT\00004688\D1_R69.jpg,.jpg,2505,2025-12-19 18:49
RTU_MAIN_BOT,4697,D0_C43.jpg,roi,C:\Users\PC4\Downloads\TUK_PCA\AOI\defect image\RTU_MAIN_BOT\00004697\D0_C43.jpg,.jpg,1688,2025-12-19 18:56
RTU_MAIN_BOT,4713,D1_R74.jpg,roi,C:\Users\PC4\Downloads\TUK_PCA\AOI\defect image\RTU_MAIN_BOT\00004713\D1_R74.jpg,.jpg,2469,2025-12-19 19:03
RTU_MAIN_BOT,4726,D0_R70.jpg,roi,C:\Users\PC4\Downloads\TUK_PCA\AOI\defect image\RTU_MAIN_BOT\00004726\D0_R70.jpg,.jpg,2449,2025-12-19 19:09
RTU_MAIN_BOT,4734,D1_R74.jpg,roi,C:\Users\PC4\Downloads\TUK_PCA\AOI\defect image\RTU_MAIN_BOT\00004734\D1_R74.jpg,.jpg,2449,2025-12-19 19:13
RTU_MAIN_BOT,4888,G1_R56.jpg,roi,C:\Users\PC4\Downloads\TUK_PCA\AOI\defect image\RTU_MAIN_BOT\00004888\G1_R56.jpg,.jpg,2311,2025-12-19 19:25
RTU_MAIN_BOT,4911,G0_R56.jpg,roi,C:\Users\PC4\Downloads\TUK_PCA\AOI\defect image\RTU_MAIN_BOT\00004911\G0_R56.jpg,.jpg,2426,2025-12-19 19:25
RTU_MAIN_BOT,4970,G1_VF9756FFF-9AB5-4e19-B007-41AE4ACECECA.jpg,roi,C:\Users\PC4\Downloads\TUK_PCA\AOI\defect image\RTU_MAIN_BOT\00004970\G1_VF9756FFF-9AB5-4e19-B007-41AE4ACECECA.jpg,.jpg,3519,2025-12-19 19:25
RTU_MAIN_BOT,4970,G1__MNT_669_.jpg,roi,C:\Users\PC4\Downloads\TUK_PCA\AOI\defect image\RTU_MAIN_BOT\00004970\G1__MNT_669_.jpg,.jpg,3519,2025-12-19 19:25
RTU_MAIN_BOT,4981,G0_R75.jpg,roi,C:\Users\PC4\Downloads\TUK_PCA\AOI\defect image\RTU_MAIN_BOT\00004981\G0_R75.jpg,.jpg,2151,2025-12-19 19:25
RTU_MAIN_BOT,5074,G0_R68.jpg,roi,C:\Users\PC4\Downloads\TUK_PCA\AOI\defect image\RTU_MAIN_BOT\00005074\G0_R68.jpg,.jpg,2214,2025-12-19 19:25
RTU_MAIN_BOT,5074,G1_R55.jpg,roi,C:\Users\PC4\Downloads\TUK_PCA\AOI\defect image\RTU_MAIN_BOT\00005074\G1_R55.jpg,.jpg,2357,2025-12-19 19:25
RTU_MAIN_BOT,5102,G0_R75.jpg,roi,C:\Users\PC4\Downloads\TUK_PCA\AOI\defect image\RTU_MAIN_BOT\00005102\G0_R75.jpg,.jpg,2151,2025-12-19 19:25
RTU_MAIN_BOT,5193,G0_R75.jpg,roi,C:\Users\PC4\Downloads\TUK_PCA\AOI\defect image\RTU_MAIN_BOT\00005193\G0_R75.jpg,.jpg,2151,2025-12-19 19:25
RTU_MAIN_BOT,5220,G0_R68.jpg,roi,C:\Users\PC4\Downloads\TUK_PCA\AOI\defect image\RTU_MAIN_BOT\00005220\G0_R68.jpg,.jpg,2214,2025-12-19 19:25
RTU_MAIN_BOT,5229,G0_R67.jpg,roi,C:\Users\PC4\Downloads\TUK_PCA\AOI\defect image\RTU_MAIN_BOT\00005229\G0_R67.jpg,.jpg,2198,2025-12-19 19:25
RTU_MAIN_BOT,5256,G0_R67.jpg,roi,C:\Users\PC4\Downloads\TUK_PCA\AOI\defect image\RTU_MAIN_BOT\00005256\G0_R67.jpg,.jpg,2198,2025-12-19 19:25
RTU_MAIN_BOT,5309,G1_R75.jpg,roi,C:\Users\PC4\Downloads\TUK_PCA\AOI\defect image\RTU_MAIN_BOT\00005309\G1_R75.jpg,.jpg,2169,2025-12-19 19:25
RTU_MAIN_BOT,5371,G0_C43.jpg,roi,C:\Users\PC4\Downloads\TUK_PCA\AOI\defect image\RTU_MAIN_BOT\00005371\G0_C43.jpg,.jpg,1753,2025-12-19 19:25
RTU_MAIN_BOT,5371,G0_C44.jpg,roi,C:\Users\PC4\Downloads\TUK_PCA\AOI\defect image\RTU_MAIN_BOT\00005371\G0_C44.jpg,.jpg,1913,2025-12-19 19:25
RTU_MAIN_BOT,5371,G0_FB4-1.jpg,roi,C:\Users\PC4\Downloads\TUK_PCA\AOI\defect image\RTU_MAIN_BOT\00005371\G0_FB4-1.jpg,.jpg,2000,2025-12-19 19:25
RTU_MAIN_BOT,5388,G0_R67.jpg,roi,C:\Users\PC4\Downloads\TUK_PCA\AOI\defect image\RTU_MAIN_BOT\00005388\G0_R67.jpg,.jpg,2198,2025-12-19 19:25
RTU_MAIN_BOT,5442,G1_R75.jpg,roi,C:\Users\PC4\Downloads\TUK_PCA\AOI\defect image\RTU_MAIN_BOT\00005442\G1_R75.jpg,.jpg,2169,2025-12-19 19:25
RTU_MAIN_BOT,5491,G0_R75.jpg,roi,C:\Users\PC4\Downloads\TUK_PCA\AOI\defect image\RTU_MAIN_BOT\00005491\G0_R75.jpg,.jpg,2151,2025-12-19 19:25
RTU_MAIN_BOT,5518,G0_C45.jpg,roi,C:\Users\PC4\Downloads\TUK_PCA\AOI\defect image\RTU_MAIN_BOT\00005518\G0_C45.jpg,.jpg,1747,2025-12-19 19:25
RTU_MAIN_BOT,5526,G0_R75.jpg,roi,C:\Users\PC4\Downloads\TUK_PCA\AOI\defect image\RTU_MAIN_BOT\00005526\G0_R75.jpg,.jpg,2151,2025-12-19 19:25
RTU_MAIN_BOT,5536,G0_R75.jpg,roi,C:\Users\PC4\Downloads\TUK_PCA\AOI\defect image\RTU_MAIN_BOT\00005536\G0_R75.jpg,.jpg,2151,2025-12-19 19:25
RTU_MAIN_BOT,5599,G1_R67.jpg,roi,C:\Users\PC4\Downloads\TUK_PCA\AOI\defect image\RTU_MAIN_BOT\00005599\G1_R67.jpg,.jpg,2198,2025-12-19 19:25
RTU_MAIN_BOT,5662,G0_C45.jpg,roi,C:\Users\PC4\Downloads\TUK_PCA\AOI\defect image\RTU_MAIN_BOT\00005662\G0_C45.jpg,.jpg,1747,2025-12-19 19:25
RTU_MAIN_BOT,5686,G1_R75.jpg,roi,C:\Users\PC4\Downloads\TUK_PCA\AOI\defect image\RTU_MAIN_BOT\00005686\G1_R75.jpg,.jpg,2169,2025-12-19 19:25
RTU_MAIN_BOT,5730,G1_R56.jpg,roi,C:\Users\PC4\Downloads\TUK_PCA\AOI\defect image\RTU_MAIN_BOT\00005730\G1_R56.jpg,.jpg,2311,2025-12-19 19:25
RTU_MAIN_BOT,5787,G1_R56.jpg,roi,C:\Users\PC4\Downloads\TUK_PCA\AOI\defect image\RTU_MAIN_BOT\00005787\G1_R56.jpg,.jpg,2311,2025-12-19 19:25
RTU_MAIN_BOT,4879,G0_D14.jpg,roi,C:\Users\PC4\Downloads\TUK_PCA\AOI\defect image\RTU_MAIN_BOT\00004879\G0_D14.jpg,.jpg,1895,2025-12-19 19:25
RTU_MAIN_BOT,4906,G0_C23.jpg,roi,C:\Users\PC4\Downloads\TUK_PCA\AOI\defect image\RTU_MAIN_BOT\00004906\G0_C23.jpg,.jpg,2199,2025-12-19 19:25
RTU_MAIN_BOT,4906,G0_C30.jpg,roi,C:\Users\PC4\Downloads\TUK_PCA\AOI\defect image\RTU_MAIN_BOT\00004906\G0_C30.jpg,.jpg,1950,2025-12-19 19:25
RTU_MAIN_BOT,4907,G0_C23.jpg,roi,C:\Users\PC4\Downloads\TUK_PCA\AOI\defect image\RTU_MAIN_BOT\00004907\G0_C23.jpg,.jpg,2199,2025-12-19 19:25
RTU_MAIN_BOT,4908,G0_C23.jpg,roi,C:\Users\PC4\Downloads\TUK_PCA\AOI\defect image\RTU_MAIN_BOT\00004908\G0_C23.jpg,.jpg,2199,2025-12-19 19:25
RTU_MAIN_BOT,4909,G0_C23.jpg,roi,C:\Users\PC4\Downloads\TUK_PCA\AOI\defect image\RTU_MAIN_BOT\00004909\G0_C23.jpg,.jpg,2199,2025-12-19 19:25
RTU_MAIN_BOT,4911,G0_C23.jpg,roi,C:\Users\PC4\Downloads\TUK_PCA\AOI\defect image\RTU_MAIN_BOT\00004911\G0_C23.jpg,.jpg,2199,2025-12-19 19:25
RTU_MAIN_BOT,4931,G0_R38.jpg,roi,C:\Users\PC4\Downloads\TUK_PCA\AOI\defect image\RTU_MAIN_BOT\00004931\G0_R38.jpg,.jpg,2410,2025-12-19 19:25
RTU_MAIN_BOT,4960,G1_R38.jpg,roi,C:\Users\PC4\Downloads\TUK_PCA\AOI\defect image\RTU_MAIN_BOT\00004960\G1_R38.jpg,.jpg,2507,2025-12-19 19:25
RTU_MAIN_BOT,5050,G1_C44.jpg,roi,C:\Users\PC4\Downloads\TUK_PCA\AOI\defect image\RTU_MAIN_BOT\00005050\G1_C44.jpg,.jpg,1880,2025-12-19 19:25
RTU_MAIN_BOT,5054,G0_R34.jpg,roi,C:\Users\PC4\Downloads\TUK_PCA\AOI\defect image\RTU_MAIN_BOT\00005054\G0_R34.jpg,.jpg,2485,2025-12-19 19:25
RTU_MAIN_BOT,5058,G0_R38.jpg,roi,C:\Users\PC4\Downloads\TUK_PCA\AOI\defect image\RTU_MAIN_BOT\00005058\G0_R38.jpg,.jpg,2410,2025-12-19 19:25
RTU_MAIN_BOT,5059,G0_R38.jpg,roi,C:\Users\PC4\Downloads\TUK_PCA\AOI\defect image\RTU_MAIN_BOT\00005059\G0_R38.jpg,.jpg,2410,2025-12-19 19:25
RTU_MAIN_BOT,5062,G0_R38.jpg,roi,C:\Users\PC4\Downloads\TUK_PCA\AOI\defect image\RTU_MAIN_BOT\00005062\G0_R38.jpg,.jpg,2410,2025-12-19 19:25
RTU_MAIN_BOT,5062,G1_R38.jpg,roi,C:\Users\PC4\Downloads\TUK_PCA\AOI\defect image\RTU_MAIN_BOT\00005062\G1_R38.jpg,.jpg,2507,2025-12-19 19:25
RTU_MAIN_BOT,5069,G1_R38.jpg,roi,C:\Users\PC4\Downloads\TUK_PCA\AOI\defect image\RTU_MAIN_BOT\00005069\G1_R38.jpg,.jpg,2507,2025-12-19 19:25
RTU_MAIN_BOT,5244,G0_C23.jpg,roi,C:\Users\PC4\Downloads\TUK_PCA\AOI\defect image\RTU_MAIN_BOT\00005244\G0_C23.jpg,.jpg,2199,2025-12-19 19:25
RTU_MAIN_BOT,5258,G1_R77.jpg,roi,C:\Users\PC4\Downloads\TUK_PCA\AOI\defect image\RTU_MAIN_BOT\00005258\G1_R77.jpg,.jpg,2309,2025-12-19 19:25
RTU_MAIN_BOT,5343,G1_R68.jpg,roi,C:\Users\PC4\Downloads\TUK_PCA\AOI\defect image\RTU_MAIN_BOT\00005343\G1_R68.jpg,.jpg,2140,2025-12-19 19:25
RTU_MAIN_BOT,5411,G1_R68.jpg,roi,C:\Users\PC4\Downloads\TUK_PCA\AOI\defect image\RTU_MAIN_BOT\00005411\G1_R68.jpg,.jpg,2140,2025-12-19 19:25
RTU_MAIN_BOT,5439,G1_U8.jpg,roi,C:\Users\PC4\Downloads\TUK_PCA\AOI\defect image\RTU_MAIN_BOT\00005439\G1_U8.jpg,.jpg,32742,2025-12-19 19:25
RTU_MAIN_BOT,5459,G1_U8.jpg,roi,C:\Users\PC4\Downloads\TUK_PCA\AOI\defect image\RTU_MAIN_BOT\00005459\G1_U8.jpg,.jpg,32742,2025-12-19 19:25
RTU_MAIN_BOT,5582,G1_R68.jpg,roi,C:\Users\PC4\Downloads\TUK_PCA\AOI\defect image\RTU_MAIN_BOT\00005582\G1_R68.jpg,.jpg,2140,2025-12-19 19:25
RTU_MAIN_BOT,5606,G0_R77.jpg,roi,C:\Users\PC4\Downloads\TUK_PCA\AOI\defect image\RTU_MAIN_BOT\00005606\G0_R77.jpg,.jpg,2344,2025-12-19 19:25
RTU_MAIN_BOT,5837,G1_C46.jpg,roi,C:\Users\PC4\Downloads\TUK_PCA\AOI\defect image\RTU_MAIN_BOT\00005837\G1_C46.jpg,.jpg,2233,2025-12-19 19:25
RTU_MAIN_BOT,5974,G1_R77.jpg,roi,C:\Users\PC4\Downloads\TUK_PCA\AOI\defect image\RTU_MAIN_BOT\00005974\G1_R77.jpg,.jpg,2309,2025-12-19 19:25
RTU_MAIN_BOT,6014,G0_R34.jpg,roi,C:\Users\PC4\Downloads\TUK_PCA\AOI\defect image\RTU_MAIN_BOT\00006014\G0_R34.jpg,.jpg,2485,2025-12-19 19:25
RTU_MAIN_BOT,4879,D0_D14.jpg,roi,C:\Users\PC4\Downloads\TUK_PCA\AOI\defect image\RTU_MAIN_BOT\00004879\D0_D14.jpg,.jpg,1837,2025-12-20 10:57
RTU_MAIN_BOT,4888,D1_R56.jpg,roi,C:\Users\PC4\Downloads\TUK_PCA\AOI\defect image\RTU_MAIN_BOT\00004888\D1_R56.jpg,.jpg,2393,2025-12-20 11:01
RTU_MAIN_BOT,4906,D0_C23.jpg,roi,C:\Users\PC4\Downloads\TUK_PCA\AOI\defect image\RTU_MAIN_BOT\00004906\D0_C23.jpg,.jpg,2264,2025-12-20 11:09
RTU_MAIN_BOT,4906,D0_C30.jpg,roi,C:\Users\PC4\Downloads\TUK_PCA\AOI\defect image\RTU_MAIN_BOT\00004906\D0_C30.jpg,.jpg,1710,2025-12-20 11:09
RTU_MAIN_BOT,4907,D0_C23.jpg,roi,C:\Users\PC4\Downloads\TUK_PCA\AOI\defect image\RTU_MAIN_BOT\00004907\D0_C23.jpg,.jpg,2227,2025-12-20 11:09
RTU_MAIN_BOT,4908,D0_C23.jpg,roi,C:\Users\PC4\Downloads\TUK_PCA\AOI\defect image\RTU_MAIN_BOT\00004908\D0_C23.jpg,.jpg,2123,2025-12-20 11:10
RTU_MAIN_BOT,4909,D0_C23.jpg,roi,C:\Users\PC4\Downloads\TUK_PCA\AOI\defect image\RTU_MAIN_BOT\00004909\D0_C23.jpg,.jpg,2141,2025-12-20 11:10
RTU_MAIN_BOT,4911,D0_C23.jpg,roi,C:\Users\PC4\Downloads\TUK_PCA\AOI\defect image\RTU_MAIN_BOT\00004911\D0_C23.jpg,.jpg,2149,2025-12-20 11:12
RTU_MAIN_BOT,4911,D0_R56.jpg,roi,C:\Users\PC4\Downloads\TUK_PCA\AOI\defect image\RTU_MAIN_BOT\00004911\D0_R56.jpg,.jpg,2450,2025-12-20 11:12
RTU_MAIN_BOT,4931,D0_R38.jpg,roi,C:\Users\PC4\Downloads\TUK_PCA\AOI\defect image\RTU_MAIN_BOT\00004931\D0_R38.jpg,.jpg,2203,2025-12-20 11:21
RTU_MAIN_BOT,4960,D1_R38.jpg,roi,C:\Users\PC4\Downloads\TUK_PCA\AOI\defect image\RTU_MAIN_BOT\00004960\D1_R38.jpg,.jpg,2442,2025-12-20 11:34
RTU_MAIN_BOT,4970,D1_VF9756FFF-9AB5-4e19-B007-41AE4ACECECA.jpg,roi,C:\Users\PC4\Downloads\TUK_PCA\AOI\defect image\RTU_MAIN_BOT\00004970\D1_VF9756FFF-9AB5-4e19-B007-41AE4ACECECA.jpg,.jpg,3317,2025-12-20 11:38
RTU_MAIN_BOT,4970,D1__MNT_669_.jpg,roi,C:\Users\PC4\Downloads\TUK_PCA\AOI\defect image\RTU_MAIN_BOT\00004970\D1__MNT_669_.jpg,.jpg,3317,2025-12-20 11:38
RTU_MAIN_BOT,4981,D0_R75.jpg,roi,C:\Users\PC4\Downloads\TUK_PCA\AOI\defect image\RTU_MAIN_BOT\00004981\D0_R75.jpg,.jpg,2235,2025-12-20 11:43
RTU_MAIN_BOT,5050,D1_C44.jpg,roi,C:\Users\PC4\Downloads\TUK_PCA\AOI\defect image\RTU_MAIN_BOT\00005050\D1_C44.jpg,.jpg,1688,2025-12-20 12:14
RTU_MAIN_BOT,5054,D0_R34.jpg,roi,C:\Users\PC4\Downloads\TUK_PCA\AOI\defect image\RTU_MAIN_BOT\00005054\D0_R34.jpg,.jpg,2321,2025-12-20 12:16
RTU_MAIN_BOT,5058,D0_R38.jpg,roi,C:\Users\PC4\Downloads\TUK_PCA\AOI\defect image\RTU_MAIN_BOT\00005058\D0_R38.jpg,.jpg,2332,2025-12-20 12:18
RTU_MAIN_BOT,5059,D0_R38.jpg,roi,C:\Users\PC4\Downloads\TUK_PCA\AOI\defect image\RTU_MAIN_BOT\00005059\D0_R38.jpg,.jpg,2231,2025-12-20 12:18
RTU_MAIN_BOT,5062,D0_R38.jpg,roi,C:\Users\PC4\Downloads\TUK_PCA\AOI\defect image\RTU_MAIN_BOT\00005062\D0_R38.jpg,.jpg,2282,2025-12-20 12:20
RTU_MAIN_BOT,5062,D1_R38.jpg,roi,C:\Users\PC4\Downloads\TUK_PCA\AOI\defect image\RTU_MAIN_BOT\00005062\D1_R38.jpg,.jpg,2249,2025-12-20 12:20
RTU_MAIN_BOT,5069,D1_R38.jpg,roi,C:\Users\PC4\Downloads\TUK_PCA\AOI\defect image\RTU_MAIN_BOT\00005069\D1_R38.jpg,.jpg,2308,2025-12-20 12:23
RTU_MAIN_BOT,5074,D0_R68.jpg,roi,C:\Users\PC4\Downloads\TUK_PCA\AOI\defect image\RTU_MAIN_BOT\00005074\D0_R68.jpg,.jpg,2185,2025-12-20 12:25
RTU_MAIN_BOT,5074,D1_R55.jpg,roi,C:\Users\PC4\Downloads\TUK_PCA\AOI\defect image\RTU_MAIN_BOT\00005074\D1_R55.jpg,.jpg,2314,2025-12-20 12:25
RTU_MAIN_BOT,5102,D0_R75.jpg,roi,C:\Users\PC4\Downloads\TUK_PCA\AOI\defect image\RTU_MAIN_BOT\00005102\D0_R75.jpg,.jpg,2151,2025-12-20 12:38
RTU_MAIN_BOT,5193,D0_R75.jpg,roi,C:\Users\PC4\Downloads\TUK_PCA\AOI\defect image\RTU_MAIN_BOT\00005193\D0_R75.jpg,.jpg,2129,2025-12-20 13:18
RTU_MAIN_BOT,5220,D0_R68.jpg,roi,C:\Users\PC4\Downloads\TUK_PCA\AOI\defect image\RTU_MAIN_BOT\00005220\D0_R68.jpg,.jpg,2134,2025-12-20 13:30
RTU_MAIN_BOT,5229,D0_R67.jpg,roi,C:\Users\PC4\Downloads\TUK_PCA\AOI\defect image\RTU_MAIN_BOT\00005229\D0_R67.jpg,.jpg,2218,2025-12-20 13:34
RTU_MAIN_BOT,5244,D0_C23.jpg,roi,C:\Users\PC4\Downloads\TUK_PCA\AOI\defect image\RTU_MAIN_BOT\00005244\D0_C23.jpg,.jpg,2200,2025-12-20 13:42
RTU_MAIN_BOT,5256,D0_R67.jpg,roi,C:\Users\PC4\Downloads\TUK_PCA\AOI\defect image\RTU_MAIN_BOT\00005256\D0_R67.jpg,.jpg,2177,2025-12-20 13:47
RTU_MAIN_BOT,5258,D1_R77.jpg,roi,C:\Users\PC4\Downloads\TUK_PCA\AOI\defect image\RTU_MAIN_BOT\00005258\D1_R77.jpg,.jpg,2303,2025-12-20 13:48
RTU_MAIN_BOT,5309,D1_R75.jpg,roi,C:\Users\PC4\Downloads\TUK_PCA\AOI\defect image\RTU_MAIN_BOT\00005309\D1_R75.jpg,.jpg,2213,2025-12-20 14:12
RTU_MAIN_BOT,5343,D1_R68.jpg,roi,C:\Users\PC4\Downloads\TUK_PCA\AOI\defect image\RTU_MAIN_BOT\00005343\D1_R68.jpg,.jpg,2163,2025-12-20 14:27
RTU_MAIN_BOT,5371,D0_C43.jpg,roi,C:\Users\PC4\Downloads\TUK_PCA\AOI\defect image\RTU_MAIN_BOT\00005371\D0_C43.jpg,.jpg,2060,2025-12-20 14:40
RTU_MAIN_BOT,5371,D0_C44.jpg,roi,C:\Users\PC4\Downloads\TUK_PCA\AOI\defect image\RTU_MAIN_BOT\00005371\D0_C44.jpg,.jpg,2196,2025-12-20 14:40
RTU_MAIN_BOT,5371,D0_FB4-1.jpg,roi,C:\Users\PC4\Downloads\TUK_PCA\AOI\defect image\RTU_MAIN_BOT\00005371\D0_FB4-1.jpg,.jpg,1994,2025-12-20 14:40
RTU_MAIN_BOT,5388,D0_R67.jpg,roi,C:\Users\PC4\Downloads\TUK_PCA\AOI\defect image\RTU_MAIN_BOT\00005388\D0_R67.jpg,.jpg,2162,2025-12-20 14:47
RTU_MAIN_BOT,5411,D1_R68.jpg,roi,C:\Users\PC4\Downloads\TUK_PCA\AOI\defect image\RTU_MAIN_BOT\00005411\D1_R68.jpg,.jpg,2228,2025-12-20 14:58
RTU_MAIN_BOT,5439,D1_U8.jpg,roi,C:\Users\PC4\Downloads\TUK_PCA\AOI\defect image\RTU_MAIN_BOT\00005439\D1_U8.jpg,.jpg,32894,2025-12-20 15:10
RTU_MAIN_BOT,5442,D1_R75.jpg,roi,C:\Users\PC4\Downloads\TUK_PCA\AOI\defect image\RTU_MAIN_BOT\00005442\D1_R75.jpg,.jpg,2159,2025-12-20 15:11
RTU_MAIN_BOT,5459,D1_U8.jpg,roi,C:\Users\PC4\Downloads\TUK_PCA\AOI\defect image\RTU_MAIN_BOT\00005459\D1_U8.jpg,.jpg,32641,2025-12-20 15:19
RTU_MAIN_BOT,5491,D0_R75.jpg,roi,C:\Users\PC4\Downloads\TUK_PCA\AOI\defect image\RTU_MAIN_BOT\00005491\D0_R75.jpg,.jpg,2151,2025-12-20 15:33
RTU_MAIN_BOT,5518,D0_C45.jpg,roi,C:\Users\PC4\Downloads\TUK_PCA\AOI\defect image\RTU_MAIN_BOT\00005518\D0_C45.jpg,.jpg,1749,2025-12-20 15:45
RTU_MAIN_BOT,5526,D0_R75.jpg,roi,C:\Users\PC4\Downloads\TUK_PCA\AOI\defect image\RTU_MAIN_BOT\00005526\D0_R75.jpg,.jpg,2128,2025-12-20 15:49
RTU_MAIN_BOT,5536,D0_R75.jpg,roi,C:\Users\PC4\Downloads\TUK_PCA\AOI\defect image\RTU_MAIN_BOT\00005536\D0_R75.jpg,.jpg,2113,2025-12-20 15:53
RTU_MAIN_BOT,5582,D1_R68.jpg,roi,C:\Users\PC4\Downloads\TUK_PCA\AOI\defect image\RTU_MAIN_BOT\00005582\D1_R68.jpg,.jpg,2148,2025-12-20 16:14
RTU_MAIN_BOT,5599,D1_R67.jpg,roi,C:\Users\PC4\Downloads\TUK_PCA\AOI\defect image\RTU_MAIN_BOT\00005599\D1_R67.jpg,.jpg,2174,2025-12-20 16:22
RTU_MAIN_BOT,5606,D0_R77.jpg,roi,C:\Users\PC4\Downloads\TUK_PCA\AOI\defect image\RTU_MAIN_BOT\00005606\D0_R77.jpg,.jpg,2444,2025-12-20 16:25
RTU_MAIN_BOT,5662,D0_C45.jpg,roi,C:\Users\PC4\Downloads\TUK_PCA\AOI\defect image\RTU_MAIN_BOT\00005662\D0_C45.jpg,.jpg,1704,2025-12-20 16:50
RTU_MAIN_BOT,5686,D1_R75.jpg,roi,C:\Users\PC4\Downloads\TUK_PCA\AOI\defect image\RTU_MAIN_BOT\00005686\D1_R75.jpg,.jpg,2181,2025-12-20 17:01
RTU_MAIN_BOT,5730,D1_R56.jpg,roi,C:\Users\PC4\Downloads\TUK_PCA\AOI\defect image\RTU_MAIN_BOT\00005730\D1_R56.jpg,.jpg,2374,2025-12-22 10:02
RTU_MAIN_BOT,5787,D1_R56.jpg,roi,C:\Users\PC4\Downloads\TUK_PCA\AOI\defect image\RTU_MAIN_BOT\00005787\D1_R56.jpg,.jpg,2385,2025-12-22 10:29
RTU_MAIN_BOT,5837,D1_C46.jpg,roi,C:\Users\PC4\Downloads\TUK_PCA\AOI\defect image\RTU_MAIN_BOT\00005837\D1_C46.jpg,.jpg,2207,2025-12-22 10:52
RTU_MAIN_BOT,5974,D1_R77.jpg,roi,C:\Users\PC4\Downloads\TUK_PCA\AOI\defect image\RTU_MAIN_BOT\00005974\D1_R77.jpg,.jpg,2121,2025-12-22 12:36
RTU_MAIN_BOT,6014,D0_R34.jpg,roi,C:\Users\PC4\Downloads\TUK_PCA\AOI\defect image\RTU_MAIN_BOT\00006014\D0_R34.jpg,.jpg,2248,2025-12-22 12:55
RTU_MAIN_TOP,4638,G0_LED2.jpg,roi,C:\Users\PC4\Downloads\TUK_PCA\AOI\defect image\RTU_MAIN_TOP\00004638\G0_LED2.jpg,.jpg,1980,2025-12-22 15:00
RTU_MAIN_TOP,4643,G1_LED1.jpg,roi,C:\Users\PC4\Downloads\TUK_PCA\AOI\defect image\RTU_MAIN_TOP\00004643\G1_LED1.jpg,.jpg,2061,2025-12-22 15:00
RTU_MAIN_TOP,4647,G1_LED1.jpg,roi,C:\Users\PC4\Downloads\TUK_PCA\AOI\defect image\RTU_MAIN_TOP\00004647\G1_LED1.jpg,.jpg,2061,2025-12-22 15:00
RTU_MAIN_TOP,4648,G0_LED2.jpg,roi,C:\Users\PC4\Downloads\TUK_PCA\AOI\defect image\RTU_MAIN_TOP\00004648\G0_LED2.jpg,.jpg,1980,2025-12-22 15:00
RTU_MAIN_TOP,4649,G1_LED2.jpg,roi,C:\Users\PC4\Downloads\TUK_PCA\AOI\defect image\RTU_MAIN_TOP\00004649\G1_LED2.jpg,.jpg,1897,2025-12-22 15:00
RTU_MAIN_TOP,4651,G0_LED2.jpg,roi,C:\Users\PC4\Downloads\TUK_PCA\AOI\defect image\RTU_MAIN_TOP\00004651\G0_LED2.jpg,.jpg,1980,2025-12-22 15:00
RTU_MAIN_TOP,4652,G0_LED2.jpg,roi,C:\Users\PC4\Downloads\TUK_PCA\AOI\defect image\RTU_MAIN_TOP\00004652\G0_LED2.jpg,.jpg,1980,2025-12-22 15:00
RTU_MAIN_TOP,4653,G1_LED2.jpg,roi,C:\Users\PC4\Downloads\TUK_PCA\AOI\defect image\RTU_MAIN_TOP\00004653\G1_LED2.jpg,.jpg,1897,2025-12-22 15:00
RTU_MAIN_TOP,4669,G0_LED1.jpg,roi,C:\Users\PC4\Downloads\TUK_PCA\AOI\defect image\RTU_MAIN_TOP\00004669\G0_LED1.jpg,.jpg,2143,2025-12-22 15:00
RTU_MAIN_TOP,4686,G0_LED2.jpg,roi,C:\Users\PC4\Downloads\TUK_PCA\AOI\defect image\RTU_MAIN_TOP\00004686\G0_LED2.jpg,.jpg,1980,2025-12-22 15:00
RTU_MAIN_TOP,4687,G0_LED2.jpg,roi,C:\Users\PC4\Downloads\TUK_PCA\AOI\defect image\RTU_MAIN_TOP\00004687\G0_LED2.jpg,.jpg,1980,2025-12-22 15:00
RTU_MAIN_TOP,4651,G1_Q1.jpg,roi,C:\Users\PC4\Downloads\TUK_PCA\AOI\defect image\RTU_MAIN_TOP\00004651\G1_Q1.jpg,.jpg,6649,2025-12-22 15:00
RTU_MAIN_TOP,4652,G1_TC1.jpg,roi,C:\Users\PC4\Downloads\TUK_PCA\AOI\defect image\RTU_MAIN_TOP\00004652\G1_TC1.jpg,.jpg,5275,2025-12-22 15:00
RTU_MAIN_TOP,4655,G1_Q1.jpg,roi,C:\Users\PC4\Downloads\TUK_PCA\AOI\defect image\RTU_MAIN_TOP\00004655\G1_Q1.jpg,.jpg,6649,2025-12-22 15:00
RTU_MAIN_TOP,4672,G1_SW1.jpg,roi,C:\Users\PC4\Downloads\TUK_PCA\AOI\defect image\RTU_MAIN_TOP\00004672\G1_SW1.jpg,.jpg,11264,2025-12-22 15:00
RTU_MAIN_TOP,4682,G1_TC1.jpg,roi,C:\Users\PC4\Downloads\TUK_PCA\AOI\defect image\RTU_MAIN_TOP\00004682\G1_TC1.jpg,.jpg,5275,2025-12-22 15:00
RTU_MAIN_TOP,4648,G0_J6.jpg,roi,C:\Users\PC4\Downloads\TUK_PCA\AOI\defect image\RTU_MAIN_TOP\00004648\G0_J6.jpg,.jpg,25865,2025-12-22 15:00
RTU_MAIN_TOP,4650,G0_J6.jpg,roi,C:\Users\PC4\Downloads\TUK_PCA\AOI\defect image\RTU_MAIN_TOP\00004650\G0_J6.jpg,.jpg,25865,2025-12-22 15:00
RTU_MAIN_TOP,4655,G0_J6.jpg,roi,C:\Users\PC4\Downloads\TUK_PCA\AOI\defect image\RTU_MAIN_TOP\00004655\G0_J6.jpg,.jpg,25865,2025-12-22 15:00
RTU_MAIN_TOP,4655,G1_U5.jpg,roi,C:\Users\PC4\Downloads\TUK_PCA\AOI\defect image\RTU_MAIN_TOP\00004655\G1_U5.jpg,.jpg,47334,2025-12-22 15:00
RTU_MAIN_TOP,4656,G0_D1.jpg,roi,C:\Users\PC4\Downloads\TUK_PCA\AOI\defect image\RTU_MAIN_TOP\00004656\G0_D1.jpg,.jpg,1993,2025-12-22 15:00
RTU_MAIN_TOP,4658,G0_J6.jpg,roi,C:\Users\PC4\Downloads\TUK_PCA\AOI\defect image\RTU_MAIN_TOP\00004658\G0_J6.jpg,.jpg,25865,2025-12-22 15:00
RTU_MAIN_TOP,4663,G1_R46.jpg,roi,C:\Users\PC4\Downloads\TUK_PCA\AOI\defect image\RTU_MAIN_TOP\00004663\G1_R46.jpg,.jpg,2216,2025-12-22 15:00
RTU_MAIN_TOP,4664,G0_J6.jpg,roi,C:\Users\PC4\Downloads\TUK_PCA\AOI\defect image\RTU_MAIN_TOP\00004664\G0_J6.jpg,.jpg,25865,2025-12-22 15:00
RTU_MAIN_TOP,4669,G0_J6.jpg,roi,C:\Users\PC4\Downloads\TUK_PCA\AOI\defect image\RTU_MAIN_TOP\00004669\G0_J6.jpg,.jpg,25865,2025-12-22 15:00
RTU_MAIN_TOP,4673,G0_J6.jpg,roi,C:\Users\PC4\Downloads\TUK_PCA\AOI\defect image\RTU_MAIN_TOP\00004673\G0_J6.jpg,.jpg,25865,2025-12-22 15:00
RTU_MAIN_TOP,4674,G0_J6.jpg,roi,C:\Users\PC4\Downloads\TUK_PCA\AOI\defect image\RTU_MAIN_TOP\00004674\G0_J6.jpg,.jpg,25865,2025-12-22 15:00
RTU_MAIN_TOP,4675,G1_R45.jpg,roi,C:\Users\PC4\Downloads\TUK_PCA\AOI\defect image\RTU_MAIN_TOP\00004675\G1_R45.jpg,.jpg,2288,2025-12-22 15:00
RTU_MAIN_TOP,4679,G0_J6.jpg,roi,C:\Users\PC4\Downloads\TUK_PCA\AOI\defect image\RTU_MAIN_TOP\00004679\G0_J6.jpg,.jpg,25865,2025-12-22 15:00
RTU_MAIN_TOP,4679,G0_U2.jpg,roi,C:\Users\PC4\Downloads\TUK_PCA\AOI\defect image\RTU_MAIN_TOP\00004679\G0_U2.jpg,.jpg,23303,2025-12-22 15:00
RTU_MAIN_TOP,4680,G0_J6.jpg,roi,C:\Users\PC4\Downloads\TUK_PCA\AOI\defect image\RTU_MAIN_TOP\00004680\G0_J6.jpg,.jpg,25865,2025-12-22 15:00
RTU_MAIN_TOP,4680,G1_R45.jpg,roi,C:\Users\PC4\Downloads\TUK_PCA\AOI\defect image\RTU_MAIN_TOP\00004680\G1_R45.jpg,.jpg,2288,2025-12-22 15:00
RTU_MAIN_TOP,4680,G1_R46.jpg,roi,C:\Users\PC4\Downloads\TUK_PCA\AOI\defect image\RTU_MAIN_TOP\00004680\G1_R46.jpg,.jpg,2216,2025-12-22 15:00
RTU_MAIN_TOP,4681,G1_U5.jpg,roi,C:\Users\PC4\Downloads\TUK_PCA\AOI\defect image\RTU_MAIN_TOP\00004681\G1_U5.jpg,.jpg,47334,2025-12-22 15:00
RTU_MAIN_TOP,4683,G0_J6.jpg,roi,C:\Users\PC4\Downloads\TUK_PCA\AOI\defect image\RTU_MAIN_TOP\00004683\G0_J6.jpg,.jpg,25865,2025-12-22 15:00
RTU_MAIN_TOP,4685,G1_R45.jpg,roi,C:\Users\PC4\Downloads\TUK_PCA\AOI\defect image\RTU_MAIN_TOP\00004685\G1_R45.jpg,.jpg,2288,2025-12-22 15:00
RTU_MAIN_TOP,4687,G1_U5.jpg,roi,C:\Users\PC4\Downloads\TUK_PCA\AOI\defect image\RTU_MAIN_TOP\00004687\G1_U5.jpg,.jpg,47334,2025-12-22 15:00
RTU_MAIN_TOP,4688,G1_U5.jpg,roi,C:\Users\PC4\Downloads\TUK_PCA\AOI\defect image\RTU_MAIN_TOP\00004688\G1_U5.jpg,.jpg,47334,2025-12-22 15:00
RTU_MAIN_TOP,4642,G1_J6.jpg,roi,C:\Users\PC4\Downloads\TUK_PCA\AOI\defect image\RTU_MAIN_TOP\00004642\G1_J6.jpg,.jpg,30530,2025-12-22 15:00
RTU_MAIN_TOP,4650,G1_U3.jpg,roi,C:\Users\PC4\Downloads\TUK_PCA\AOI\defect image\RTU_MAIN_TOP\00004650\G1_U3.jpg,.jpg,183138,2025-12-22 15:00
RTU_MAIN_TOP,4674,G1_J6.jpg,roi,C:\Users\PC4\Downloads\TUK_PCA\AOI\defect image\RTU_MAIN_TOP\00004674\G1_J6.jpg,.jpg,30530,2025-12-22 15:00
RTU_MAIN_TOP,4678,G1_J6.jpg,roi,C:\Users\PC4\Downloads\TUK_PCA\AOI\defect image\RTU_MAIN_TOP\00004678\G1_J6.jpg,.jpg,30530,2025-12-22 15:00
RTU_MAIN_TOP,4679,G1_J6.jpg,roi,C:\Users\PC4\Downloads\TUK_PCA\AOI\defect image\RTU_MAIN_TOP\00004679\G1_J6.jpg,.jpg,30530,2025-12-22 15:00
RTU_MAIN_TOP,4680,G1_J6.jpg,roi,C:\Users\PC4\Downloads\TUK_PCA\AOI\defect image\RTU_MAIN_TOP\00004680\G1_J6.jpg,.jpg,30530,2025-12-22 15:00
RTU_MAIN_TOP,4638,D0_LED2.jpg,roi,C:\Users\PC4\Downloads\TUK_PCA\AOI\defect image\RTU_MAIN_TOP\00004638\D0_LED2.jpg,.jpg,1998,2025-12-22 15:00
RTU_MAIN_TOP,4642,D1_J6.jpg,roi,C:\Users\PC4\Downloads\TUK_PCA\AOI\defect image\RTU_MAIN_TOP\00004642\D1_J6.jpg,.jpg,30949,2025-12-22 15:02
RTU_MAIN_TOP,4643,D1_LED1.jpg,roi,C:\Users\PC4\Downloads\TUK_PCA\AOI\defect image\RTU_MAIN_TOP\00004643\D1_LED1.jpg,.jpg,2301,2025-12-22 15:03
RTU_MAIN_TOP,4647,D1_LED1.jpg,roi,C:\Users\PC4\Downloads\TUK_PCA\AOI\defect image\RTU_MAIN_TOP\00004647\D1_LED1.jpg,.jpg,2292,2025-12-22 15:06
RTU_MAIN_TOP,4648,D0_J6.jpg,roi,C:\Users\PC4\Downloads\TUK_PCA\AOI\defect image\RTU_MAIN_TOP\00004648\D0_J6.jpg,.jpg,27085,2025-12-22 15:16
RTU_MAIN_TOP,4648,D0_LED2.jpg,roi,C:\Users\PC4\Downloads\TUK_PCA\AOI\defect image\RTU_MAIN_TOP\00004648\D0_LED2.jpg,.jpg,2151,2025-12-22 15:16
RTU_MAIN_TOP,4649,D1_LED2.jpg,roi,C:\Users\PC4\Downloads\TUK_PCA\AOI\defect image\RTU_MAIN_TOP\00004649\D1_LED2.jpg,.jpg,1909,2025-12-22 15:16
RTU_MAIN_TOP,4650,D0_J6.jpg,roi,C:\Users\PC4\Downloads\TUK_PCA\AOI\defect image\RTU_MAIN_TOP\00004650\D0_J6.jpg,.jpg,32276,2025-12-22 15:17
RTU_MAIN_TOP,4650,D1_U3.jpg,roi,C:\Users\PC4\Downloads\TUK_PCA\AOI\defect image\RTU_MAIN_TOP\00004650\D1_U3.jpg,.jpg,173815,2025-12-22 15:17
RTU_MAIN_TOP,4651,D0_LED2.jpg,roi,C:\Users\PC4\Downloads\TUK_PCA\AOI\defect image\RTU_MAIN_TOP\00004651\D0_LED2.jpg,.jpg,1955,2025-12-22 15:17
RTU_MAIN_TOP,4651,D1_Q1.jpg,roi,C:\Users\PC4\Downloads\TUK_PCA\AOI\defect image\RTU_MAIN_TOP\00004651\D1_Q1.jpg,.jpg,6764,2025-12-22 15:17
RTU_MAIN_TOP,4652,D0_LED2.jpg,roi,C:\Users\PC4\Downloads\TUK_PCA\AOI\defect image\RTU_MAIN_TOP\00004652\D0_LED2.jpg,.jpg,2034,2025-12-22 15:18
RTU_MAIN_TOP,4652,D1_TC1.jpg,roi,C:\Users\PC4\Downloads\TUK_PCA\AOI\defect image\RTU_MAIN_TOP\00004652\D1_TC1.jpg,.jpg,5283,2025-12-22 15:18
RTU_MAIN_TOP,4653,D1_LED2.jpg,roi,C:\Users\PC4\Downloads\TUK_PCA\AOI\defect image\RTU_MAIN_TOP\00004653\D1_LED2.jpg,.jpg,2038,2025-12-22 15:19
RTU_MAIN_TOP,4655,D0_J6.jpg,roi,C:\Users\PC4\Downloads\TUK_PCA\AOI\defect image\RTU_MAIN_TOP\00004655\D0_J6.jpg,.jpg,27354,2025-12-22 15:20
RTU_MAIN_TOP,4655,D1_Q1.jpg,roi,C:\Users\PC4\Downloads\TUK_PCA\AOI\defect image\RTU_MAIN_TOP\00004655\D1_Q1.jpg,.jpg,6686,2025-12-22 15:20
RTU_MAIN_TOP,4655,D1_U5.jpg,roi,C:\Users\PC4\Downloads\TUK_PCA\AOI\defect image\RTU_MAIN_TOP\00004655\D1_U5.jpg,.jpg,50065,2025-12-22 15:20
RTU_MAIN_TOP,4656,D0_D1.jpg,roi,C:\Users\PC4\Downloads\TUK_PCA\AOI\defect image\RTU_MAIN_TOP\00004656\D0_D1.jpg,.jpg,2228,2025-12-22 15:21
RTU_MAIN_TOP,4658,D0_J6.jpg,roi,C:\Users\PC4\Downloads\TUK_PCA\AOI\defect image\RTU_MAIN_TOP\00004658\D0_J6.jpg,.jpg,26260,2025-12-22 15:22
RTU_MAIN_TOP,4663,D1_R46.jpg,roi,C:\Users\PC4\Downloads\TUK_PCA\AOI\defect image\RTU_MAIN_TOP\00004663\D1_R46.jpg,.jpg,2325,2025-12-22 15:25
RTU_MAIN_TOP,4664,D0_J6.jpg,roi,C:\Users\PC4\Downloads\TUK_PCA\AOI\defect image\RTU_MAIN_TOP\00004664\D0_J6.jpg,.jpg,27018,2025-12-22 15:26
RTU_MAIN_TOP,4669,D0_J6.jpg,roi,C:\Users\PC4\Downloads\TUK_PCA\AOI\defect image\RTU_MAIN_TOP\00004669\D0_J6.jpg,.jpg,27493,2025-12-22 15:28
RTU_MAIN_TOP,4669,D0_LED1.jpg,roi,C:\Users\PC4\Downloads\TUK_PCA\AOI\defect image\RTU_MAIN_TOP\00004669\D0_LED1.jpg,.jpg,2172,2025-12-22 15:28
RTU_MAIN_TOP,4672,D1_SW1.jpg,roi,C:\Users\PC4\Downloads\TUK_PCA\AOI\defect image\RTU_MAIN_TOP\00004672\D1_SW1.jpg,.jpg,12206,2025-12-22 15:30
RTU_MAIN_TOP,4673,D0_J6.jpg,roi,C:\Users\PC4\Downloads\TUK_PCA\AOI\defect image\RTU_MAIN_TOP\00004673\D0_J6.jpg,.jpg,26694,2025-12-22 15:30
RTU_MAIN_TOP,4674,D0_J6.jpg,roi,C:\Users\PC4\Downloads\TUK_PCA\AOI\defect image\RTU_MAIN_TOP\00004674\D0_J6.jpg,.jpg,27689,2025-12-22 15:31
RTU_MAIN_TOP,4674,D1_J6.jpg,roi,C:\Users\PC4\Downloads\TUK_PCA\AOI\defect image\RTU_MAIN_TOP\00004674\D1_J6.jpg,.jpg,32347,2025-12-22 15:31
RTU_MAIN_TOP,4675,D1_R45.jpg,roi,C:\Users\PC4\Downloads\TUK_PCA\AOI\defect image\RTU_MAIN_TOP\00004675\D1_R45.jpg,.jpg,2418,2025-12-22 15:32
RTU_MAIN_TOP,4678,D1_J6.jpg,roi,C:\Users\PC4\Downloads\TUK_PCA\AOI\defect image\RTU_MAIN_TOP\00004678\D1_J6.jpg,.jpg,30420,2025-12-22 15:35
RTU_MAIN_TOP,4679,D0_J6.jpg,roi,C:\Users\PC4\Downloads\TUK_PCA\AOI\defect image\RTU_MAIN_TOP\00004679\D0_J6.jpg,.jpg,29000,2025-12-22 15:35
RTU_MAIN_TOP,4679,D0_U2.jpg,roi,C:\Users\PC4\Downloads\TUK_PCA\AOI\defect image\RTU_MAIN_TOP\00004679\D0_U2.jpg,.jpg,22688,2025-12-22 15:35
RTU_MAIN_TOP,4679,D1_J6.jpg,roi,C:\Users\PC4\Downloads\TUK_PCA\AOI\defect image\RTU_MAIN_TOP\00004679\D1_J6.jpg,.jpg,32504,2025-12-22 15:35
RTU_MAIN_TOP,4680,D0_J6.jpg,roi,C:\Users\PC4\Downloads\TUK_PCA\AOI\defect image\RTU_MAIN_TOP\00004680\D0_J6.jpg,.jpg,27818,2025-12-22 15:36
RTU_MAIN_TOP,4680,D1_R45.jpg,roi,C:\Users\PC4\Downloads\TUK_PCA\AOI\defect image\RTU_MAIN_TOP\00004680\D1_R45.jpg,.jpg,2408,2025-12-22 15:36
RTU_MAIN_TOP,4680,D1_R46.jpg,roi,C:\Users\PC4\Downloads\TUK_PCA\AOI\defect image\RTU_MAIN_TOP\00004680\D1_R46.jpg,.jpg,2364,2025-12-22 15:36
RTU_MAIN_TOP,4680,D1_J6.jpg,roi,C:\Users\PC4\Downloads\TUK_PCA\AOI\defect image\RTU_MAIN_TOP\00004680\D1_J6.jpg,.jpg,33291,2025-12-22 15:36
RTU_MAIN_TOP,4681,D1_U5.jpg,roi,C:\Users\PC4\Downloads\TUK_PCA\AOI\defect image\RTU_MAIN_TOP\00004681\D1_U5.jpg,.jpg,49731,2025-12-22 15:36
RTU_MAIN_TOP,4682,D1_TC1.jpg,roi,C:\Users\PC4\Downloads\TUK_PCA\AOI\defect image\RTU_MAIN_TOP\00004682\D1_TC1.jpg,.jpg,4988,2025-12-22 15:37
RTU_MAIN_TOP,4683,D0_J6.jpg,roi,C:\Users\PC4\Downloads\TUK_PCA\AOI\defect image\RTU_MAIN_TOP\00004683\D0_J6.jpg,.jpg,27803,2025-12-22 15:37
RTU_MAIN_TOP,4685,D1_R45.jpg,roi,C:\Users\PC4\Downloads\TUK_PCA\AOI\defect image\RTU_MAIN_TOP\00004685\D1_R45.jpg,.jpg,2395,2025-12-22 15:38
RTU_MAIN_TOP,4686,D0_LED2.jpg,roi,C:\Users\PC4\Downloads\TUK_PCA\AOI\defect image\RTU_MAIN_TOP\00004686\D0_LED2.jpg,.jpg,1947,2025-12-22 15:39
RTU_MAIN_TOP,4687,D0_LED2.jpg,roi,C:\Users\PC4\Downloads\TUK_PCA\AOI\defect image\RTU_MAIN_TOP\00004687\D0_LED2.jpg,.jpg,1977,2025-12-22 15:40
RTU_MAIN_TOP,4687,D1_U5.jpg,roi,C:\Users\PC4\Downloads\TUK_PCA\AOI\defect image\RTU_MAIN_TOP\00004687\D1_U5.jpg,.jpg,49372,2025-12-22 15:40
RTU_MAIN_TOP,4688,D1_U5.jpg,roi,C:\Users\PC4\Downloads\TUK_PCA\AOI\defect image\RTU_MAIN_TOP\00004688\D1_U5.jpg,.jpg,49890,2025-12-22 15:41
RTU_MAIN_TOP,4692,G1_LED2.jpg,roi,C:\Users\PC4\Downloads\TUK_PCA\AOI\defect image\RTU_MAIN_TOP\00004692\G1_LED2.jpg,.jpg,1895,2025-12-22 15:42
RTU_MAIN_TOP,4710,G1_TC1.jpg,roi,C:\Users\PC4\Downloads\TUK_PCA\AOI\defect image\RTU_MAIN_TOP\00004710\G1_TC1.jpg,.jpg,5331,2025-12-22 15:42
RTU_MAIN_TOP,4717,G0_LED2.jpg,roi,C:\Users\PC4\Downloads\TUK_PCA\AOI\defect image\RTU_MAIN_TOP\00004717\G0_LED2.jpg,.jpg,1964,2025-12-22 15:42
RTU_MAIN_TOP,4719,G1_LED2.jpg,roi,C:\Users\PC4\Downloads\TUK_PCA\AOI\defect image\RTU_MAIN_TOP\00004719\G1_LED2.jpg,.jpg,1895,2025-12-22 15:42
RTU_MAIN_TOP,4733,G1_TC1.jpg,roi,C:\Users\PC4\Downloads\TUK_PCA\AOI\defect image\RTU_MAIN_TOP\00004733\G1_TC1.jpg,.jpg,5331,2025-12-22 15:42
RTU_MAIN_TOP,4749,G1_R6.jpg,roi,C:\Users\PC4\Downloads\TUK_PCA\AOI\defect image\RTU_MAIN_TOP\00004749\G1_R6.jpg,.jpg,2230,2025-12-22 15:42
RTU_MAIN_TOP,4768,G1_TC1.jpg,roi,C:\Users\PC4\Downloads\TUK_PCA\AOI\defect image\RTU_MAIN_TOP\00004768\G1_TC1.jpg,.jpg,5331,2025-12-22 15:42
RTU_MAIN_TOP,4774,G0_LED2.jpg,roi,C:\Users\PC4\Downloads\TUK_PCA\AOI\defect image\RTU_MAIN_TOP\00004774\G0_LED2.jpg,.jpg,1964,2025-12-22 15:42
RTU_MAIN_TOP,4785,G0_SW1.jpg,roi,C:\Users\PC4\Downloads\TUK_PCA\AOI\defect image\RTU_MAIN_TOP\00004785\G0_SW1.jpg,.jpg,10810,2025-12-22 15:42
RTU_MAIN_TOP,4802,G1_LED1.jpg,roi,C:\Users\PC4\Downloads\TUK_PCA\AOI\defect image\RTU_MAIN_TOP\00004802\G1_LED1.jpg,.jpg,2140,2025-12-22 15:42
RTU_MAIN_TOP,4808,G0_LED2.jpg,roi,C:\Users\PC4\Downloads\TUK_PCA\AOI\defect image\RTU_MAIN_TOP\00004808\G0_LED2.jpg,.jpg,1964,2025-12-22 15:42
RTU_MAIN_TOP,4842,G1_LED2.jpg,roi,C:\Users\PC4\Downloads\TUK_PCA\AOI\defect image\RTU_MAIN_TOP\00004842\G1_LED2.jpg,.jpg,1895,2025-12-22 15:42
RTU_MAIN_TOP,4848,G1_LED1.jpg,roi,C:\Users\PC4\Downloads\TUK_PCA\AOI\defect image\RTU_MAIN_TOP\00004848\G1_LED1.jpg,.jpg,2140,2025-12-22 15:42
RTU_MAIN_TOP,4867,G0_D2.jpg,roi,C:\Users\PC4\Downloads\TUK_PCA\AOI\defect image\RTU_MAIN_TOP\00004867\G0_D2.jpg,.jpg,4322,2025-12-22 15:42
RTU_MAIN_TOP,4923,G1_LED2.jpg,roi,C:\Users\PC4\Downloads\TUK_PCA\AOI\defect image\RTU_MAIN_TOP\00004923\G1_LED2.jpg,.jpg,1895,2025-12-22 15:42
RTU_MAIN_TOP,4927,G1_TC1.jpg,roi,C:\Users\PC4\Downloads\TUK_PCA\AOI\defect image\RTU_MAIN_TOP\00004927\G1_TC1.jpg,.jpg,5331,2025-12-22 15:42
RTU_MAIN_TOP,4933,G1_LED1.jpg,roi,C:\Users\PC4\Downloads\TUK_PCA\AOI\defect image\RTU_MAIN_TOP\00004933\G1_LED1.jpg,.jpg,2140,2025-12-22 15:42
RTU_MAIN_TOP,4991,G1_LED2.jpg,roi,C:\Users\PC4\Downloads\TUK_PCA\AOI\defect image\RTU_MAIN_TOP\00004991\G1_LED2.jpg,.jpg,1895,2025-12-22 15:42
RTU_MAIN_TOP,4993,G1_LED1.jpg,roi,C:\Users\PC4\Downloads\TUK_PCA\AOI\defect image\RTU_MAIN_TOP\00004993\G1_LED1.jpg,.jpg,2140,2025-12-22 15:42
RTU_MAIN_TOP,5004,G1_Y1.jpg,roi,C:\Users\PC4\Downloads\TUK_PCA\AOI\defect image\RTU_MAIN_TOP\00005004\G1_Y1.jpg,.jpg,6944,2025-12-22 15:42
RTU_MAIN_TOP,5023,G1_TC1.jpg,roi,C:\Users\PC4\Downloads\TUK_PCA\AOI\defect image\RTU_MAIN_TOP\00005023\G1_TC1.jpg,.jpg,5331,2025-12-22 15:42
RTU_MAIN_TOP,5045,G0_D2.jpg,roi,C:\Users\PC4\Downloads\TUK_PCA\AOI\defect image\RTU_MAIN_TOP\00005045\G0_D2.jpg,.jpg,4322,2025-12-22 15:42
RTU_MAIN_TOP,5045,G0_LED2.jpg,roi,C:\Users\PC4\Downloads\TUK_PCA\AOI\defect image\RTU_MAIN_TOP\00005045\G0_LED2.jpg,.jpg,1964,2025-12-22 15:42
RTU_MAIN_TOP,5063,G0_TC1.jpg,roi,C:\Users\PC4\Downloads\TUK_PCA\AOI\defect image\RTU_MAIN_TOP\00005063\G0_TC1.jpg,.jpg,5231,2025-12-22 15:42
RTU_MAIN_TOP,5151,G0_LED1.jpg,roi,C:\Users\PC4\Downloads\TUK_PCA\AOI\defect image\RTU_MAIN_TOP\00005151\G0_LED1.jpg,.jpg,2188,2025-12-22 15:42
RTU_MAIN_TOP,5209,G0_LED2.jpg,roi,C:\Users\PC4\Downloads\TUK_PCA\AOI\defect image\RTU_MAIN_TOP\00005209\G0_LED2.jpg,.jpg,1964,2025-12-22 15:42
RTU_MAIN_TOP,5235,G0_LED2.jpg,roi,C:\Users\PC4\Downloads\TUK_PCA\AOI\defect image\RTU_MAIN_TOP\00005235\G0_LED2.jpg,.jpg,1964,2025-12-22 15:42
RTU_MAIN_TOP,5242,G0_LED1.jpg,roi,C:\Users\PC4\Downloads\TUK_PCA\AOI\defect image\RTU_MAIN_TOP\00005242\G0_LED1.jpg,.jpg,2188,2025-12-22 15:42
RTU_MAIN_TOP,5242,G0_LED2.jpg,roi,C:\Users\PC4\Downloads\TUK_PCA\AOI\defect image\RTU_MAIN_TOP\00005242\G0_LED2.jpg,.jpg,1964,2025-12-22 15:42
RTU_MAIN_TOP,5270,G0_LED2.jpg,roi,C:\Users\PC4\Downloads\TUK_PCA\AOI\defect image\RTU_MAIN_TOP\00005270\G0_LED2.jpg,.jpg,1964,2025-12-22 15:42
RTU_MAIN_TOP,5316,G1_LED2.jpg,roi,C:\Users\PC4\Downloads\TUK_PCA\AOI\defect image\RTU_MAIN_TOP\00005316\G1_LED2.jpg,.jpg,1895,2025-12-22 15:42
RTU_MAIN_TOP,5320,G0_LED2.jpg,roi,C:\Users\PC4\Downloads\TUK_PCA\AOI\defect image\RTU_MAIN_TOP\00005320\G0_LED2.jpg,.jpg,1964,2025-12-22 15:42
RTU_MAIN_TOP,5334,G1_LED2.jpg,roi,C:\Users\PC4\Downloads\TUK_PCA\AOI\defect image\RTU_MAIN_TOP\00005334\G1_LED2.jpg,.jpg,1895,2025-12-22 15:42
RTU_MAIN_TOP,5345,G1_LED2.jpg,roi,C:\Users\PC4\Downloads\TUK_PCA\AOI\defect image\RTU_MAIN_TOP\00005345\G1_LED2.jpg,.jpg,1895,2025-12-22 15:42
RTU_MAIN_TOP,5361,G1_LED2.jpg,roi,C:\Users\PC4\Downloads\TUK_PCA\AOI\defect image\RTU_MAIN_TOP\00005361\G1_LED2.jpg,.jpg,1895,2025-12-22 15:42
RTU_MAIN_TOP,5361,G1_Y1.jpg,roi,C:\Users\PC4\Downloads\TUK_PCA\AOI\defect image\RTU_MAIN_TOP\00005361\G1_Y1.jpg,.jpg,6944,2025-12-22 15:42
RTU_MAIN_TOP,5386,G0_LED2.jpg,roi,C:\Users\PC4\Downloads\TUK_PCA\AOI\defect image\RTU_MAIN_TOP\00005386\G0_LED2.jpg,.jpg,1964,2025-12-22 15:42
RTU_MAIN_TOP,5389,G0_LED2.jpg,roi,C:\Users\PC4\Downloads\TUK_PCA\AOI\defect image\RTU_MAIN_TOP\00005389\G0_LED2.jpg,.jpg,1964,2025-12-22 15:42
RTU_MAIN_TOP,5400,G0_LED1.jpg,roi,C:\Users\PC4\Downloads\TUK_PCA\AOI\defect image\RTU_MAIN_TOP\00005400\G0_LED1.jpg,.jpg,2188,2025-12-22 15:42
RTU_MAIN_TOP,5408,G1_D2.jpg,roi,C:\Users\PC4\Downloads\TUK_PCA\AOI\defect image\RTU_MAIN_TOP\00005408\G1_D2.jpg,.jpg,4397,2025-12-22 15:42
RTU_MAIN_TOP,5427,G0_LED2.jpg,roi,C:\Users\PC4\Downloads\TUK_PCA\AOI\defect image\RTU_MAIN_TOP\00005427\G0_LED2.jpg,.jpg,1964,2025-12-22 15:42
RTU_MAIN_TOP,5440,G0_D2.jpg,roi,C:\Users\PC4\Downloads\TUK_PCA\AOI\defect image\RTU_MAIN_TOP\00005440\G0_D2.jpg,.jpg,4322,2025-12-22 15:42
RTU_MAIN_TOP,5480,G1_D2.jpg,roi,C:\Users\PC4\Downloads\TUK_PCA\AOI\defect image\RTU_MAIN_TOP\00005480\G1_D2.jpg,.jpg,4397,2025-12-22 15:42
RTU_MAIN_TOP,5491,G0_LED2.jpg,roi,C:\Users\PC4\Downloads\TUK_PCA\AOI\defect image\RTU_MAIN_TOP\00005491\G0_LED2.jpg,.jpg,1964,2025-12-22 15:42
RTU_MAIN_TOP,5510,G1_LED1.jpg,roi,C:\Users\PC4\Downloads\TUK_PCA\AOI\defect image\RTU_MAIN_TOP\00005510\G1_LED1.jpg,.jpg,2140,2025-12-22 15:42
RTU_MAIN_TOP,5532,G1_TC1.jpg,roi,C:\Users\PC4\Downloads\TUK_PCA\AOI\defect image\RTU_MAIN_TOP\00005532\G1_TC1.jpg,.jpg,5331,2025-12-22 15:42
RTU_MAIN_TOP,5538,G1_TC1.jpg,roi,C:\Users\PC4\Downloads\TUK_PCA\AOI\defect image\RTU_MAIN_TOP\00005538\G1_TC1.jpg,.jpg,5331,2025-12-22 15:42
RTU_MAIN_TOP,5555,G1_TC1.jpg,roi,C:\Users\PC4\Downloads\TUK_PCA\AOI\defect image\RTU_MAIN_TOP\00005555\G1_TC1.jpg,.jpg,5331,2025-12-22 15:42
RTU_MAIN_TOP,5570,G0_D2.jpg,roi,C:\Users\PC4\Downloads\TUK_PCA\AOI\defect image\RTU_MAIN_TOP\00005570\G0_D2.jpg,.jpg,4322,2025-12-22 15:42
RTU_MAIN_TOP,5592,G1_LED1.jpg,roi,C:\Users\PC4\Downloads\TUK_PCA\AOI\defect image\RTU_MAIN_TOP\00005592\G1_LED1.jpg,.jpg,2140,2025-12-22 15:42
RTU_MAIN_TOP,5609,G1_SW1.jpg,roi,C:\Users\PC4\Downloads\TUK_PCA\AOI\defect image\RTU_MAIN_TOP\00005609\G1_SW1.jpg,.jpg,11370,2025-12-22 15:42
RTU_MAIN_TOP,5625,G0_LED2.jpg,roi,C:\Users\PC4\Downloads\TUK_PCA\AOI\defect image\RTU_MAIN_TOP\00005625\G0_LED2.jpg,.jpg,1964,2025-12-22 15:42
RTU_MAIN_TOP,5646,G1_SW1.jpg,roi,C:\Users\PC4\Downloads\TUK_PCA\AOI\defect image\RTU_MAIN_TOP\00005646\G1_SW1.jpg,.jpg,11370,2025-12-22 15:42
RTU_MAIN_TOP,5691,G0_LED2.jpg,roi,C:\Users\PC4\Downloads\TUK_PCA\AOI\defect image\RTU_MAIN_TOP\00005691\G0_LED2.jpg,.jpg,1964,2025-12-22 15:42
RTU_MAIN_TOP,5699,G1_TC1.jpg,roi,C:\Users\PC4\Downloads\TUK_PCA\AOI\defect image\RTU_MAIN_TOP\00005699\G1_TC1.jpg,.jpg,5331,2025-12-22 15:42
RTU_MAIN_TOP,5701,G0_LED2.jpg,roi,C:\Users\PC4\Downloads\TUK_PCA\AOI\defect image\RTU_MAIN_TOP\00005701\G0_LED2.jpg,.jpg,1964,2025-12-22 15:42
RTU_MAIN_TOP,5720,G1_LED2.jpg,roi,C:\Users\PC4\Downloads\TUK_PCA\AOI\defect image\RTU_MAIN_TOP\00005720\G1_LED2.jpg,.jpg,1895,2025-12-22 15:42
RTU_MAIN_TOP,5772,G1_TC1.jpg,roi,C:\Users\PC4\Downloads\TUK_PCA\AOI\defect image\RTU_MAIN_TOP\00005772\G1_TC1.jpg,.jpg,5331,2025-12-22 15:42
RTU_MAIN_TOP,5781,G1_R6.jpg,roi,C:\Users\PC4\Downloads\TUK_PCA\AOI\defect image\RTU_MAIN_TOP\00005781\G1_R6.jpg,.jpg,2230,2025-12-22 15:42
RTU_MAIN_TOP,5856,G1_SW1.jpg,roi,C:\Users\PC4\Downloads\TUK_PCA\AOI\defect image\RTU_MAIN_TOP\00005856\G1_SW1.jpg,.jpg,11370,2025-12-22 15:42
RTU_MAIN_TOP,5882,G1_D2.jpg,roi,C:\Users\PC4\Downloads\TUK_PCA\AOI\defect image\RTU_MAIN_TOP\00005882\G1_D2.jpg,.jpg,4397,2025-12-22 15:42
RTU_MAIN_TOP,5935,G1_D2.jpg,roi,C:\Users\PC4\Downloads\TUK_PCA\AOI\defect image\RTU_MAIN_TOP\00005935\G1_D2.jpg,.jpg,4397,2025-12-22 15:42
RTU_MAIN_TOP,5959,G1_D2.jpg,roi,C:\Users\PC4\Downloads\TUK_PCA\AOI\defect image\RTU_MAIN_TOP\00005959\G1_D2.jpg,.jpg,4397,2025-12-22 15:42
RTU_MAIN_TOP,5969,G1_D2.jpg,roi,C:\Users\PC4\Downloads\TUK_PCA\AOI\defect image\RTU_MAIN_TOP\00005969\G1_D2.jpg,.jpg,4397,2025-12-22 15:42
RTU_MAIN_TOP,6009,G1_TC1.jpg,roi,C:\Users\PC4\Downloads\TUK_PCA\AOI\defect image\RTU_MAIN_TOP\00006009\G1_TC1.jpg,.jpg,5331,2025-12-22 15:42
RTU_MAIN_TOP,6062,G0_LED1.jpg,roi,C:\Users\PC4\Downloads\TUK_PCA\AOI\defect image\RTU_MAIN_TOP\00006062\G0_LED1.jpg,.jpg,2188,2025-12-22 15:42
RTU_MAIN_TOP,6085,G0_LED2.jpg,roi,C:\Users\PC4\Downloads\TUK_PCA\AOI\defect image\RTU_MAIN_TOP\00006085\G0_LED2.jpg,.jpg,1964,2025-12-22 15:42
RTU_MAIN_TOP,6097,G1_TC1.jpg,roi,C:\Users\PC4\Downloads\TUK_PCA\AOI\defect image\RTU_MAIN_TOP\00006097\G1_TC1.jpg,.jpg,5331,2025-12-22 15:42
RTU_MAIN_TOP,6138,G0_D2.jpg,roi,C:\Users\PC4\Downloads\TUK_PCA\AOI\defect image\RTU_MAIN_TOP\00006138\G0_D2.jpg,.jpg,4322,2025-12-22 15:42
RTU_MAIN_TOP,4717,G1_Q1.jpg,roi,C:\Users\PC4\Downloads\TUK_PCA\AOI\defect image\RTU_MAIN_TOP\00004717\G1_Q1.jpg,.jpg,6527,2025-12-22 15:42
RTU_MAIN_TOP,4725,G0_Q4.jpg,roi,C:\Users\PC4\Downloads\TUK_PCA\AOI\defect image\RTU_MAIN_TOP\00004725\G0_Q4.jpg,.jpg,6652,2025-12-22 15:42
RTU_MAIN_TOP,4747,G1_R10.jpg,roi,C:\Users\PC4\Downloads\TUK_PCA\AOI\defect image\RTU_MAIN_TOP\00004747\G1_R10.jpg,.jpg,2271,2025-12-22 15:42
RTU_MAIN_TOP,4747,G1_R63.jpg,roi,C:\Users\PC4\Downloads\TUK_PCA\AOI\defect image\RTU_MAIN_TOP\00004747\G1_R63.jpg,.jpg,2289,2025-12-22 15:42
RTU_MAIN_TOP,4748,G0_R13.jpg,roi,C:\Users\PC4\Downloads\TUK_PCA\AOI\defect image\RTU_MAIN_TOP\00004748\G0_R13.jpg,.jpg,2258,2025-12-22 15:42
RTU_MAIN_TOP,4750,G0_R6.jpg,roi,C:\Users\PC4\Downloads\TUK_PCA\AOI\defect image\RTU_MAIN_TOP\00004750\G0_R6.jpg,.jpg,2255,2025-12-22 15:42
RTU_MAIN_TOP,4771,G0_Q1.jpg,roi,C:\Users\PC4\Downloads\TUK_PCA\AOI\defect image\RTU_MAIN_TOP\00004771\G0_Q1.jpg,.jpg,6500,2025-12-22 15:42
RTU_MAIN_TOP,4792,G1_D8.jpg,roi,C:\Users\PC4\Downloads\TUK_PCA\AOI\defect image\RTU_MAIN_TOP\00004792\G1_D8.jpg,.jpg,5303,2025-12-22 15:42
RTU_MAIN_TOP,4828,G0_Q1.jpg,roi,C:\Users\PC4\Downloads\TUK_PCA\AOI\defect image\RTU_MAIN_TOP\00004828\G0_Q1.jpg,.jpg,6500,2025-12-22 15:42
RTU_MAIN_TOP,4834,G1_D9.jpg,roi,C:\Users\PC4\Downloads\TUK_PCA\AOI\defect image\RTU_MAIN_TOP\00004834\G1_D9.jpg,.jpg,4032,2025-12-22 15:42
RTU_MAIN_TOP,4903,G1_D9.jpg,roi,C:\Users\PC4\Downloads\TUK_PCA\AOI\defect image\RTU_MAIN_TOP\00004903\G1_D9.jpg,.jpg,4032,2025-12-22 15:42
RTU_MAIN_TOP,4938,G1_FB3.jpg,roi,C:\Users\PC4\Downloads\TUK_PCA\AOI\defect image\RTU_MAIN_TOP\00004938\G1_FB3.jpg,.jpg,1790,2025-12-22 15:42
RTU_MAIN_TOP,5019,G1_C42.jpg,roi,C:\Users\PC4\Downloads\TUK_PCA\AOI\defect image\RTU_MAIN_TOP\00005019\G1_C42.jpg,.jpg,2077,2025-12-22 15:42
RTU_MAIN_TOP,5019,G1_FB5.jpg,roi,C:\Users\PC4\Downloads\TUK_PCA\AOI\defect image\RTU_MAIN_TOP\00005019\G1_FB5.jpg,.jpg,1780,2025-12-22 15:42
RTU_MAIN_TOP,5027,G0_R5.jpg,roi,C:\Users\PC4\Downloads\TUK_PCA\AOI\defect image\RTU_MAIN_TOP\00005027\G0_R5.jpg,.jpg,2568,2025-12-22 15:42
RTU_MAIN_TOP,5049,G1_FB3.jpg,roi,C:\Users\PC4\Downloads\TUK_PCA\AOI\defect image\RTU_MAIN_TOP\00005049\G1_FB3.jpg,.jpg,1790,2025-12-22 15:42
RTU_MAIN_TOP,5088,G1_FB5.jpg,roi,C:\Users\PC4\Downloads\TUK_PCA\AOI\defect image\RTU_MAIN_TOP\00005088\G1_FB5.jpg,.jpg,1780,2025-12-22 15:42
RTU_MAIN_TOP,5099,G1_C17.jpg,roi,C:\Users\PC4\Downloads\TUK_PCA\AOI\defect image\RTU_MAIN_TOP\00005099\G1_C17.jpg,.jpg,1790,2025-12-22 15:42
RTU_MAIN_TOP,5108,G1_D9.jpg,roi,C:\Users\PC4\Downloads\TUK_PCA\AOI\defect image\RTU_MAIN_TOP\00005108\G1_D9.jpg,.jpg,4032,2025-12-22 15:42
RTU_MAIN_TOP,5113,G1_R63.jpg,roi,C:\Users\PC4\Downloads\TUK_PCA\AOI\defect image\RTU_MAIN_TOP\00005113\G1_R63.jpg,.jpg,2289,2025-12-22 15:42
RTU_MAIN_TOP,5142,G0_C42.jpg,roi,C:\Users\PC4\Downloads\TUK_PCA\AOI\defect image\RTU_MAIN_TOP\00005142\G0_C42.jpg,.jpg,2061,2025-12-22 15:42
RTU_MAIN_TOP,5142,G0_R63.jpg,roi,C:\Users\PC4\Downloads\TUK_PCA\AOI\defect image\RTU_MAIN_TOP\00005142\G0_R63.jpg,.jpg,2362,2025-12-22 15:42
RTU_MAIN_TOP,5258,G1_D9.jpg,roi,C:\Users\PC4\Downloads\TUK_PCA\AOI\defect image\RTU_MAIN_TOP\00005258\G1_D9.jpg,.jpg,4032,2025-12-22 15:42
RTU_MAIN_TOP,5282,G0_Q4.jpg,roi,C:\Users\PC4\Downloads\TUK_PCA\AOI\defect image\RTU_MAIN_TOP\00005282\G0_Q4.jpg,.jpg,6652,2025-12-22 15:42
RTU_MAIN_TOP,5324,G1_Q1.jpg,roi,C:\Users\PC4\Downloads\TUK_PCA\AOI\defect image\RTU_MAIN_TOP\00005324\G1_Q1.jpg,.jpg,6527,2025-12-22 15:42
RTU_MAIN_TOP,5329,G1_Q1.jpg,roi,C:\Users\PC4\Downloads\TUK_PCA\AOI\defect image\RTU_MAIN_TOP\00005329\G1_Q1.jpg,.jpg,6527,2025-12-22 15:42
RTU_MAIN_TOP,5334,G0_R5.jpg,roi,C:\Users\PC4\Downloads\TUK_PCA\AOI\defect image\RTU_MAIN_TOP\00005334\G0_R5.jpg,.jpg,2568,2025-12-22 15:42
RTU_MAIN_TOP,5374,G0_Q1.jpg,roi,C:\Users\PC4\Downloads\TUK_PCA\AOI\defect image\RTU_MAIN_TOP\00005374\G0_Q1.jpg,.jpg,6500,2025-12-22 15:42
RTU_MAIN_TOP,5390,G1_D9.jpg,roi,C:\Users\PC4\Downloads\TUK_PCA\AOI\defect image\RTU_MAIN_TOP\00005390\G1_D9.jpg,.jpg,4032,2025-12-22 15:42
RTU_MAIN_TOP,5402,G0_Q1.jpg,roi,C:\Users\PC4\Downloads\TUK_PCA\AOI\defect image\RTU_MAIN_TOP\00005402\G0_Q1.jpg,.jpg,6500,2025-12-22 15:42
RTU_MAIN_TOP,5410,G0_D9.jpg,roi,C:\Users\PC4\Downloads\TUK_PCA\AOI\defect image\RTU_MAIN_TOP\00005410\G0_D9.jpg,.jpg,4127,2025-12-22 15:42
RTU_MAIN_TOP,5433,G1_D9.jpg,roi,C:\Users\PC4\Downloads\TUK_PCA\AOI\defect image\RTU_MAIN_TOP\00005433\G1_D9.jpg,.jpg,4032,2025-12-22 15:42
RTU_MAIN_TOP,5455,G1_Q1.jpg,roi,C:\Users\PC4\Downloads\TUK_PCA\AOI\defect image\RTU_MAIN_TOP\00005455\G1_Q1.jpg,.jpg,6527,2025-12-22 15:42
RTU_MAIN_TOP,5476,G0_D9.jpg,roi,C:\Users\PC4\Downloads\TUK_PCA\AOI\defect image\RTU_MAIN_TOP\00005476\G0_D9.jpg,.jpg,4127,2025-12-22 15:42
RTU_MAIN_TOP,5500,G1_Q1.jpg,roi,C:\Users\PC4\Downloads\TUK_PCA\AOI\defect image\RTU_MAIN_TOP\00005500\G1_Q1.jpg,.jpg,6527,2025-12-22 15:42
RTU_MAIN_TOP,5514,G0_R63.jpg,roi,C:\Users\PC4\Downloads\TUK_PCA\AOI\defect image\RTU_MAIN_TOP\00005514\G0_R63.jpg,.jpg,2362,2025-12-22 15:42
RTU_MAIN_TOP,5520,G1_Q1.jpg,roi,C:\Users\PC4\Downloads\TUK_PCA\AOI\defect image\RTU_MAIN_TOP\00005520\G1_Q1.jpg,.jpg,6527,2025-12-22 15:42
RTU_MAIN_TOP,5529,G0_Q4.jpg,roi,C:\Users\PC4\Downloads\TUK_PCA\AOI\defect image\RTU_MAIN_TOP\00005529\G0_Q4.jpg,.jpg,6652,2025-12-22 15:42
RTU_MAIN_TOP,5531,G1_D9.jpg,roi,C:\Users\PC4\Downloads\TUK_PCA\AOI\defect image\RTU_MAIN_TOP\00005531\G1_D9.jpg,.jpg,4032,2025-12-22 15:42
RTU_MAIN_TOP,5559,G1_D9.jpg,roi,C:\Users\PC4\Downloads\TUK_PCA\AOI\defect image\RTU_MAIN_TOP\00005559\G1_D9.jpg,.jpg,4032,2025-12-22 15:42
RTU_MAIN_TOP,5565,G1_Q1.jpg,roi,C:\Users\PC4\Downloads\TUK_PCA\AOI\defect image\RTU_MAIN_TOP\00005565\G1_Q1.jpg,.jpg,6527,2025-12-22 15:42
RTU_MAIN_TOP,5600,G0_R5.jpg,roi,C:\Users\PC4\Downloads\TUK_PCA\AOI\defect image\RTU_MAIN_TOP\00005600\G0_R5.jpg,.jpg,2568,2025-12-22 15:42
RTU_MAIN_TOP,5655,G1_R5.jpg,roi,C:\Users\PC4\Downloads\TUK_PCA\AOI\defect image\RTU_MAIN_TOP\00005655\G1_R5.jpg,.jpg,2598,2025-12-22 15:42
RTU_MAIN_TOP,5668,G1_Q1.jpg,roi,C:\Users\PC4\Downloads\TUK_PCA\AOI\defect image\RTU_MAIN_TOP\00005668\G1_Q1.jpg,.jpg,6527,2025-12-22 15:42
RTU_MAIN_TOP,5677,G0_R5.jpg,roi,C:\Users\PC4\Downloads\TUK_PCA\AOI\defect image\RTU_MAIN_TOP\00005677\G0_R5.jpg,.jpg,2568,2025-12-22 15:42
RTU_MAIN_TOP,5689,G1_D15.jpg,roi,C:\Users\PC4\Downloads\TUK_PCA\AOI\defect image\RTU_MAIN_TOP\00005689\G1_D15.jpg,.jpg,3555,2025-12-22 15:42
RTU_MAIN_TOP,5693,G1_D9.jpg,roi,C:\Users\PC4\Downloads\TUK_PCA\AOI\defect image\RTU_MAIN_TOP\00005693\G1_D9.jpg,.jpg,4032,2025-12-22 15:42
RTU_MAIN_TOP,5695,G1_Q1.jpg,roi,C:\Users\PC4\Downloads\TUK_PCA\AOI\defect image\RTU_MAIN_TOP\00005695\G1_Q1.jpg,.jpg,6527,2025-12-22 15:42
RTU_MAIN_TOP,5707,G1_R63.jpg,roi,C:\Users\PC4\Downloads\TUK_PCA\AOI\defect image\RTU_MAIN_TOP\00005707\G1_R63.jpg,.jpg,2289,2025-12-22 15:42
RTU_MAIN_TOP,5726,G1_D9.jpg,roi,C:\Users\PC4\Downloads\TUK_PCA\AOI\defect image\RTU_MAIN_TOP\00005726\G1_D9.jpg,.jpg,4032,2025-12-22 15:42
RTU_MAIN_TOP,5731,G1_D16.jpg,roi,C:\Users\PC4\Downloads\TUK_PCA\AOI\defect image\RTU_MAIN_TOP\00005731\G1_D16.jpg,.jpg,3575,2025-12-22 15:42
RTU_MAIN_TOP,5756,G0_FB5.jpg,roi,C:\Users\PC4\Downloads\TUK_PCA\AOI\defect image\RTU_MAIN_TOP\00005756\G0_FB5.jpg,.jpg,1752,2025-12-22 15:42
RTU_MAIN_TOP,5871,G0_D9.jpg,roi,C:\Users\PC4\Downloads\TUK_PCA\AOI\defect image\RTU_MAIN_TOP\00005871\G0_D9.jpg,.jpg,4127,2025-12-22 15:42
RTU_MAIN_TOP,5881,G1_D9.jpg,roi,C:\Users\PC4\Downloads\TUK_PCA\AOI\defect image\RTU_MAIN_TOP\00005881\G1_D9.jpg,.jpg,4032,2025-12-22 15:42
RTU_MAIN_TOP,5909,G0_D9.jpg,roi,C:\Users\PC4\Downloads\TUK_PCA\AOI\defect image\RTU_MAIN_TOP\00005909\G0_D9.jpg,.jpg,4127,2025-12-22 15:42
RTU_MAIN_TOP,5977,G1_D9.jpg,roi,C:\Users\PC4\Downloads\TUK_PCA\AOI\defect image\RTU_MAIN_TOP\00005977\G1_D9.jpg,.jpg,4032,2025-12-22 15:42
RTU_MAIN_TOP,5997,G1_R63.jpg,roi,C:\Users\PC4\Downloads\TUK_PCA\AOI\defect image\RTU_MAIN_TOP\00005997\G1_R63.jpg,.jpg,2289,2025-12-22 15:42
RTU_MAIN_TOP,6049,G1_R5.jpg,roi,C:\Users\PC4\Downloads\TUK_PCA\AOI\defect image\RTU_MAIN_TOP\00006049\G1_R5.jpg,.jpg,2598,2025-12-22 15:42
RTU_MAIN_TOP,6081,G1_D9.jpg,roi,C:\Users\PC4\Downloads\TUK_PCA\AOI\defect image\RTU_MAIN_TOP\00006081\G1_D9.jpg,.jpg,4032,2025-12-22 15:42
RTU_MAIN_TOP,6084,G1_Q1.jpg,roi,C:\Users\PC4\Downloads\TUK_PCA\AOI\defect image\RTU_MAIN_TOP\00006084\G1_Q1.jpg,.jpg,6527,2025-12-22 15:42
RTU_MAIN_TOP,6117,G0_C42.jpg,roi,C:\Users\PC4\Downloads\TUK_PCA\AOI\defect image\RTU_MAIN_TOP\00006117\G0_C42.jpg,.jpg,2061,2025-12-22 15:42
RTU_MAIN_TOP,6122,G1_Q1.jpg,roi,C:\Users\PC4\Downloads\TUK_PCA\AOI\defect image\RTU_MAIN_TOP\00006122\G1_Q1.jpg,.jpg,6527,2025-12-22 15:42
RTU_MAIN_TOP,6125,G0_Q1.jpg,roi,C:\Users\PC4\Downloads\TUK_PCA\AOI\defect image\RTU_MAIN_TOP\00006125\G0_Q1.jpg,.jpg,6500,2025-12-22 15:42
RTU_MAIN_TOP,6132,G1_D9.jpg,roi,C:\Users\PC4\Downloads\TUK_PCA\AOI\defect image\RTU_MAIN_TOP\00006132\G1_D9.jpg,.jpg,4032,2025-12-22 15:42
RTU_MAIN_TOP,4689,G1_U5.jpg,roi,C:\Users\PC4\Downloads\TUK_PCA\AOI\defect image\RTU_MAIN_TOP\00004689\G1_U5.jpg,.jpg,46915,2025-12-22 15:42
RTU_MAIN_TOP,4694,G0_J6.jpg,roi,C:\Users\PC4\Downloads\TUK_PCA\AOI\defect image\RTU_MAIN_TOP\00004694\G0_J6.jpg,.jpg,18531,2025-12-22 15:42
RTU_MAIN_TOP,4700,G0_R45.jpg,roi,C:\Users\PC4\Downloads\TUK_PCA\AOI\defect image\RTU_MAIN_TOP\00004700\G0_R45.jpg,.jpg,2266,2025-12-22 15:42
RTU_MAIN_TOP,4700,G1_R45.jpg,roi,C:\Users\PC4\Downloads\TUK_PCA\AOI\defect image\RTU_MAIN_TOP\00004700\G1_R45.jpg,.jpg,2310,2025-12-22 15:42
RTU_MAIN_TOP,4705,G0_J6.jpg,roi,C:\Users\PC4\Downloads\TUK_PCA\AOI\defect image\RTU_MAIN_TOP\00004705\G0_J6.jpg,.jpg,18531,2025-12-22 15:42
RTU_MAIN_TOP,4707,G0_J6.jpg,roi,C:\Users\PC4\Downloads\TUK_PCA\AOI\defect image\RTU_MAIN_TOP\00004707\G0_J6.jpg,.jpg,18531,2025-12-22 15:42
RTU_MAIN_TOP,4709,G0_J6.jpg,roi,C:\Users\PC4\Downloads\TUK_PCA\AOI\defect image\RTU_MAIN_TOP\00004709\G0_J6.jpg,.jpg,18531,2025-12-22 15:42
RTU_MAIN_TOP,4733,G0_J6.jpg,roi,C:\Users\PC4\Downloads\TUK_PCA\AOI\defect image\RTU_MAIN_TOP\00004733\G0_J6.jpg,.jpg,18531,2025-12-22 15:42
RTU_MAIN_TOP,4737,G0_J6.jpg,roi,C:\Users\PC4\Downloads\TUK_PCA\AOI\defect image\RTU_MAIN_TOP\00004737\G0_J6.jpg,.jpg,18531,2025-12-22 15:42
RTU_MAIN_TOP,4747,G1_R61.jpg,roi,C:\Users\PC4\Downloads\TUK_PCA\AOI\defect image\RTU_MAIN_TOP\00004747\G1_R61.jpg,.jpg,2356,2025-12-22 15:42
RTU_MAIN_TOP,4749,G0_R61.jpg,roi,C:\Users\PC4\Downloads\TUK_PCA\AOI\defect image\RTU_MAIN_TOP\00004749\G0_R61.jpg,.jpg,2412,2025-12-22 15:42
RTU_MAIN_TOP,4757,G1_U5.jpg,roi,C:\Users\PC4\Downloads\TUK_PCA\AOI\defect image\RTU_MAIN_TOP\00004757\G1_U5.jpg,.jpg,46915,2025-12-22 15:42
RTU_MAIN_TOP,4758,G1_U5.jpg,roi,C:\Users\PC4\Downloads\TUK_PCA\AOI\defect image\RTU_MAIN_TOP\00004758\G1_U5.jpg,.jpg,46915,2025-12-22 15:42
RTU_MAIN_TOP,4762,G1_U2.jpg,roi,C:\Users\PC4\Downloads\TUK_PCA\AOI\defect image\RTU_MAIN_TOP\00004762\G1_U2.jpg,.jpg,23479,2025-12-22 15:42
RTU_MAIN_TOP,4763,G0_J6.jpg,roi,C:\Users\PC4\Downloads\TUK_PCA\AOI\defect image\RTU_MAIN_TOP\00004763\G0_J6.jpg,.jpg,18531,2025-12-22 15:42
RTU_MAIN_TOP,4766,G0_J6.jpg,roi,C:\Users\PC4\Downloads\TUK_PCA\AOI\defect image\RTU_MAIN_TOP\00004766\G0_J6.jpg,.jpg,18531,2025-12-22 15:42
RTU_MAIN_TOP,4766,G0_R16.jpg,roi,C:\Users\PC4\Downloads\TUK_PCA\AOI\defect image\RTU_MAIN_TOP\00004766\G0_R16.jpg,.jpg,2349,2025-12-22 15:42
RTU_MAIN_TOP,4767,G0_U5.jpg,roi,C:\Users\PC4\Downloads\TUK_PCA\AOI\defect image\RTU_MAIN_TOP\00004767\G0_U5.jpg,.jpg,46164,2025-12-22 15:42
RTU_MAIN_TOP,4769,G0_R16.jpg,roi,C:\Users\PC4\Downloads\TUK_PCA\AOI\defect image\RTU_MAIN_TOP\00004769\G0_R16.jpg,.jpg,2349,2025-12-22 15:42
RTU_MAIN_TOP,4769,G1_R16.jpg,roi,C:\Users\PC4\Downloads\TUK_PCA\AOI\defect image\RTU_MAIN_TOP\00004769\G1_R16.jpg,.jpg,2224,2025-12-22 15:42
RTU_MAIN_TOP,4774,G0_U5.jpg,roi,C:\Users\PC4\Downloads\TUK_PCA\AOI\defect image\RTU_MAIN_TOP\00004774\G0_U5.jpg,.jpg,46164,2025-12-22 15:42
RTU_MAIN_TOP,4783,G0_U5.jpg,roi,C:\Users\PC4\Downloads\TUK_PCA\AOI\defect image\RTU_MAIN_TOP\00004783\G0_U5.jpg,.jpg,46164,2025-12-22 15:42
RTU_MAIN_TOP,4792,G0_R45.jpg,roi,C:\Users\PC4\Downloads\TUK_PCA\AOI\defect image\RTU_MAIN_TOP\00004792\G0_R45.jpg,.jpg,2266,2025-12-22 15:42
RTU_MAIN_TOP,4796,G0_J6.jpg,roi,C:\Users\PC4\Downloads\TUK_PCA\AOI\defect image\RTU_MAIN_TOP\00004796\G0_J6.jpg,.jpg,18531,2025-12-22 15:42
RTU_MAIN_TOP,4796,G0_R45.jpg,roi,C:\Users\PC4\Downloads\TUK_PCA\AOI\defect image\RTU_MAIN_TOP\00004796\G0_R45.jpg,.jpg,2266,2025-12-22 15:42
RTU_MAIN_TOP,4797,G0_J6.jpg,roi,C:\Users\PC4\Downloads\TUK_PCA\AOI\defect image\RTU_MAIN_TOP\00004797\G0_J6.jpg,.jpg,18531,2025-12-22 15:42
RTU_MAIN_TOP,4800,G0_J6.jpg,roi,C:\Users\PC4\Downloads\TUK_PCA\AOI\defect image\RTU_MAIN_TOP\00004800\G0_J6.jpg,.jpg,18531,2025-12-22 15:42
RTU_MAIN_TOP,4803,G0_R45.jpg,roi,C:\Users\PC4\Downloads\TUK_PCA\AOI\defect image\RTU_MAIN_TOP\00004803\G0_R45.jpg,.jpg,2266,2025-12-22 15:42
RTU_MAIN_TOP,4804,G0_R46.jpg,roi,C:\Users\PC4\Downloads\TUK_PCA\AOI\defect image\RTU_MAIN_TOP\00004804\G0_R46.jpg,.jpg,2161,2025-12-22 15:42
RTU_MAIN_TOP,4816,G0_U5.jpg,roi,C:\Users\PC4\Downloads\TUK_PCA\AOI\defect image\RTU_MAIN_TOP\00004816\G0_U5.jpg,.jpg,46164,2025-12-22 15:42
RTU_MAIN_TOP,4823,G0_J6.jpg,roi,C:\Users\PC4\Downloads\TUK_PCA\AOI\defect image\RTU_MAIN_TOP\00004823\G0_J6.jpg,.jpg,18531,2025-12-22 15:42
RTU_MAIN_TOP,4827,G0_J6.jpg,roi,C:\Users\PC4\Downloads\TUK_PCA\AOI\defect image\RTU_MAIN_TOP\00004827\G0_J6.jpg,.jpg,18531,2025-12-22 15:42
RTU_MAIN_TOP,4844,G0_J6.jpg,roi,C:\Users\PC4\Downloads\TUK_PCA\AOI\defect image\RTU_MAIN_TOP\00004844\G0_J6.jpg,.jpg,18531,2025-12-22 15:42
RTU_MAIN_TOP,4845,G0_J6.jpg,roi,C:\Users\PC4\Downloads\TUK_PCA\AOI\defect image\RTU_MAIN_TOP\00004845\G0_J6.jpg,.jpg,18531,2025-12-22 15:42
RTU_MAIN_TOP,4846,G0_J6.jpg,roi,C:\Users\PC4\Downloads\TUK_PCA\AOI\defect image\RTU_MAIN_TOP\00004846\G0_J6.jpg,.jpg,18531,2025-12-22 15:42
RTU_MAIN_TOP,4854,G0_U2.jpg,roi,C:\Users\PC4\Downloads\TUK_PCA\AOI\defect image\RTU_MAIN_TOP\00004854\G0_U2.jpg,.jpg,23328,2025-12-22 15:42
RTU_MAIN_TOP,4854,G0_U7.jpg,roi,C:\Users\PC4\Downloads\TUK_PCA\AOI\defect image\RTU_MAIN_TOP\00004854\G0_U7.jpg,.jpg,22583,2025-12-22 15:42
RTU_MAIN_TOP,4885,G0_J6.jpg,roi,C:\Users\PC4\Downloads\TUK_PCA\AOI\defect image\RTU_MAIN_TOP\00004885\G0_J6.jpg,.jpg,18531,2025-12-22 15:42
RTU_MAIN_TOP,4891,G0_R16.jpg,roi,C:\Users\PC4\Downloads\TUK_PCA\AOI\defect image\RTU_MAIN_TOP\00004891\G0_R16.jpg,.jpg,2349,2025-12-22 15:42
RTU_MAIN_TOP,4907,G1_U2.jpg,roi,C:\Users\PC4\Downloads\TUK_PCA\AOI\defect image\RTU_MAIN_TOP\00004907\G1_U2.jpg,.jpg,23479,2025-12-22 15:42
RTU_MAIN_TOP,4973,G0_J6.jpg,roi,C:\Users\PC4\Downloads\TUK_PCA\AOI\defect image\RTU_MAIN_TOP\00004973\G0_J6.jpg,.jpg,18531,2025-12-22 15:42
RTU_MAIN_TOP,4983,G0_J6.jpg,roi,C:\Users\PC4\Downloads\TUK_PCA\AOI\defect image\RTU_MAIN_TOP\00004983\G0_J6.jpg,.jpg,18531,2025-12-22 15:42
RTU_MAIN_TOP,5031,G0_J6.jpg,roi,C:\Users\PC4\Downloads\TUK_PCA\AOI\defect image\RTU_MAIN_TOP\00005031\G0_J6.jpg,.jpg,18531,2025-12-22 15:42
RTU_MAIN_TOP,5050,G0_J6.jpg,roi,C:\Users\PC4\Downloads\TUK_PCA\AOI\defect image\RTU_MAIN_TOP\00005050\G0_J6.jpg,.jpg,18531,2025-12-22 15:42
RTU_MAIN_TOP,5054,G0_U5.jpg,roi,C:\Users\PC4\Downloads\TUK_PCA\AOI\defect image\RTU_MAIN_TOP\00005054\G0_U5.jpg,.jpg,46164,2025-12-22 15:42
RTU_MAIN_TOP,5057,G0_J6.jpg,roi,C:\Users\PC4\Downloads\TUK_PCA\AOI\defect image\RTU_MAIN_TOP\00005057\G0_J6.jpg,.jpg,18531,2025-12-22 15:42
RTU_MAIN_TOP,5062,G0_J6.jpg,roi,C:\Users\PC4\Downloads\TUK_PCA\AOI\defect image\RTU_MAIN_TOP\00005062\G0_J6.jpg,.jpg,18531,2025-12-22 15:42
RTU_MAIN_TOP,5064,G1_U5.jpg,roi,C:\Users\PC4\Downloads\TUK_PCA\AOI\defect image\RTU_MAIN_TOP\00005064\G1_U5.jpg,.jpg,46915,2025-12-22 15:42
RTU_MAIN_TOP,5066,G1_U5.jpg,roi,C:\Users\PC4\Downloads\TUK_PCA\AOI\defect image\RTU_MAIN_TOP\00005066\G1_U5.jpg,.jpg,46915,2025-12-22 15:42
RTU_MAIN_TOP,5070,G1_U5.jpg,roi,C:\Users\PC4\Downloads\TUK_PCA\AOI\defect image\RTU_MAIN_TOP\00005070\G1_U5.jpg,.jpg,46915,2025-12-22 15:42
RTU_MAIN_TOP,5078,G0_U5.jpg,roi,C:\Users\PC4\Downloads\TUK_PCA\AOI\defect image\RTU_MAIN_TOP\00005078\G0_U5.jpg,.jpg,46164,2025-12-22 15:42
RTU_MAIN_TOP,5078,G1_U5.jpg,roi,C:\Users\PC4\Downloads\TUK_PCA\AOI\defect image\RTU_MAIN_TOP\00005078\G1_U5.jpg,.jpg,46915,2025-12-22 15:42
RTU_MAIN_TOP,5081,G1_U5.jpg,roi,C:\Users\PC4\Downloads\TUK_PCA\AOI\defect image\RTU_MAIN_TOP\00005081\G1_U5.jpg,.jpg,46915,2025-12-22 15:42
RTU_MAIN_TOP,5082,G0_U5.jpg,roi,C:\Users\PC4\Downloads\TUK_PCA\AOI\defect image\RTU_MAIN_TOP\00005082\G0_U5.jpg,.jpg,46164,2025-12-22 15:42
RTU_MAIN_TOP,5083,G0_U5.jpg,roi,C:\Users\PC4\Downloads\TUK_PCA\AOI\defect image\RTU_MAIN_TOP\00005083\G0_U5.jpg,.jpg,46164,2025-12-22 15:42
RTU_MAIN_TOP,5092,G0_J6.jpg,roi,C:\Users\PC4\Downloads\TUK_PCA\AOI\defect image\RTU_MAIN_TOP\00005092\G0_J6.jpg,.jpg,18531,2025-12-22 15:42
RTU_MAIN_TOP,5115,G0_J6.jpg,roi,C:\Users\PC4\Downloads\TUK_PCA\AOI\defect image\RTU_MAIN_TOP\00005115\G0_J6.jpg,.jpg,18531,2025-12-22 15:42
RTU_MAIN_TOP,5116,G1_U2.jpg,roi,C:\Users\PC4\Downloads\TUK_PCA\AOI\defect image\RTU_MAIN_TOP\00005116\G1_U2.jpg,.jpg,23479,2025-12-22 15:42
RTU_MAIN_TOP,5130,G0_J6.jpg,roi,C:\Users\PC4\Downloads\TUK_PCA\AOI\defect image\RTU_MAIN_TOP\00005130\G0_J6.jpg,.jpg,18531,2025-12-22 15:42
RTU_MAIN_TOP,5133,G0_J6.jpg,roi,C:\Users\PC4\Downloads\TUK_PCA\AOI\defect image\RTU_MAIN_TOP\00005133\G0_J6.jpg,.jpg,18531,2025-12-22 15:42
RTU_MAIN_TOP,5142,G0_J6.jpg,roi,C:\Users\PC4\Downloads\TUK_PCA\AOI\defect image\RTU_MAIN_TOP\00005142\G0_J6.jpg,.jpg,18531,2025-12-22 15:42
RTU_MAIN_TOP,5142,G0_R62.jpg,roi,C:\Users\PC4\Downloads\TUK_PCA\AOI\defect image\RTU_MAIN_TOP\00005142\G0_R62.jpg,.jpg,2350,2025-12-22 15:42
RTU_MAIN_TOP,5143,G0_U5.jpg,roi,C:\Users\PC4\Downloads\TUK_PCA\AOI\defect image\RTU_MAIN_TOP\00005143\G0_U5.jpg,.jpg,46164,2025-12-22 15:42
RTU_MAIN_TOP,5151,G0_J6.jpg,roi,C:\Users\PC4\Downloads\TUK_PCA\AOI\defect image\RTU_MAIN_TOP\00005151\G0_J6.jpg,.jpg,18531,2025-12-22 15:42
RTU_MAIN_TOP,5154,G1_U5.jpg,roi,C:\Users\PC4\Downloads\TUK_PCA\AOI\defect image\RTU_MAIN_TOP\00005154\G1_U5.jpg,.jpg,46915,2025-12-22 15:42
RTU_MAIN_TOP,5165,G0_J6.jpg,roi,C:\Users\PC4\Downloads\TUK_PCA\AOI\defect image\RTU_MAIN_TOP\00005165\G0_J6.jpg,.jpg,18531,2025-12-22 15:42
RTU_MAIN_TOP,5204,G1_U5.jpg,roi,C:\Users\PC4\Downloads\TUK_PCA\AOI\defect image\RTU_MAIN_TOP\00005204\G1_U5.jpg,.jpg,46915,2025-12-22 15:42
RTU_MAIN_TOP,5240,G0_U5.jpg,roi,C:\Users\PC4\Downloads\TUK_PCA\AOI\defect image\RTU_MAIN_TOP\00005240\G0_U5.jpg,.jpg,46164,2025-12-22 15:42
RTU_MAIN_TOP,5242,G1_U5.jpg,roi,C:\Users\PC4\Downloads\TUK_PCA\AOI\defect image\RTU_MAIN_TOP\00005242\G1_U5.jpg,.jpg,46915,2025-12-22 15:42
RTU_MAIN_TOP,5243,G0_U2.jpg,roi,C:\Users\PC4\Downloads\TUK_PCA\AOI\defect image\RTU_MAIN_TOP\00005243\G0_U2.jpg,.jpg,23328,2025-12-22 15:42
RTU_MAIN_TOP,5244,G0_J6.jpg,roi,C:\Users\PC4\Downloads\TUK_PCA\AOI\defect image\RTU_MAIN_TOP\00005244\G0_J6.jpg,.jpg,18531,2025-12-22 15:42
RTU_MAIN_TOP,5254,G0_J6.jpg,roi,C:\Users\PC4\Downloads\TUK_PCA\AOI\defect image\RTU_MAIN_TOP\00005254\G0_J6.jpg,.jpg,18531,2025-12-22 15:42
RTU_MAIN_TOP,5256,G0_C4.jpg,roi,C:\Users\PC4\Downloads\TUK_PCA\AOI\defect image\RTU_MAIN_TOP\00005256\G0_C4.jpg,.jpg,1837,2025-12-22 15:42
RTU_MAIN_TOP,5273,G0_U5.jpg,roi,C:\Users\PC4\Downloads\TUK_PCA\AOI\defect image\RTU_MAIN_TOP\00005273\G0_U5.jpg,.jpg,46164,2025-12-22 15:42
RTU_MAIN_TOP,5278,G1_U5.jpg,roi,C:\Users\PC4\Downloads\TUK_PCA\AOI\defect image\RTU_MAIN_TOP\00005278\G1_U5.jpg,.jpg,46915,2025-12-22 15:42
RTU_MAIN_TOP,5302,G0_J6.jpg,roi,C:\Users\PC4\Downloads\TUK_PCA\AOI\defect image\RTU_MAIN_TOP\00005302\G0_J6.jpg,.jpg,18531,2025-12-22 15:42
RTU_MAIN_TOP,5303,G1_U5.jpg,roi,C:\Users\PC4\Downloads\TUK_PCA\AOI\defect image\RTU_MAIN_TOP\00005303\G1_U5.jpg,.jpg,46915,2025-12-22 15:42
RTU_MAIN_TOP,5309,G0_J6.jpg,roi,C:\Users\PC4\Downloads\TUK_PCA\AOI\defect image\RTU_MAIN_TOP\00005309\G0_J6.jpg,.jpg,18531,2025-12-22 15:42
RTU_MAIN_TOP,5324,G1_U5.jpg,roi,C:\Users\PC4\Downloads\TUK_PCA\AOI\defect image\RTU_MAIN_TOP\00005324\G1_U5.jpg,.jpg,46915,2025-12-22 15:42
RTU_MAIN_TOP,5329,G1_U5.jpg,roi,C:\Users\PC4\Downloads\TUK_PCA\AOI\defect image\RTU_MAIN_TOP\00005329\G1_U5.jpg,.jpg,46915,2025-12-22 15:42
RTU_MAIN_TOP,5331,G0_J6.jpg,roi,C:\Users\PC4\Downloads\TUK_PCA\AOI\defect image\RTU_MAIN_TOP\00005331\G0_J6.jpg,.jpg,18531,2025-12-22 15:42
RTU_MAIN_TOP,5335,G1_U2.jpg,roi,C:\Users\PC4\Downloads\TUK_PCA\AOI\defect image\RTU_MAIN_TOP\00005335\G1_U2.jpg,.jpg,23479,2025-12-22 15:42
RTU_MAIN_TOP,5340,G0_J6.jpg,roi,C:\Users\PC4\Downloads\TUK_PCA\AOI\defect image\RTU_MAIN_TOP\00005340\G0_J6.jpg,.jpg,18531,2025-12-22 15:42
RTU_MAIN_TOP,5348,G1_U5.jpg,roi,C:\Users\PC4\Downloads\TUK_PCA\AOI\defect image\RTU_MAIN_TOP\00005348\G1_U5.jpg,.jpg,46915,2025-12-22 15:42
RTU_MAIN_TOP,5351,G1_R57.jpg,roi,C:\Users\PC4\Downloads\TUK_PCA\AOI\defect image\RTU_MAIN_TOP\00005351\G1_R57.jpg,.jpg,2193,2025-12-22 15:42
RTU_MAIN_TOP,5374,G0_U5.jpg,roi,C:\Users\PC4\Downloads\TUK_PCA\AOI\defect image\RTU_MAIN_TOP\00005374\G0_U5.jpg,.jpg,46164,2025-12-22 15:42
RTU_MAIN_TOP,5375,G0_U5.jpg,roi,C:\Users\PC4\Downloads\TUK_PCA\AOI\defect image\RTU_MAIN_TOP\00005375\G0_U5.jpg,.jpg,46164,2025-12-22 15:42
RTU_MAIN_TOP,5390,G0_J6.jpg,roi,C:\Users\PC4\Downloads\TUK_PCA\AOI\defect image\RTU_MAIN_TOP\00005390\G0_J6.jpg,.jpg,18531,2025-12-22 15:42
RTU_MAIN_TOP,5392,G1_U5.jpg,roi,C:\Users\PC4\Downloads\TUK_PCA\AOI\defect image\RTU_MAIN_TOP\00005392\G1_U5.jpg,.jpg,46915,2025-12-22 15:42
RTU_MAIN_TOP,5394,G1_U5.jpg,roi,C:\Users\PC4\Downloads\TUK_PCA\AOI\defect image\RTU_MAIN_TOP\00005394\G1_U5.jpg,.jpg,46915,2025-12-22 15:42
RTU_MAIN_TOP,5395,G0_J6.jpg,roi,C:\Users\PC4\Downloads\TUK_PCA\AOI\defect image\RTU_MAIN_TOP\00005395\G0_J6.jpg,.jpg,18531,2025-12-22 15:42
RTU_MAIN_TOP,5395,G0_U5.jpg,roi,C:\Users\PC4\Downloads\TUK_PCA\AOI\defect image\RTU_MAIN_TOP\00005395\G0_U5.jpg,.jpg,46164,2025-12-22 15:42
RTU_MAIN_TOP,5401,G0_J6.jpg,roi,C:\Users\PC4\Downloads\TUK_PCA\AOI\defect image\RTU_MAIN_TOP\00005401\G0_J6.jpg,.jpg,18531,2025-12-22 15:42
RTU_MAIN_TOP,5402,G0_J6.jpg,roi,C:\Users\PC4\Downloads\TUK_PCA\AOI\defect image\RTU_MAIN_TOP\00005402\G0_J6.jpg,.jpg,18531,2025-12-22 15:42
RTU_MAIN_TOP,5402,G0_U5.jpg,roi,C:\Users\PC4\Downloads\TUK_PCA\AOI\defect image\RTU_MAIN_TOP\00005402\G0_U5.jpg,.jpg,46164,2025-12-22 15:42
RTU_MAIN_TOP,5404,G0_J6.jpg,roi,C:\Users\PC4\Downloads\TUK_PCA\AOI\defect image\RTU_MAIN_TOP\00005404\G0_J6.jpg,.jpg,18531,2025-12-22 15:42
RTU_MAIN_TOP,5417,G1_U2.jpg,roi,C:\Users\PC4\Downloads\TUK_PCA\AOI\defect image\RTU_MAIN_TOP\00005417\G1_U2.jpg,.jpg,23479,2025-12-22 15:42
RTU_MAIN_TOP,5432,G0_U5.jpg,roi,C:\Users\PC4\Downloads\TUK_PCA\AOI\defect image\RTU_MAIN_TOP\00005432\G0_U5.jpg,.jpg,46164,2025-12-22 15:42
RTU_MAIN_TOP,5432,G1_U5.jpg,roi,C:\Users\PC4\Downloads\TUK_PCA\AOI\defect image\RTU_MAIN_TOP\00005432\G1_U5.jpg,.jpg,46915,2025-12-22 15:42
RTU_MAIN_TOP,5440,G1_U5.jpg,roi,C:\Users\PC4\Downloads\TUK_PCA\AOI\defect image\RTU_MAIN_TOP\00005440\G1_U5.jpg,.jpg,46915,2025-12-22 15:42
RTU_MAIN_TOP,5444,G0_J6.jpg,roi,C:\Users\PC4\Downloads\TUK_PCA\AOI\defect image\RTU_MAIN_TOP\00005444\G0_J6.jpg,.jpg,18531,2025-12-22 15:42
RTU_MAIN_TOP,5449,G0_J6.jpg,roi,C:\Users\PC4\Downloads\TUK_PCA\AOI\defect image\RTU_MAIN_TOP\00005449\G0_J6.jpg,.jpg,18531,2025-12-22 15:42
RTU_MAIN_TOP,5459,G1_C33.jpg,roi,C:\Users\PC4\Downloads\TUK_PCA\AOI\defect image\RTU_MAIN_TOP\00005459\G1_C33.jpg,.jpg,1855,2025-12-22 15:42
RTU_MAIN_TOP,5463,G1_U5.jpg,roi,C:\Users\PC4\Downloads\TUK_PCA\AOI\defect image\RTU_MAIN_TOP\00005463\G1_U5.jpg,.jpg,46915,2025-12-22 15:42
RTU_MAIN_TOP,5464,G1_U5.jpg,roi,C:\Users\PC4\Downloads\TUK_PCA\AOI\defect image\RTU_MAIN_TOP\00005464\G1_U5.jpg,.jpg,46915,2025-12-22 15:42
RTU_MAIN_TOP,5480,G0_J6.jpg,roi,C:\Users\PC4\Downloads\TUK_PCA\AOI\defect image\RTU_MAIN_TOP\00005480\G0_J6.jpg,.jpg,18531,2025-12-22 15:42
RTU_MAIN_TOP,5481,G1_U5.jpg,roi,C:\Users\PC4\Downloads\TUK_PCA\AOI\defect image\RTU_MAIN_TOP\00005481\G1_U5.jpg,.jpg,46915,2025-12-22 15:42
RTU_MAIN_TOP,5482,G1_U5.jpg,roi,C:\Users\PC4\Downloads\TUK_PCA\AOI\defect image\RTU_MAIN_TOP\00005482\G1_U5.jpg,.jpg,46915,2025-12-22 15:42
RTU_MAIN_TOP,5483,G1_U5.jpg,roi,C:\Users\PC4\Downloads\TUK_PCA\AOI\defect image\RTU_MAIN_TOP\00005483\G1_U5.jpg,.jpg,46915,2025-12-22 15:42
RTU_MAIN_TOP,5484,G1_U5.jpg,roi,C:\Users\PC4\Downloads\TUK_PCA\AOI\defect image\RTU_MAIN_TOP\00005484\G1_U5.jpg,.jpg,46915,2025-12-22 15:42
RTU_MAIN_TOP,5487,G1_U5.jpg,roi,C:\Users\PC4\Downloads\TUK_PCA\AOI\defect image\RTU_MAIN_TOP\00005487\G1_U5.jpg,.jpg,46915,2025-12-22 15:42
RTU_MAIN_TOP,5501,G0_U5.jpg,roi,C:\Users\PC4\Downloads\TUK_PCA\AOI\defect image\RTU_MAIN_TOP\00005501\G0_U5.jpg,.jpg,46164,2025-12-22 15:42
RTU_MAIN_TOP,5514,G0_J6.jpg,roi,C:\Users\PC4\Downloads\TUK_PCA\AOI\defect image\RTU_MAIN_TOP\00005514\G0_J6.jpg,.jpg,18531,2025-12-22 15:42
RTU_MAIN_TOP,5532,G0_J6.jpg,roi,C:\Users\PC4\Downloads\TUK_PCA\AOI\defect image\RTU_MAIN_TOP\00005532\G0_J6.jpg,.jpg,18531,2025-12-22 15:42
RTU_MAIN_TOP,5549,G1_U2.jpg,roi,C:\Users\PC4\Downloads\TUK_PCA\AOI\defect image\RTU_MAIN_TOP\00005549\G1_U2.jpg,.jpg,23479,2025-12-22 15:42
RTU_MAIN_TOP,5555,G0_U5.jpg,roi,C:\Users\PC4\Downloads\TUK_PCA\AOI\defect image\RTU_MAIN_TOP\00005555\G0_U5.jpg,.jpg,46164,2025-12-22 15:42
RTU_MAIN_TOP,5557,G0_U7.jpg,roi,C:\Users\PC4\Downloads\TUK_PCA\AOI\defect image\RTU_MAIN_TOP\00005557\G0_U7.jpg,.jpg,22583,2025-12-22 15:42
RTU_MAIN_TOP,5597,G1_U5.jpg,roi,C:\Users\PC4\Downloads\TUK_PCA\AOI\defect image\RTU_MAIN_TOP\00005597\G1_U5.jpg,.jpg,46915,2025-12-22 15:42
RTU_MAIN_TOP,5606,G0_J6.jpg,roi,C:\Users\PC4\Downloads\TUK_PCA\AOI\defect image\RTU_MAIN_TOP\00005606\G0_J6.jpg,.jpg,18531,2025-12-22 15:42
RTU_MAIN_TOP,5610,G0_J6.jpg,roi,C:\Users\PC4\Downloads\TUK_PCA\AOI\defect image\RTU_MAIN_TOP\00005610\G0_J6.jpg,.jpg,18531,2025-12-22 15:42
RTU_MAIN_TOP,5620,G1_U5.jpg,roi,C:\Users\PC4\Downloads\TUK_PCA\AOI\defect image\RTU_MAIN_TOP\00005620\G1_U5.jpg,.jpg,46915,2025-12-22 15:42
RTU_MAIN_TOP,5625,G1_U5.jpg,roi,C:\Users\PC4\Downloads\TUK_PCA\AOI\defect image\RTU_MAIN_TOP\00005625\G1_U5.jpg,.jpg,46915,2025-12-22 15:42
RTU_MAIN_TOP,5626,G0_U5.jpg,roi,C:\Users\PC4\Downloads\TUK_PCA\AOI\defect image\RTU_MAIN_TOP\00005626\G0_U5.jpg,.jpg,46164,2025-12-22 15:42
RTU_MAIN_TOP,5630,G1_U5.jpg,roi,C:\Users\PC4\Downloads\TUK_PCA\AOI\defect image\RTU_MAIN_TOP\00005630\G1_U5.jpg,.jpg,46915,2025-12-22 15:42
RTU_MAIN_TOP,5642,G0_U7.jpg,roi,C:\Users\PC4\Downloads\TUK_PCA\AOI\defect image\RTU_MAIN_TOP\00005642\G0_U7.jpg,.jpg,22583,2025-12-22 15:42
RTU_MAIN_TOP,5643,G0_J6.jpg,roi,C:\Users\PC4\Downloads\TUK_PCA\AOI\defect image\RTU_MAIN_TOP\00005643\G0_J6.jpg,.jpg,18531,2025-12-22 15:42
RTU_MAIN_TOP,5643,G0_U7.jpg,roi,C:\Users\PC4\Downloads\TUK_PCA\AOI\defect image\RTU_MAIN_TOP\00005643\G0_U7.jpg,.jpg,22583,2025-12-22 15:42
RTU_MAIN_TOP,5644,G0_J6.jpg,roi,C:\Users\PC4\Downloads\TUK_PCA\AOI\defect image\RTU_MAIN_TOP\00005644\G0_J6.jpg,.jpg,18531,2025-12-22 15:42
RTU_MAIN_TOP,5646,G0_U7.jpg,roi,C:\Users\PC4\Downloads\TUK_PCA\AOI\defect image\RTU_MAIN_TOP\00005646\G0_U7.jpg,.jpg,22583,2025-12-22 15:42
RTU_MAIN_TOP,5646,G1_U5.jpg,roi,C:\Users\PC4\Downloads\TUK_PCA\AOI\defect image\RTU_MAIN_TOP\00005646\G1_U5.jpg,.jpg,46915,2025-12-22 15:42
RTU_MAIN_TOP,5648,G0_U7.jpg,roi,C:\Users\PC4\Downloads\TUK_PCA\AOI\defect image\RTU_MAIN_TOP\00005648\G0_U7.jpg,.jpg,22583,2025-12-22 15:42
RTU_MAIN_TOP,5650,G0_U7.jpg,roi,C:\Users\PC4\Downloads\TUK_PCA\AOI\defect image\RTU_MAIN_TOP\00005650\G0_U7.jpg,.jpg,22583,2025-12-22 15:42
RTU_MAIN_TOP,5653,G1_U5.jpg,roi,C:\Users\PC4\Downloads\TUK_PCA\AOI\defect image\RTU_MAIN_TOP\00005653\G1_U5.jpg,.jpg,46915,2025-12-22 15:42
RTU_MAIN_TOP,5655,G1_U5.jpg,roi,C:\Users\PC4\Downloads\TUK_PCA\AOI\defect image\RTU_MAIN_TOP\00005655\G1_U5.jpg,.jpg,46915,2025-12-22 15:42
RTU_MAIN_TOP,5658,G0_U2.jpg,roi,C:\Users\PC4\Downloads\TUK_PCA\AOI\defect image\RTU_MAIN_TOP\00005658\G0_U2.jpg,.jpg,23328,2025-12-22 15:42
RTU_MAIN_TOP,5658,G0_U5.jpg,roi,C:\Users\PC4\Downloads\TUK_PCA\AOI\defect image\RTU_MAIN_TOP\00005658\G0_U5.jpg,.jpg,46164,2025-12-22 15:42
RTU_MAIN_TOP,5666,G0_J6.jpg,roi,C:\Users\PC4\Downloads\TUK_PCA\AOI\defect image\RTU_MAIN_TOP\00005666\G0_J6.jpg,.jpg,18531,2025-12-22 15:42
RTU_MAIN_TOP,5675,G0_J6.jpg,roi,C:\Users\PC4\Downloads\TUK_PCA\AOI\defect image\RTU_MAIN_TOP\00005675\G0_J6.jpg,.jpg,18531,2025-12-22 15:42
RTU_MAIN_TOP,5677,G0_U5.jpg,roi,C:\Users\PC4\Downloads\TUK_PCA\AOI\defect image\RTU_MAIN_TOP\00005677\G0_U5.jpg,.jpg,46164,2025-12-22 15:42
RTU_MAIN_TOP,5679,G0_U5.jpg,roi,C:\Users\PC4\Downloads\TUK_PCA\AOI\defect image\RTU_MAIN_TOP\00005679\G0_U5.jpg,.jpg,46164,2025-12-22 15:42
RTU_MAIN_TOP,5680,G1_U5.jpg,roi,C:\Users\PC4\Downloads\TUK_PCA\AOI\defect image\RTU_MAIN_TOP\00005680\G1_U5.jpg,.jpg,46915,2025-12-22 15:42
RTU_MAIN_TOP,5682,G0_J6.jpg,roi,C:\Users\PC4\Downloads\TUK_PCA\AOI\defect image\RTU_MAIN_TOP\00005682\G0_J6.jpg,.jpg,18531,2025-12-22 15:42
RTU_MAIN_TOP,5684,G1_U5.jpg,roi,C:\Users\PC4\Downloads\TUK_PCA\AOI\defect image\RTU_MAIN_TOP\00005684\G1_U5.jpg,.jpg,46915,2025-12-22 15:42
RTU_MAIN_TOP,5694,G0_J6.jpg,roi,C:\Users\PC4\Downloads\TUK_PCA\AOI\defect image\RTU_MAIN_TOP\00005694\G0_J6.jpg,.jpg,18531,2025-12-22 15:42
RTU_MAIN_TOP,5705,G1_U2.jpg,roi,C:\Users\PC4\Downloads\TUK_PCA\AOI\defect image\RTU_MAIN_TOP\00005705\G1_U2.jpg,.jpg,23479,2025-12-22 15:42
RTU_MAIN_TOP,5707,G1_U5.jpg,roi,C:\Users\PC4\Downloads\TUK_PCA\AOI\defect image\RTU_MAIN_TOP\00005707\G1_U5.jpg,.jpg,46915,2025-12-22 15:42
RTU_MAIN_TOP,5718,G1_U5.jpg,roi,C:\Users\PC4\Downloads\TUK_PCA\AOI\defect image\RTU_MAIN_TOP\00005718\G1_U5.jpg,.jpg,46915,2025-12-22 15:42
RTU_MAIN_TOP,5722,G1_U5.jpg,roi,C:\Users\PC4\Downloads\TUK_PCA\AOI\defect image\RTU_MAIN_TOP\00005722\G1_U5.jpg,.jpg,46915,2025-12-22 15:42
RTU_MAIN_TOP,5735,G0_R57.jpg,roi,C:\Users\PC4\Downloads\TUK_PCA\AOI\defect image\RTU_MAIN_TOP\00005735\G0_R57.jpg,.jpg,2198,2025-12-22 15:42
RTU_MAIN_TOP,5740,G0_U5.jpg,roi,C:\Users\PC4\Downloads\TUK_PCA\AOI\defect image\RTU_MAIN_TOP\00005740\G0_U5.jpg,.jpg,46164,2025-12-22 15:42
RTU_MAIN_TOP,5741,G0_U5.jpg,roi,C:\Users\PC4\Downloads\TUK_PCA\AOI\defect image\RTU_MAIN_TOP\00005741\G0_U5.jpg,.jpg,46164,2025-12-22 15:42
RTU_MAIN_TOP,5753,G0_J6.jpg,roi,C:\Users\PC4\Downloads\TUK_PCA\AOI\defect image\RTU_MAIN_TOP\00005753\G0_J6.jpg,.jpg,18531,2025-12-22 15:42
RTU_MAIN_TOP,5753,G0_U5.jpg,roi,C:\Users\PC4\Downloads\TUK_PCA\AOI\defect image\RTU_MAIN_TOP\00005753\G0_U5.jpg,.jpg,46164,2025-12-22 15:42
RTU_MAIN_TOP,5753,G1_U5.jpg,roi,C:\Users\PC4\Downloads\TUK_PCA\AOI\defect image\RTU_MAIN_TOP\00005753\G1_U5.jpg,.jpg,46915,2025-12-22 15:42
RTU_MAIN_TOP,5754,G0_U5.jpg,roi,C:\Users\PC4\Downloads\TUK_PCA\AOI\defect image\RTU_MAIN_TOP\00005754\G0_U5.jpg,.jpg,46164,2025-12-22 15:42
RTU_MAIN_TOP,5757,G1_U5.jpg,roi,C:\Users\PC4\Downloads\TUK_PCA\AOI\defect image\RTU_MAIN_TOP\00005757\G1_U5.jpg,.jpg,46915,2025-12-22 15:42
RTU_MAIN_TOP,5772,G0_J6.jpg,roi,C:\Users\PC4\Downloads\TUK_PCA\AOI\defect image\RTU_MAIN_TOP\00005772\G0_J6.jpg,.jpg,18531,2025-12-22 15:42
RTU_MAIN_TOP,5772,G0_R62.jpg,roi,C:\Users\PC4\Downloads\TUK_PCA\AOI\defect image\RTU_MAIN_TOP\00005772\G0_R62.jpg,.jpg,2350,2025-12-22 15:42
RTU_MAIN_TOP,5773,G1_U5.jpg,roi,C:\Users\PC4\Downloads\TUK_PCA\AOI\defect image\RTU_MAIN_TOP\00005773\G1_U5.jpg,.jpg,46915,2025-12-22 15:42
RTU_MAIN_TOP,5774,G0_J6.jpg,roi,C:\Users\PC4\Downloads\TUK_PCA\AOI\defect image\RTU_MAIN_TOP\00005774\G0_J6.jpg,.jpg,18531,2025-12-22 15:42
RTU_MAIN_TOP,5780,G0_U2.jpg,roi,C:\Users\PC4\Downloads\TUK_PCA\AOI\defect image\RTU_MAIN_TOP\00005780\G0_U2.jpg,.jpg,23328,2025-12-22 15:42
RTU_MAIN_TOP,5788,G1_C33.jpg,roi,C:\Users\PC4\Downloads\TUK_PCA\AOI\defect image\RTU_MAIN_TOP\00005788\G1_C33.jpg,.jpg,1855,2025-12-22 15:42
RTU_MAIN_TOP,5789,G0_J6.jpg,roi,C:\Users\PC4\Downloads\TUK_PCA\AOI\defect image\RTU_MAIN_TOP\00005789\G0_J6.jpg,.jpg,18531,2025-12-22 15:42
RTU_MAIN_TOP,5808,G1_U5.jpg,roi,C:\Users\PC4\Downloads\TUK_PCA\AOI\defect image\RTU_MAIN_TOP\00005808\G1_U5.jpg,.jpg,46915,2025-12-22 15:42
RTU_MAIN_TOP,5817,G1_U2.jpg,roi,C:\Users\PC4\Downloads\TUK_PCA\AOI\defect image\RTU_MAIN_TOP\00005817\G1_U2.jpg,.jpg,23479,2025-12-22 15:42
RTU_MAIN_TOP,5827,G0_U7.jpg,roi,C:\Users\PC4\Downloads\TUK_PCA\AOI\defect image\RTU_MAIN_TOP\00005827\G0_U7.jpg,.jpg,22583,2025-12-22 15:42
RTU_MAIN_TOP,5836,G1_U5.jpg,roi,C:\Users\PC4\Downloads\TUK_PCA\AOI\defect image\RTU_MAIN_TOP\00005836\G1_U5.jpg,.jpg,46915,2025-12-22 15:42
RTU_MAIN_TOP,5842,G0_U2.jpg,roi,C:\Users\PC4\Downloads\TUK_PCA\AOI\defect image\RTU_MAIN_TOP\00005842\G0_U2.jpg,.jpg,23328,2025-12-22 15:42
RTU_MAIN_TOP,5882,G0_U2.jpg,roi,C:\Users\PC4\Downloads\TUK_PCA\AOI\defect image\RTU_MAIN_TOP\00005882\G0_U2.jpg,.jpg,23328,2025-12-22 15:42
RTU_MAIN_TOP,5882,G0_U5.jpg,roi,C:\Users\PC4\Downloads\TUK_PCA\AOI\defect image\RTU_MAIN_TOP\00005882\G0_U5.jpg,.jpg,46164,2025-12-22 15:42
RTU_MAIN_TOP,5894,G1_U5.jpg,roi,C:\Users\PC4\Downloads\TUK_PCA\AOI\defect image\RTU_MAIN_TOP\00005894\G1_U5.jpg,.jpg,46915,2025-12-22 15:42
RTU_MAIN_TOP,5903,G0_J6.jpg,roi,C:\Users\PC4\Downloads\TUK_PCA\AOI\defect image\RTU_MAIN_TOP\00005903\G0_J6.jpg,.jpg,18531,2025-12-22 15:42
RTU_MAIN_TOP,5904,G1_U5.jpg,roi,C:\Users\PC4\Downloads\TUK_PCA\AOI\defect image\RTU_MAIN_TOP\00005904\G1_U5.jpg,.jpg,46915,2025-12-22 15:42
RTU_MAIN_TOP,5928,G0_U2.jpg,roi,C:\Users\PC4\Downloads\TUK_PCA\AOI\defect image\RTU_MAIN_TOP\00005928\G0_U2.jpg,.jpg,23328,2025-12-22 15:42
RTU_MAIN_TOP,5929,G0_J6.jpg,roi,C:\Users\PC4\Downloads\TUK_PCA\AOI\defect image\RTU_MAIN_TOP\00005929\G0_J6.jpg,.jpg,18531,2025-12-22 15:42
RTU_MAIN_TOP,5960,G0_J6.jpg,roi,C:\Users\PC4\Downloads\TUK_PCA\AOI\defect image\RTU_MAIN_TOP\00005960\G0_J6.jpg,.jpg,18531,2025-12-22 15:42
RTU_MAIN_TOP,5960,G0_R57.jpg,roi,C:\Users\PC4\Downloads\TUK_PCA\AOI\defect image\RTU_MAIN_TOP\00005960\G0_R57.jpg,.jpg,2198,2025-12-22 15:42
RTU_MAIN_TOP,5962,G1_Q4.jpg,roi,C:\Users\PC4\Downloads\TUK_PCA\AOI\defect image\RTU_MAIN_TOP\00005962\G1_Q4.jpg,.jpg,6810,2025-12-22 15:42
RTU_MAIN_TOP,5980,G0_U2.jpg,roi,C:\Users\PC4\Downloads\TUK_PCA\AOI\defect image\RTU_MAIN_TOP\00005980\G0_U2.jpg,.jpg,23328,2025-12-22 15:42
RTU_MAIN_TOP,5997,G1_U2.jpg,roi,C:\Users\PC4\Downloads\TUK_PCA\AOI\defect image\RTU_MAIN_TOP\00005997\G1_U2.jpg,.jpg,23479,2025-12-22 15:42
RTU_MAIN_TOP,5998,G1_U5.jpg,roi,C:\Users\PC4\Downloads\TUK_PCA\AOI\defect image\RTU_MAIN_TOP\00005998\G1_U5.jpg,.jpg,46915,2025-12-22 15:42
RTU_MAIN_TOP,6000,G0_J6.jpg,roi,C:\Users\PC4\Downloads\TUK_PCA\AOI\defect image\RTU_MAIN_TOP\00006000\G0_J6.jpg,.jpg,18531,2025-12-22 15:42
RTU_MAIN_TOP,6026,G1_Q4.jpg,roi,C:\Users\PC4\Downloads\TUK_PCA\AOI\defect image\RTU_MAIN_TOP\00006026\G1_Q4.jpg,.jpg,6810,2025-12-22 15:42
RTU_MAIN_TOP,6029,G0_U2.jpg,roi,C:\Users\PC4\Downloads\TUK_PCA\AOI\defect image\RTU_MAIN_TOP\00006029\G0_U2.jpg,.jpg,23328,2025-12-22 15:42
RTU_MAIN_TOP,6038,G1_U2.jpg,roi,C:\Users\PC4\Downloads\TUK_PCA\AOI\defect image\RTU_MAIN_TOP\00006038\G1_U2.jpg,.jpg,23479,2025-12-22 15:42
RTU_MAIN_TOP,6040,G1_U2.jpg,roi,C:\Users\PC4\Downloads\TUK_PCA\AOI\defect image\RTU_MAIN_TOP\00006040\G1_U2.jpg,.jpg,23479,2025-12-22 15:42
RTU_MAIN_TOP,6092,G1_U5.jpg,roi,C:\Users\PC4\Downloads\TUK_PCA\AOI\defect image\RTU_MAIN_TOP\00006092\G1_U5.jpg,.jpg,46915,2025-12-22 15:42
RTU_MAIN_TOP,6095,G0_U7.jpg,roi,C:\Users\PC4\Downloads\TUK_PCA\AOI\defect image\RTU_MAIN_TOP\00006095\G0_U7.jpg,.jpg,22583,2025-12-22 15:42
RTU_MAIN_TOP,6097,G0_U7.jpg,roi,C:\Users\PC4\Downloads\TUK_PCA\AOI\defect image\RTU_MAIN_TOP\00006097\G0_U7.jpg,.jpg,22583,2025-12-22 15:42
RTU_MAIN_TOP,6097,G1_R19.jpg,roi,C:\Users\PC4\Downloads\TUK_PCA\AOI\defect image\RTU_MAIN_TOP\00006097\G1_R19.jpg,.jpg,2215,2025-12-22 15:42
RTU_MAIN_TOP,6104,G0_J6.jpg,roi,C:\Users\PC4\Downloads\TUK_PCA\AOI\defect image\RTU_MAIN_TOP\00006104\G0_J6.jpg,.jpg,18531,2025-12-22 15:42
RTU_MAIN_TOP,6106,G1_U5.jpg,roi,C:\Users\PC4\Downloads\TUK_PCA\AOI\defect image\RTU_MAIN_TOP\00006106\G1_U5.jpg,.jpg,46915,2025-12-22 15:42
RTU_MAIN_TOP,6108,G0_U5.jpg,roi,C:\Users\PC4\Downloads\TUK_PCA\AOI\defect image\RTU_MAIN_TOP\00006108\G0_U5.jpg,.jpg,46164,2025-12-22 15:42
RTU_MAIN_TOP,6109,G0_U5.jpg,roi,C:\Users\PC4\Downloads\TUK_PCA\AOI\defect image\RTU_MAIN_TOP\00006109\G0_U5.jpg,.jpg,46164,2025-12-22 15:42
RTU_MAIN_TOP,6109,G0_U7.jpg,roi,C:\Users\PC4\Downloads\TUK_PCA\AOI\defect image\RTU_MAIN_TOP\00006109\G0_U7.jpg,.jpg,22583,2025-12-22 15:42
RTU_MAIN_TOP,6109,G1_U5.jpg,roi,C:\Users\PC4\Downloads\TUK_PCA\AOI\defect image\RTU_MAIN_TOP\00006109\G1_U5.jpg,.jpg,46915,2025-12-22 15:42
RTU_MAIN_TOP,6111,G0_U7.jpg,roi,C:\Users\PC4\Downloads\TUK_PCA\AOI\defect image\RTU_MAIN_TOP\00006111\G0_U7.jpg,.jpg,22583,2025-12-22 15:42
RTU_MAIN_TOP,6118,G1_U5.jpg,roi,C:\Users\PC4\Downloads\TUK_PCA\AOI\defect image\RTU_MAIN_TOP\00006118\G1_U5.jpg,.jpg,46915,2025-12-22 15:42
RTU_MAIN_TOP,6126,G0_J6.jpg,roi,C:\Users\PC4\Downloads\TUK_PCA\AOI\defect image\RTU_MAIN_TOP\00006126\G0_J6.jpg,.jpg,18531,2025-12-22 15:42
RTU_MAIN_TOP,6126,G1_C33.jpg,roi,C:\Users\PC4\Downloads\TUK_PCA\AOI\defect image\RTU_MAIN_TOP\00006126\G1_C33.jpg,.jpg,1855,2025-12-22 15:42
RTU_MAIN_TOP,6127,G1_R61.jpg,roi,C:\Users\PC4\Downloads\TUK_PCA\AOI\defect image\RTU_MAIN_TOP\00006127\G1_R61.jpg,.jpg,2356,2025-12-22 15:42
RTU_MAIN_TOP,6128,G0_J6.jpg,roi,C:\Users\PC4\Downloads\TUK_PCA\AOI\defect image\RTU_MAIN_TOP\00006128\G0_J6.jpg,.jpg,18531,2025-12-22 15:42
RTU_MAIN_TOP,6128,G0_U7.jpg,roi,C:\Users\PC4\Downloads\TUK_PCA\AOI\defect image\RTU_MAIN_TOP\00006128\G0_U7.jpg,.jpg,22583,2025-12-22 15:42
RTU_MAIN_TOP,6128,G1_U5.jpg,roi,C:\Users\PC4\Downloads\TUK_PCA\AOI\defect image\RTU_MAIN_TOP\00006128\G1_U5.jpg,.jpg,46915,2025-12-22 15:42
RTU_MAIN_TOP,6139,G1_U5.jpg,roi,C:\Users\PC4\Downloads\TUK_PCA\AOI\defect image\RTU_MAIN_TOP\00006139\G1_U5.jpg,.jpg,46915,2025-12-22 15:42
RTU_MAIN_TOP,6140,G1_U5.jpg,roi,C:\Users\PC4\Downloads\TUK_PCA\AOI\defect image\RTU_MAIN_TOP\00006140\G1_U5.jpg,.jpg,46915,2025-12-22 15:42
RTU_MAIN_TOP,4693,G1_J6.jpg,roi,C:\Users\PC4\Downloads\TUK_PCA\AOI\defect image\RTU_MAIN_TOP\00004693\G1_J6.jpg,.jpg,22639,2025-12-22 15:42
RTU_MAIN_TOP,4705,G1_J6.jpg,roi,C:\Users\PC4\Downloads\TUK_PCA\AOI\defect image\RTU_MAIN_TOP\00004705\G1_J6.jpg,.jpg,22639,2025-12-22 15:42
RTU_MAIN_TOP,4713,G1_J6.jpg,roi,C:\Users\PC4\Downloads\TUK_PCA\AOI\defect image\RTU_MAIN_TOP\00004713\G1_J6.jpg,.jpg,22639,2025-12-22 15:42
RTU_MAIN_TOP,4714,G1_J6.jpg,roi,C:\Users\PC4\Downloads\TUK_PCA\AOI\defect image\RTU_MAIN_TOP\00004714\G1_J6.jpg,.jpg,22639,2025-12-22 15:42
RTU_MAIN_TOP,4717,G1_J6.jpg,roi,C:\Users\PC4\Downloads\TUK_PCA\AOI\defect image\RTU_MAIN_TOP\00004717\G1_J6.jpg,.jpg,22639,2025-12-22 15:42
RTU_MAIN_TOP,4719,G1_J6.jpg,roi,C:\Users\PC4\Downloads\TUK_PCA\AOI\defect image\RTU_MAIN_TOP\00004719\G1_J6.jpg,.jpg,22639,2025-12-22 15:42
RTU_MAIN_TOP,4736,G0_U3.jpg,roi,C:\Users\PC4\Downloads\TUK_PCA\AOI\defect image\RTU_MAIN_TOP\00004736\G0_U3.jpg,.jpg,200510,2025-12-22 15:42
RTU_MAIN_TOP,4754,G0_U3.jpg,roi,C:\Users\PC4\Downloads\TUK_PCA\AOI\defect image\RTU_MAIN_TOP\00004754\G0_U3.jpg,.jpg,200510,2025-12-22 15:42
RTU_MAIN_TOP,4758,G0_U3.jpg,roi,C:\Users\PC4\Downloads\TUK_PCA\AOI\defect image\RTU_MAIN_TOP\00004758\G0_U3.jpg,.jpg,200510,2025-12-22 15:42
RTU_MAIN_TOP,4758,G1_J6.jpg,roi,C:\Users\PC4\Downloads\TUK_PCA\AOI\defect image\RTU_MAIN_TOP\00004758\G1_J6.jpg,.jpg,22639,2025-12-22 15:42
RTU_MAIN_TOP,4771,G1_J6.jpg,roi,C:\Users\PC4\Downloads\TUK_PCA\AOI\defect image\RTU_MAIN_TOP\00004771\G1_J6.jpg,.jpg,22639,2025-12-22 15:42
RTU_MAIN_TOP,4786,G0_U3.jpg,roi,C:\Users\PC4\Downloads\TUK_PCA\AOI\defect image\RTU_MAIN_TOP\00004786\G0_U3.jpg,.jpg,200510,2025-12-22 15:42
RTU_MAIN_TOP,4796,G1_J6.jpg,roi,C:\Users\PC4\Downloads\TUK_PCA\AOI\defect image\RTU_MAIN_TOP\00004796\G1_J6.jpg,.jpg,22639,2025-12-22 15:42
RTU_MAIN_TOP,4797,G1_J6.jpg,roi,C:\Users\PC4\Downloads\TUK_PCA\AOI\defect image\RTU_MAIN_TOP\00004797\G1_J6.jpg,.jpg,22639,2025-12-22 15:42
RTU_MAIN_TOP,4827,G1_J6.jpg,roi,C:\Users\PC4\Downloads\TUK_PCA\AOI\defect image\RTU_MAIN_TOP\00004827\G1_J6.jpg,.jpg,22639,2025-12-22 15:42
RTU_MAIN_TOP,4829,G1_J6.jpg,roi,C:\Users\PC4\Downloads\TUK_PCA\AOI\defect image\RTU_MAIN_TOP\00004829\G1_J6.jpg,.jpg,22639,2025-12-22 15:42
RTU_MAIN_TOP,4832,G1_J6.jpg,roi,C:\Users\PC4\Downloads\TUK_PCA\AOI\defect image\RTU_MAIN_TOP\00004832\G1_J6.jpg,.jpg,22639,2025-12-22 15:42
RTU_MAIN_TOP,4837,G1_J6.jpg,roi,C:\Users\PC4\Downloads\TUK_PCA\AOI\defect image\RTU_MAIN_TOP\00004837\G1_J6.jpg,.jpg,22639,2025-12-22 15:42
RTU_MAIN_TOP,4839,G1_J6.jpg,roi,C:\Users\PC4\Downloads\TUK_PCA\AOI\defect image\RTU_MAIN_TOP\00004839\G1_J6.jpg,.jpg,22639,2025-12-22 15:42
RTU_MAIN_TOP,4842,G1_J6.jpg,roi,C:\Users\PC4\Downloads\TUK_PCA\AOI\defect image\RTU_MAIN_TOP\00004842\G1_J6.jpg,.jpg,22639,2025-12-22 15:42
RTU_MAIN_TOP,4843,G1_J6.jpg,roi,C:\Users\PC4\Downloads\TUK_PCA\AOI\defect image\RTU_MAIN_TOP\00004843\G1_J6.jpg,.jpg,22639,2025-12-22 15:42
RTU_MAIN_TOP,4849,G1_J6.jpg,roi,C:\Users\PC4\Downloads\TUK_PCA\AOI\defect image\RTU_MAIN_TOP\00004849\G1_J6.jpg,.jpg,22639,2025-12-22 15:42
RTU_MAIN_TOP,4869,G1_J6.jpg,roi,C:\Users\PC4\Downloads\TUK_PCA\AOI\defect image\RTU_MAIN_TOP\00004869\G1_J6.jpg,.jpg,22639,2025-12-22 15:42
RTU_MAIN_TOP,4876,G1_J6.jpg,roi,C:\Users\PC4\Downloads\TUK_PCA\AOI\defect image\RTU_MAIN_TOP\00004876\G1_J6.jpg,.jpg,22639,2025-12-22 15:42
RTU_MAIN_TOP,4885,G1_J6.jpg,roi,C:\Users\PC4\Downloads\TUK_PCA\AOI\defect image\RTU_MAIN_TOP\00004885\G1_J6.jpg,.jpg,22639,2025-12-22 15:42
RTU_MAIN_TOP,4889,G1_J6.jpg,roi,C:\Users\PC4\Downloads\TUK_PCA\AOI\defect image\RTU_MAIN_TOP\00004889\G1_J6.jpg,.jpg,22639,2025-12-22 15:42
RTU_MAIN_TOP,4896,G1_J6.jpg,roi,C:\Users\PC4\Downloads\TUK_PCA\AOI\defect image\RTU_MAIN_TOP\00004896\G1_J6.jpg,.jpg,22639,2025-12-22 15:42
RTU_MAIN_TOP,4927,G1_J6.jpg,roi,C:\Users\PC4\Downloads\TUK_PCA\AOI\defect image\RTU_MAIN_TOP\00004927\G1_J6.jpg,.jpg,22639,2025-12-22 15:42
RTU_MAIN_TOP,4954,G1_J6.jpg,roi,C:\Users\PC4\Downloads\TUK_PCA\AOI\defect image\RTU_MAIN_TOP\00004954\G1_J6.jpg,.jpg,22639,2025-12-22 15:42
RTU_MAIN_TOP,4968,G1_J6.jpg,roi,C:\Users\PC4\Downloads\TUK_PCA\AOI\defect image\RTU_MAIN_TOP\00004968\G1_J6.jpg,.jpg,22639,2025-12-22 15:42
RTU_MAIN_TOP,4978,G1_J6.jpg,roi,C:\Users\PC4\Downloads\TUK_PCA\AOI\defect image\RTU_MAIN_TOP\00004978\G1_J6.jpg,.jpg,22639,2025-12-22 15:42
RTU_MAIN_TOP,4979,G1_J6.jpg,roi,C:\Users\PC4\Downloads\TUK_PCA\AOI\defect image\RTU_MAIN_TOP\00004979\G1_J6.jpg,.jpg,22639,2025-12-22 15:42
RTU_MAIN_TOP,4983,G1_J6.jpg,roi,C:\Users\PC4\Downloads\TUK_PCA\AOI\defect image\RTU_MAIN_TOP\00004983\G1_J6.jpg,.jpg,22639,2025-12-22 15:42
RTU_MAIN_TOP,5005,G1_J6.jpg,roi,C:\Users\PC4\Downloads\TUK_PCA\AOI\defect image\RTU_MAIN_TOP\00005005\G1_J6.jpg,.jpg,22639,2025-12-22 15:42
RTU_MAIN_TOP,5007,G1_J6.jpg,roi,C:\Users\PC4\Downloads\TUK_PCA\AOI\defect image\RTU_MAIN_TOP\00005007\G1_J6.jpg,.jpg,22639,2025-12-22 15:42
RTU_MAIN_TOP,5019,G1_J6.jpg,roi,C:\Users\PC4\Downloads\TUK_PCA\AOI\defect image\RTU_MAIN_TOP\00005019\G1_J6.jpg,.jpg,22639,2025-12-22 15:42
RTU_MAIN_TOP,5042,G1_J6.jpg,roi,C:\Users\PC4\Downloads\TUK_PCA\AOI\defect image\RTU_MAIN_TOP\00005042\G1_J6.jpg,.jpg,22639,2025-12-22 15:42
RTU_MAIN_TOP,5057,G1_J6.jpg,roi,C:\Users\PC4\Downloads\TUK_PCA\AOI\defect image\RTU_MAIN_TOP\00005057\G1_J6.jpg,.jpg,22639,2025-12-22 15:42
RTU_MAIN_TOP,5062,G1_J6.jpg,roi,C:\Users\PC4\Downloads\TUK_PCA\AOI\defect image\RTU_MAIN_TOP\00005062\G1_J6.jpg,.jpg,22639,2025-12-22 15:42
RTU_MAIN_TOP,5088,G1_J6.jpg,roi,C:\Users\PC4\Downloads\TUK_PCA\AOI\defect image\RTU_MAIN_TOP\00005088\G1_J6.jpg,.jpg,22639,2025-12-22 15:42
RTU_MAIN_TOP,5109,G1_J6.jpg,roi,C:\Users\PC4\Downloads\TUK_PCA\AOI\defect image\RTU_MAIN_TOP\00005109\G1_J6.jpg,.jpg,22639,2025-12-22 15:42
RTU_MAIN_TOP,5115,G1_J6.jpg,roi,C:\Users\PC4\Downloads\TUK_PCA\AOI\defect image\RTU_MAIN_TOP\00005115\G1_J6.jpg,.jpg,22639,2025-12-22 15:42
RTU_MAIN_TOP,5143,G1_J6.jpg,roi,C:\Users\PC4\Downloads\TUK_PCA\AOI\defect image\RTU_MAIN_TOP\00005143\G1_J6.jpg,.jpg,22639,2025-12-22 15:42
RTU_MAIN_TOP,5148,G1_J6.jpg,roi,C:\Users\PC4\Downloads\TUK_PCA\AOI\defect image\RTU_MAIN_TOP\00005148\G1_J6.jpg,.jpg,22639,2025-12-22 15:42
RTU_MAIN_TOP,5152,G1_J6.jpg,roi,C:\Users\PC4\Downloads\TUK_PCA\AOI\defect image\RTU_MAIN_TOP\00005152\G1_J6.jpg,.jpg,22639,2025-12-22 15:42
RTU_MAIN_TOP,5154,G1_J6.jpg,roi,C:\Users\PC4\Downloads\TUK_PCA\AOI\defect image\RTU_MAIN_TOP\00005154\G1_J6.jpg,.jpg,22639,2025-12-22 15:42
RTU_MAIN_TOP,5167,G1_J6.jpg,roi,C:\Users\PC4\Downloads\TUK_PCA\AOI\defect image\RTU_MAIN_TOP\00005167\G1_J6.jpg,.jpg,22639,2025-12-22 15:42
RTU_MAIN_TOP,5198,G1_J6.jpg,roi,C:\Users\PC4\Downloads\TUK_PCA\AOI\defect image\RTU_MAIN_TOP\00005198\G1_J6.jpg,.jpg,22639,2025-12-22 15:42
RTU_MAIN_TOP,5228,G1_J6.jpg,roi,C:\Users\PC4\Downloads\TUK_PCA\AOI\defect image\RTU_MAIN_TOP\00005228\G1_J6.jpg,.jpg,22639,2025-12-22 15:42
RTU_MAIN_TOP,5244,G1_J6.jpg,roi,C:\Users\PC4\Downloads\TUK_PCA\AOI\defect image\RTU_MAIN_TOP\00005244\G1_J6.jpg,.jpg,22639,2025-12-22 15:42
RTU_MAIN_TOP,5245,G1_J6.jpg,roi,C:\Users\PC4\Downloads\TUK_PCA\AOI\defect image\RTU_MAIN_TOP\00005245\G1_J6.jpg,.jpg,22639,2025-12-22 15:42
RTU_MAIN_TOP,5248,G1_J6.jpg,roi,C:\Users\PC4\Downloads\TUK_PCA\AOI\defect image\RTU_MAIN_TOP\00005248\G1_J6.jpg,.jpg,22639,2025-12-22 15:42
RTU_MAIN_TOP,5263,G1_J6.jpg,roi,C:\Users\PC4\Downloads\TUK_PCA\AOI\defect image\RTU_MAIN_TOP\00005263\G1_J6.jpg,.jpg,22639,2025-12-22 15:42
RTU_MAIN_TOP,5318,G1_J6.jpg,roi,C:\Users\PC4\Downloads\TUK_PCA\AOI\defect image\RTU_MAIN_TOP\00005318\G1_J6.jpg,.jpg,22639,2025-12-22 15:42
RTU_MAIN_TOP,5319,G1_J6.jpg,roi,C:\Users\PC4\Downloads\TUK_PCA\AOI\defect image\RTU_MAIN_TOP\00005319\G1_J6.jpg,.jpg,22639,2025-12-22 15:42
RTU_MAIN_TOP,5331,G1_U3.jpg,roi,C:\Users\PC4\Downloads\TUK_PCA\AOI\defect image\RTU_MAIN_TOP\00005331\G1_U3.jpg,.jpg,183180,2025-12-22 15:42
RTU_MAIN_TOP,5337,G1_J6.jpg,roi,C:\Users\PC4\Downloads\TUK_PCA\AOI\defect image\RTU_MAIN_TOP\00005337\G1_J6.jpg,.jpg,22639,2025-12-22 15:42
RTU_MAIN_TOP,5349,G1_J6.jpg,roi,C:\Users\PC4\Downloads\TUK_PCA\AOI\defect image\RTU_MAIN_TOP\00005349\G1_J6.jpg,.jpg,22639,2025-12-22 15:42
RTU_MAIN_TOP,5360,G1_J6.jpg,roi,C:\Users\PC4\Downloads\TUK_PCA\AOI\defect image\RTU_MAIN_TOP\00005360\G1_J6.jpg,.jpg,22639,2025-12-22 15:42
RTU_MAIN_TOP,5394,G1_J6.jpg,roi,C:\Users\PC4\Downloads\TUK_PCA\AOI\defect image\RTU_MAIN_TOP\00005394\G1_J6.jpg,.jpg,22639,2025-12-22 15:42
RTU_MAIN_TOP,5406,G1_J6.jpg,roi,C:\Users\PC4\Downloads\TUK_PCA\AOI\defect image\RTU_MAIN_TOP\00005406\G1_J6.jpg,.jpg,22639,2025-12-22 15:42
RTU_MAIN_TOP,5410,G1_J6.jpg,roi,C:\Users\PC4\Downloads\TUK_PCA\AOI\defect image\RTU_MAIN_TOP\00005410\G1_J6.jpg,.jpg,22639,2025-12-22 15:42
RTU_MAIN_TOP,5439,G1_J6.jpg,roi,C:\Users\PC4\Downloads\TUK_PCA\AOI\defect image\RTU_MAIN_TOP\00005439\G1_J6.jpg,.jpg,22639,2025-12-22 15:42
RTU_MAIN_TOP,5449,G1_J6.jpg,roi,C:\Users\PC4\Downloads\TUK_PCA\AOI\defect image\RTU_MAIN_TOP\00005449\G1_J6.jpg,.jpg,22639,2025-12-22 15:42
RTU_MAIN_TOP,5480,G1_J6.jpg,roi,C:\Users\PC4\Downloads\TUK_PCA\AOI\defect image\RTU_MAIN_TOP\00005480\G1_J6.jpg,.jpg,22639,2025-12-22 15:42
RTU_MAIN_TOP,5502,G0_U3.jpg,roi,C:\Users\PC4\Downloads\TUK_PCA\AOI\defect image\RTU_MAIN_TOP\00005502\G0_U3.jpg,.jpg,200510,2025-12-22 15:42
RTU_MAIN_TOP,5517,G1_J6.jpg,roi,C:\Users\PC4\Downloads\TUK_PCA\AOI\defect image\RTU_MAIN_TOP\00005517\G1_J6.jpg,.jpg,22639,2025-12-22 15:42
RTU_MAIN_TOP,5536,G0_U3.jpg,roi,C:\Users\PC4\Downloads\TUK_PCA\AOI\defect image\RTU_MAIN_TOP\00005536\G0_U3.jpg,.jpg,200510,2025-12-22 15:42
RTU_MAIN_TOP,5548,G1_J6.jpg,roi,C:\Users\PC4\Downloads\TUK_PCA\AOI\defect image\RTU_MAIN_TOP\00005548\G1_J6.jpg,.jpg,22639,2025-12-22 15:42
RTU_MAIN_TOP,5561,G1_J6.jpg,roi,C:\Users\PC4\Downloads\TUK_PCA\AOI\defect image\RTU_MAIN_TOP\00005561\G1_J6.jpg,.jpg,22639,2025-12-22 15:42
RTU_MAIN_TOP,5591,G1_J6.jpg,roi,C:\Users\PC4\Downloads\TUK_PCA\AOI\defect image\RTU_MAIN_TOP\00005591\G1_J6.jpg,.jpg,22639,2025-12-22 15:42
RTU_MAIN_TOP,5593,G1_J6.jpg,roi,C:\Users\PC4\Downloads\TUK_PCA\AOI\defect image\RTU_MAIN_TOP\00005593\G1_J6.jpg,.jpg,22639,2025-12-22 15:42
RTU_MAIN_TOP,5606,G1_J6.jpg,roi,C:\Users\PC4\Downloads\TUK_PCA\AOI\defect image\RTU_MAIN_TOP\00005606\G1_J6.jpg,.jpg,22639,2025-12-22 15:42
RTU_MAIN_TOP,5608,G1_J6.jpg,roi,C:\Users\PC4\Downloads\TUK_PCA\AOI\defect image\RTU_MAIN_TOP\00005608\G1_J6.jpg,.jpg,22639,2025-12-22 15:42
RTU_MAIN_TOP,5619,G1_J6.jpg,roi,C:\Users\PC4\Downloads\TUK_PCA\AOI\defect image\RTU_MAIN_TOP\00005619\G1_J6.jpg,.jpg,22639,2025-12-22 15:42
RTU_MAIN_TOP,5642,G1_U7.jpg,roi,C:\Users\PC4\Downloads\TUK_PCA\AOI\defect image\RTU_MAIN_TOP\00005642\G1_U7.jpg,.jpg,21750,2025-12-22 15:42
RTU_MAIN_TOP,5644,G1_J6.jpg,roi,C:\Users\PC4\Downloads\TUK_PCA\AOI\defect image\RTU_MAIN_TOP\00005644\G1_J6.jpg,.jpg,22639,2025-12-22 15:42
RTU_MAIN_TOP,5644,G1_U7.jpg,roi,C:\Users\PC4\Downloads\TUK_PCA\AOI\defect image\RTU_MAIN_TOP\00005644\G1_U7.jpg,.jpg,21750,2025-12-22 15:42
RTU_MAIN_TOP,5646,G1_U7.jpg,roi,C:\Users\PC4\Downloads\TUK_PCA\AOI\defect image\RTU_MAIN_TOP\00005646\G1_U7.jpg,.jpg,21750,2025-12-22 15:42
RTU_MAIN_TOP,5647,G1_U7.jpg,roi,C:\Users\PC4\Downloads\TUK_PCA\AOI\defect image\RTU_MAIN_TOP\00005647\G1_U7.jpg,.jpg,21750,2025-12-22 15:42
RTU_MAIN_TOP,5650,G1_U7.jpg,roi,C:\Users\PC4\Downloads\TUK_PCA\AOI\defect image\RTU_MAIN_TOP\00005650\G1_U7.jpg,.jpg,21750,2025-12-22 15:42
RTU_MAIN_TOP,5654,G1_U7.jpg,roi,C:\Users\PC4\Downloads\TUK_PCA\AOI\defect image\RTU_MAIN_TOP\00005654\G1_U7.jpg,.jpg,21750,2025-12-22 15:42
RTU_MAIN_TOP,5660,G1_J6.jpg,roi,C:\Users\PC4\Downloads\TUK_PCA\AOI\defect image\RTU_MAIN_TOP\00005660\G1_J6.jpg,.jpg,22639,2025-12-22 15:42
RTU_MAIN_TOP,5666,G1_J6.jpg,roi,C:\Users\PC4\Downloads\TUK_PCA\AOI\defect image\RTU_MAIN_TOP\00005666\G1_J6.jpg,.jpg,22639,2025-12-22 15:42
RTU_MAIN_TOP,5671,G1_J6.jpg,roi,C:\Users\PC4\Downloads\TUK_PCA\AOI\defect image\RTU_MAIN_TOP\00005671\G1_J6.jpg,.jpg,22639,2025-12-22 15:42
RTU_MAIN_TOP,5675,G1_J6.jpg,roi,C:\Users\PC4\Downloads\TUK_PCA\AOI\defect image\RTU_MAIN_TOP\00005675\G1_J6.jpg,.jpg,22639,2025-12-22 15:42
RTU_MAIN_TOP,5682,G1_J6.jpg,roi,C:\Users\PC4\Downloads\TUK_PCA\AOI\defect image\RTU_MAIN_TOP\00005682\G1_J6.jpg,.jpg,22639,2025-12-22 15:42
RTU_MAIN_TOP,5712,G1_J6.jpg,roi,C:\Users\PC4\Downloads\TUK_PCA\AOI\defect image\RTU_MAIN_TOP\00005712\G1_J6.jpg,.jpg,22639,2025-12-22 15:42
RTU_MAIN_TOP,5723,G1_J6.jpg,roi,C:\Users\PC4\Downloads\TUK_PCA\AOI\defect image\RTU_MAIN_TOP\00005723\G1_J6.jpg,.jpg,22639,2025-12-22 15:42
RTU_MAIN_TOP,5728,G0_U3.jpg,roi,C:\Users\PC4\Downloads\TUK_PCA\AOI\defect image\RTU_MAIN_TOP\00005728\G0_U3.jpg,.jpg,200510,2025-12-22 15:42
RTU_MAIN_TOP,5729,G0_U3.jpg,roi,C:\Users\PC4\Downloads\TUK_PCA\AOI\defect image\RTU_MAIN_TOP\00005729\G0_U3.jpg,.jpg,200510,2025-12-22 15:42
RTU_MAIN_TOP,5730,G1_J6.jpg,roi,C:\Users\PC4\Downloads\TUK_PCA\AOI\defect image\RTU_MAIN_TOP\00005730\G1_J6.jpg,.jpg,22639,2025-12-22 15:42
RTU_MAIN_TOP,5731,G1_U7.jpg,roi,C:\Users\PC4\Downloads\TUK_PCA\AOI\defect image\RTU_MAIN_TOP\00005731\G1_U7.jpg,.jpg,21750,2025-12-22 15:42
RTU_MAIN_TOP,5753,G1_J6.jpg,roi,C:\Users\PC4\Downloads\TUK_PCA\AOI\defect image\RTU_MAIN_TOP\00005753\G1_J6.jpg,.jpg,22639,2025-12-22 15:42
RTU_MAIN_TOP,5765,G1_J6.jpg,roi,C:\Users\PC4\Downloads\TUK_PCA\AOI\defect image\RTU_MAIN_TOP\00005765\G1_J6.jpg,.jpg,22639,2025-12-22 15:42
RTU_MAIN_TOP,5774,G1_J6.jpg,roi,C:\Users\PC4\Downloads\TUK_PCA\AOI\defect image\RTU_MAIN_TOP\00005774\G1_J6.jpg,.jpg,22639,2025-12-22 15:42
RTU_MAIN_TOP,5776,G1_J6.jpg,roi,C:\Users\PC4\Downloads\TUK_PCA\AOI\defect image\RTU_MAIN_TOP\00005776\G1_J6.jpg,.jpg,22639,2025-12-22 15:42
RTU_MAIN_TOP,5819,G1_J6.jpg,roi,C:\Users\PC4\Downloads\TUK_PCA\AOI\defect image\RTU_MAIN_TOP\00005819\G1_J6.jpg,.jpg,22639,2025-12-22 15:42
RTU_MAIN_TOP,5847,G1_U7.jpg,roi,C:\Users\PC4\Downloads\TUK_PCA\AOI\defect image\RTU_MAIN_TOP\00005847\G1_U7.jpg,.jpg,21750,2025-12-22 15:42
RTU_MAIN_TOP,5863,G1_J6.jpg,roi,C:\Users\PC4\Downloads\TUK_PCA\AOI\defect image\RTU_MAIN_TOP\00005863\G1_J6.jpg,.jpg,22639,2025-12-22 15:42
RTU_MAIN_TOP,5885,G1_U7.jpg,roi,C:\Users\PC4\Downloads\TUK_PCA\AOI\defect image\RTU_MAIN_TOP\00005885\G1_U7.jpg,.jpg,21750,2025-12-22 15:42
RTU_MAIN_TOP,5900,G1_J6.jpg,roi,C:\Users\PC4\Downloads\TUK_PCA\AOI\defect image\RTU_MAIN_TOP\00005900\G1_J6.jpg,.jpg,22639,2025-12-22 15:42
RTU_MAIN_TOP,5906,G1_U7.jpg,roi,C:\Users\PC4\Downloads\TUK_PCA\AOI\defect image\RTU_MAIN_TOP\00005906\G1_U7.jpg,.jpg,21750,2025-12-22 15:42
RTU_MAIN_TOP,5932,G1_U7.jpg,roi,C:\Users\PC4\Downloads\TUK_PCA\AOI\defect image\RTU_MAIN_TOP\00005932\G1_U7.jpg,.jpg,21750,2025-12-22 15:42
RTU_MAIN_TOP,5960,G1_J6.jpg,roi,C:\Users\PC4\Downloads\TUK_PCA\AOI\defect image\RTU_MAIN_TOP\00005960\G1_J6.jpg,.jpg,22639,2025-12-22 15:42
RTU_MAIN_TOP,5960,G1_U7.jpg,roi,C:\Users\PC4\Downloads\TUK_PCA\AOI\defect image\RTU_MAIN_TOP\00005960\G1_U7.jpg,.jpg,21750,2025-12-22 15:42
RTU_MAIN_TOP,5974,G1_J6.jpg,roi,C:\Users\PC4\Downloads\TUK_PCA\AOI\defect image\RTU_MAIN_TOP\00005974\G1_J6.jpg,.jpg,22639,2025-12-22 15:42
RTU_MAIN_TOP,6000,G1_J6.jpg,roi,C:\Users\PC4\Downloads\TUK_PCA\AOI\defect image\RTU_MAIN_TOP\00006000\G1_J6.jpg,.jpg,22639,2025-12-22 15:42
RTU_MAIN_TOP,6009,G1_U7.jpg,roi,C:\Users\PC4\Downloads\TUK_PCA\AOI\defect image\RTU_MAIN_TOP\00006009\G1_U7.jpg,.jpg,21750,2025-12-22 15:42
RTU_MAIN_TOP,6026,G1_J6.jpg,roi,C:\Users\PC4\Downloads\TUK_PCA\AOI\defect image\RTU_MAIN_TOP\00006026\G1_J6.jpg,.jpg,22639,2025-12-22 15:42
RTU_MAIN_TOP,6027,G0_U3.jpg,roi,C:\Users\PC4\Downloads\TUK_PCA\AOI\defect image\RTU_MAIN_TOP\00006027\G0_U3.jpg,.jpg,200510,2025-12-22 15:42
RTU_MAIN_TOP,6096,G1_J6.jpg,roi,C:\Users\PC4\Downloads\TUK_PCA\AOI\defect image\RTU_MAIN_TOP\00006096\G1_J6.jpg,.jpg,22639,2025-12-22 15:42
RTU_MAIN_TOP,6097,G1_J6.jpg,roi,C:\Users\PC4\Downloads\TUK_PCA\AOI\defect image\RTU_MAIN_TOP\00006097\G1_J6.jpg,.jpg,22639,2025-12-22 15:42
RTU_MAIN_TOP,6108,G1_U7.jpg,roi,C:\Users\PC4\Downloads\TUK_PCA\AOI\defect image\RTU_MAIN_TOP\00006108\G1_U7.jpg,.jpg,21750,2025-12-22 15:42
RTU_MAIN_TOP,6109,G1_U7.jpg,roi,C:\Users\PC4\Downloads\TUK_PCA\AOI\defect image\RTU_MAIN_TOP\00006109\G1_U7.jpg,.jpg,21750,2025-12-22 15:42
RTU_MAIN_TOP,6110,G1_J6.jpg,roi,C:\Users\PC4\Downloads\TUK_PCA\AOI\defect image\RTU_MAIN_TOP\00006110\G1_J6.jpg,.jpg,22639,2025-12-22 15:42
RTU_MAIN_TOP,6126,G1_J6.jpg,roi,C:\Users\PC4\Downloads\TUK_PCA\AOI\defect image\RTU_MAIN_TOP\00006126\G1_J6.jpg,.jpg,22639,2025-12-22 15:42
RTU_MAIN_TOP,6128,G1_J6.jpg,roi,C:\Users\PC4\Downloads\TUK_PCA\AOI\defect image\RTU_MAIN_TOP\00006128\G1_J6.jpg,.jpg,22639,2025-12-22 15:42
RTU_MAIN_TOP,4689,D1_U5.jpg,roi,C:\Users\PC4\Downloads\TUK_PCA\AOI\defect image\RTU_MAIN_TOP\00004689\D1_U5.jpg,.jpg,49537,2025-12-22 15:42
RTU_MAIN_TOP,4692,D1_LED2.jpg,roi,C:\Users\PC4\Downloads\TUK_PCA\AOI\defect image\RTU_MAIN_TOP\00004692\D1_LED2.jpg,.jpg,1917,2025-12-22 15:45
RTU_MAIN_TOP,4693,D1_J6.jpg,roi,C:\Users\PC4\Downloads\TUK_PCA\AOI\defect image\RTU_MAIN_TOP\00004693\D1_J6.jpg,.jpg,20638,2025-12-22 15:45
RTU_MAIN_TOP,4694,D0_J6.jpg,roi,C:\Users\PC4\Downloads\TUK_PCA\AOI\defect image\RTU_MAIN_TOP\00004694\D0_J6.jpg,.jpg,18057,2025-12-22 15:46
RTU_MAIN_TOP,4700,D0_R45.jpg,roi,C:\Users\PC4\Downloads\TUK_PCA\AOI\defect image\RTU_MAIN_TOP\00004700\D0_R45.jpg,.jpg,2319,2025-12-22 15:49
RTU_MAIN_TOP,4700,D1_R45.jpg,roi,C:\Users\PC4\Downloads\TUK_PCA\AOI\defect image\RTU_MAIN_TOP\00004700\D1_R45.jpg,.jpg,2406,2025-12-22 15:49
RTU_MAIN_TOP,4705,D0_J6.jpg,roi,C:\Users\PC4\Downloads\TUK_PCA\AOI\defect image\RTU_MAIN_TOP\00004705\D0_J6.jpg,.jpg,23819,2025-12-22 15:51
RTU_MAIN_TOP,4705,D1_J6.jpg,roi,C:\Users\PC4\Downloads\TUK_PCA\AOI\defect image\RTU_MAIN_TOP\00004705\D1_J6.jpg,.jpg,21741,2025-12-22 15:51
RTU_MAIN_TOP,4707,D0_J6.jpg,roi,C:\Users\PC4\Downloads\TUK_PCA\AOI\defect image\RTU_MAIN_TOP\00004707\D0_J6.jpg,.jpg,18071,2025-12-22 15:52
RTU_MAIN_TOP,4709,D0_J6.jpg,roi,C:\Users\PC4\Downloads\TUK_PCA\AOI\defect image\RTU_MAIN_TOP\00004709\D0_J6.jpg,.jpg,19695,2025-12-22 15:53
RTU_MAIN_TOP,4710,D1_TC1.jpg,roi,C:\Users\PC4\Downloads\TUK_PCA\AOI\defect image\RTU_MAIN_TOP\00004710\D1_TC1.jpg,.jpg,4892,2025-12-22 15:54
RTU_MAIN_TOP,4713,D1_J6.jpg,roi,C:\Users\PC4\Downloads\TUK_PCA\AOI\defect image\RTU_MAIN_TOP\00004713\D1_J6.jpg,.jpg,21960,2025-12-22 15:55
RTU_MAIN_TOP,4714,D1_J6.jpg,roi,C:\Users\PC4\Downloads\TUK_PCA\AOI\defect image\RTU_MAIN_TOP\00004714\D1_J6.jpg,.jpg,23616,2025-12-22 15:56
RTU_MAIN_TOP,4717,D0_LED2.jpg,roi,C:\Users\PC4\Downloads\TUK_PCA\AOI\defect image\RTU_MAIN_TOP\00004717\D0_LED2.jpg,.jpg,1946,2025-12-22 15:58
RTU_MAIN_TOP,4717,D1_J6.jpg,roi,C:\Users\PC4\Downloads\TUK_PCA\AOI\defect image\RTU_MAIN_TOP\00004717\D1_J6.jpg,.jpg,21093,2025-12-22 15:58
RTU_MAIN_TOP,4717,D1_Q1.jpg,roi,C:\Users\PC4\Downloads\TUK_PCA\AOI\defect image\RTU_MAIN_TOP\00004717\D1_Q1.jpg,.jpg,7179,2025-12-22 15:58
RTU_MAIN_TOP,4719,D1_LED2.jpg,roi,C:\Users\PC4\Downloads\TUK_PCA\AOI\defect image\RTU_MAIN_TOP\00004719\D1_LED2.jpg,.jpg,1916,2025-12-22 15:59
RTU_MAIN_TOP,4719,D1_J6.jpg,roi,C:\Users\PC4\Downloads\TUK_PCA\AOI\defect image\RTU_MAIN_TOP\00004719\D1_J6.jpg,.jpg,16092,2025-12-22 15:59
RTU_MAIN_TOP,4725,D0_Q4.jpg,roi,C:\Users\PC4\Downloads\TUK_PCA\AOI\defect image\RTU_MAIN_TOP\00004725\D0_Q4.jpg,.jpg,6325,2025-12-22 16:02
RTU_MAIN_TOP,4733,D0_J6.jpg,roi,C:\Users\PC4\Downloads\TUK_PCA\AOI\defect image\RTU_MAIN_TOP\00004733\D0_J6.jpg,.jpg,19248,2025-12-22 16:07
RTU_MAIN_TOP,4733,D1_TC1.jpg,roi,C:\Users\PC4\Downloads\TUK_PCA\AOI\defect image\RTU_MAIN_TOP\00004733\D1_TC1.jpg,.jpg,5139,2025-12-22 16:07
RTU_MAIN_TOP,4736,D0_U3.jpg,roi,C:\Users\PC4\Downloads\TUK_PCA\AOI\defect image\RTU_MAIN_TOP\00004736\D0_U3.jpg,.jpg,207006,2025-12-22 16:08
RTU_MAIN_TOP,4737,D0_J6.jpg,roi,C:\Users\PC4\Downloads\TUK_PCA\AOI\defect image\RTU_MAIN_TOP\00004737\D0_J6.jpg,.jpg,18901,2025-12-22 16:09
RTU_MAIN_TOP,4747,D1_R10.jpg,roi,C:\Users\PC4\Downloads\TUK_PCA\AOI\defect image\RTU_MAIN_TOP\00004747\D1_R10.jpg,.jpg,2340,2025-12-22 16:14
RTU_MAIN_TOP,4747,D1_R61.jpg,roi,C:\Users\PC4\Downloads\TUK_PCA\AOI\defect image\RTU_MAIN_TOP\00004747\D1_R61.jpg,.jpg,2438,2025-12-22 16:14
RTU_MAIN_TOP,4747,D1_R63.jpg,roi,C:\Users\PC4\Downloads\TUK_PCA\AOI\defect image\RTU_MAIN_TOP\00004747\D1_R63.jpg,.jpg,2404,2025-12-22 16:14
RTU_MAIN_TOP,4748,D0_R13.jpg,roi,C:\Users\PC4\Downloads\TUK_PCA\AOI\defect image\RTU_MAIN_TOP\00004748\D0_R13.jpg,.jpg,2190,2025-12-22 16:15
RTU_MAIN_TOP,4749,D0_R61.jpg,roi,C:\Users\PC4\Downloads\TUK_PCA\AOI\defect image\RTU_MAIN_TOP\00004749\D0_R61.jpg,.jpg,2437,2025-12-22 16:15
RTU_MAIN_TOP,4749,D1_R6.jpg,roi,C:\Users\PC4\Downloads\TUK_PCA\AOI\defect image\RTU_MAIN_TOP\00004749\D1_R6.jpg,.jpg,2438,2025-12-22 16:15
RTU_MAIN_TOP,4750,D0_R6.jpg,roi,C:\Users\PC4\Downloads\TUK_PCA\AOI\defect image\RTU_MAIN_TOP\00004750\D0_R6.jpg,.jpg,2381,2025-12-22 16:16
RTU_MAIN_TOP,4754,D0_U3.jpg,roi,C:\Users\PC4\Downloads\TUK_PCA\AOI\defect image\RTU_MAIN_TOP\00004754\D0_U3.jpg,.jpg,197978,2025-12-22 16:18
RTU_MAIN_TOP,4757,D1_U5.jpg,roi,C:\Users\PC4\Downloads\TUK_PCA\AOI\defect image\RTU_MAIN_TOP\00004757\D1_U5.jpg,.jpg,50089,2025-12-22 16:20
RTU_MAIN_TOP,4758,D0_U3.jpg,roi,C:\Users\PC4\Downloads\TUK_PCA\AOI\defect image\RTU_MAIN_TOP\00004758\D0_U3.jpg,.jpg,199740,2025-12-22 16:20
RTU_MAIN_TOP,4758,D1_J6.jpg,roi,C:\Users\PC4\Downloads\TUK_PCA\AOI\defect image\RTU_MAIN_TOP\00004758\D1_J6.jpg,.jpg,24251,2025-12-22 16:20
RTU_MAIN_TOP,4758,D1_U5.jpg,roi,C:\Users\PC4\Downloads\TUK_PCA\AOI\defect image\RTU_MAIN_TOP\00004758\D1_U5.jpg,.jpg,49778,2025-12-22 16:20
RTU_MAIN_TOP,4762,D1_U2.jpg,roi,C:\Users\PC4\Downloads\TUK_PCA\AOI\defect image\RTU_MAIN_TOP\00004762\D1_U2.jpg,.jpg,23991,2025-12-22 16:22
RTU_MAIN_TOP,4763,D0_J6.jpg,roi,C:\Users\PC4\Downloads\TUK_PCA\AOI\defect image\RTU_MAIN_TOP\00004763\D0_J6.jpg,.jpg,18761,2025-12-22 16:23
RTU_MAIN_TOP,4766,D0_J6.jpg,roi,C:\Users\PC4\Downloads\TUK_PCA\AOI\defect image\RTU_MAIN_TOP\00004766\D0_J6.jpg,.jpg,18585,2025-12-22 16:24
RTU_MAIN_TOP,4766,D0_R16.jpg,roi,C:\Users\PC4\Downloads\TUK_PCA\AOI\defect image\RTU_MAIN_TOP\00004766\D0_R16.jpg,.jpg,2252,2025-12-22 16:24
RTU_MAIN_TOP,4767,D0_U5.jpg,roi,C:\Users\PC4\Downloads\TUK_PCA\AOI\defect image\RTU_MAIN_TOP\00004767\D0_U5.jpg,.jpg,48602,2025-12-22 16:25
RTU_MAIN_TOP,4768,D1_TC1.jpg,roi,C:\Users\PC4\Downloads\TUK_PCA\AOI\defect image\RTU_MAIN_TOP\00004768\D1_TC1.jpg,.jpg,5190,2025-12-22 16:25
RTU_MAIN_TOP,4769,D0_R16.jpg,roi,C:\Users\PC4\Downloads\TUK_PCA\AOI\defect image\RTU_MAIN_TOP\00004769\D0_R16.jpg,.jpg,2311,2025-12-22 16:26
RTU_MAIN_TOP,4769,D1_R16.jpg,roi,C:\Users\PC4\Downloads\TUK_PCA\AOI\defect image\RTU_MAIN_TOP\00004769\D1_R16.jpg,.jpg,2331,2025-12-22 16:26
RTU_MAIN_TOP,4771,D0_Q1.jpg,roi,C:\Users\PC4\Downloads\TUK_PCA\AOI\defect image\RTU_MAIN_TOP\00004771\D0_Q1.jpg,.jpg,7031,2025-12-22 16:27
RTU_MAIN_TOP,4771,D1_J6.jpg,roi,C:\Users\PC4\Downloads\TUK_PCA\AOI\defect image\RTU_MAIN_TOP\00004771\D1_J6.jpg,.jpg,19478,2025-12-22 16:27
RTU_MAIN_TOP,4774,D0_LED2.jpg,roi,C:\Users\PC4\Downloads\TUK_PCA\AOI\defect image\RTU_MAIN_TOP\00004774\D0_LED2.jpg,.jpg,1923,2025-12-22 16:29
RTU_MAIN_TOP,4774,D0_U5.jpg,roi,C:\Users\PC4\Downloads\TUK_PCA\AOI\defect image\RTU_MAIN_TOP\00004774\D0_U5.jpg,.jpg,48493,2025-12-22 16:29
RTU_MAIN_TOP,4783,D0_U5.jpg,roi,C:\Users\PC4\Downloads\TUK_PCA\AOI\defect image\RTU_MAIN_TOP\00004783\D0_U5.jpg,.jpg,49335,2025-12-22 16:34
RTU_MAIN_TOP,4785,D0_SW1.jpg,roi,C:\Users\PC4\Downloads\TUK_PCA\AOI\defect image\RTU_MAIN_TOP\00004785\D0_SW1.jpg,.jpg,11191,2025-12-22 16:35
RTU_MAIN_TOP,4786,D0_U3.jpg,roi,C:\Users\PC4\Downloads\TUK_PCA\AOI\defect image\RTU_MAIN_TOP\00004786\D0_U3.jpg,.jpg,199212,2025-12-22 16:35
RTU_MAIN_TOP,4792,D0_R45.jpg,roi,C:\Users\PC4\Downloads\TUK_PCA\AOI\defect image\RTU_MAIN_TOP\00004792\D0_R45.jpg,.jpg,2155,2025-12-22 16:38
RTU_MAIN_TOP,4792,D1_D8.jpg,roi,C:\Users\PC4\Downloads\TUK_PCA\AOI\defect image\RTU_MAIN_TOP\00004792\D1_D8.jpg,.jpg,6093,2025-12-22 16:38
RTU_MAIN_TOP,4796,D0_R45.jpg,roi,C:\Users\PC4\Downloads\TUK_PCA\AOI\defect image\RTU_MAIN_TOP\00004796\D0_R45.jpg,.jpg,2359,2025-12-22 16:41
RTU_MAIN_TOP,4796,D0_J6.jpg,roi,C:\Users\PC4\Downloads\TUK_PCA\AOI\defect image\RTU_MAIN_TOP\00004796\D0_J6.jpg,.jpg,18811,2025-12-22 16:41
RTU_MAIN_TOP,4796,D1_J6.jpg,roi,C:\Users\PC4\Downloads\TUK_PCA\AOI\defect image\RTU_MAIN_TOP\00004796\D1_J6.jpg,.jpg,20575,2025-12-22 16:41
RTU_MAIN_TOP,4797,D0_J6.jpg,roi,C:\Users\PC4\Downloads\TUK_PCA\AOI\defect image\RTU_MAIN_TOP\00004797\D0_J6.jpg,.jpg,18922,2025-12-22 16:41
RTU_MAIN_TOP,4797,D1_J6.jpg,roi,C:\Users\PC4\Downloads\TUK_PCA\AOI\defect image\RTU_MAIN_TOP\00004797\D1_J6.jpg,.jpg,15530,2025-12-22 16:41
RTU_MAIN_TOP,4800,D0_J6.jpg,roi,C:\Users\PC4\Downloads\TUK_PCA\AOI\defect image\RTU_MAIN_TOP\00004800\D0_J6.jpg,.jpg,19395,2025-12-22 16:43
RTU_MAIN_TOP,4802,D1_LED1.jpg,roi,C:\Users\PC4\Downloads\TUK_PCA\AOI\defect image\RTU_MAIN_TOP\00004802\D1_LED1.jpg,.jpg,2192,2025-12-22 16:44
RTU_MAIN_TOP,4803,D0_R45.jpg,roi,C:\Users\PC4\Downloads\TUK_PCA\AOI\defect image\RTU_MAIN_TOP\00004803\D0_R45.jpg,.jpg,2287,2025-12-22 16:44
RTU_MAIN_TOP,4804,D0_R46.jpg,roi,C:\Users\PC4\Downloads\TUK_PCA\AOI\defect image\RTU_MAIN_TOP\00004804\D0_R46.jpg,.jpg,2338,2025-12-22 16:45
RTU_MAIN_TOP,4808,D0_LED2.jpg,roi,C:\Users\PC4\Downloads\TUK_PCA\AOI\defect image\RTU_MAIN_TOP\00004808\D0_LED2.jpg,.jpg,1977,2025-12-22 16:48
RTU_MAIN_TOP,4816,D0_U5.jpg,roi,C:\Users\PC4\Downloads\TUK_PCA\AOI\defect image\RTU_MAIN_TOP\00004816\D0_U5.jpg,.jpg,48094,2025-12-22 16:53
RTU_MAIN_TOP,4823,D0_J6.jpg,roi,C:\Users\PC4\Downloads\TUK_PCA\AOI\defect image\RTU_MAIN_TOP\00004823\D0_J6.jpg,.jpg,19051,2025-12-22 16:56
RTU_MAIN_TOP,4827,D0_J6.jpg,roi,C:\Users\PC4\Downloads\TUK_PCA\AOI\defect image\RTU_MAIN_TOP\00004827\D0_J6.jpg,.jpg,18366,2025-12-22 16:58
RTU_MAIN_TOP,4827,D1_J6.jpg,roi,C:\Users\PC4\Downloads\TUK_PCA\AOI\defect image\RTU_MAIN_TOP\00004827\D1_J6.jpg,.jpg,22407,2025-12-22 16:59
RTU_MAIN_TOP,4828,D0_Q1.jpg,roi,C:\Users\PC4\Downloads\TUK_PCA\AOI\defect image\RTU_MAIN_TOP\00004828\D0_Q1.jpg,.jpg,6840,2025-12-22 16:59
RTU_MAIN_TOP,4829,D1_J6.jpg,roi,C:\Users\PC4\Downloads\TUK_PCA\AOI\defect image\RTU_MAIN_TOP\00004829\D1_J6.jpg,.jpg,20326,2025-12-22 17:00
RTU_MAIN_TOP,4832,D1_J6.jpg,roi,C:\Users\PC4\Downloads\TUK_PCA\AOI\defect image\RTU_MAIN_TOP\00004832\D1_J6.jpg,.jpg,20293,2025-12-22 17:02
RTU_MAIN_TOP,4834,D1_D9.jpg,roi,C:\Users\PC4\Downloads\TUK_PCA\AOI\defect image\RTU_MAIN_TOP\00004834\D1_D9.jpg,.jpg,4596,2025-12-22 17:03
RTU_MAIN_TOP,4837,D1_J6.jpg,roi,C:\Users\PC4\Downloads\TUK_PCA\AOI\defect image\RTU_MAIN_TOP\00004837\D1_J6.jpg,.jpg,16039,2025-12-22 17:04
RTU_MAIN_TOP,4839,D1_J6.jpg,roi,C:\Users\PC4\Downloads\TUK_PCA\AOI\defect image\RTU_MAIN_TOP\00004839\D1_J6.jpg,.jpg,17105,2025-12-22 17:05
RTU_MAIN_TOP,4842,D1_J6.jpg,roi,C:\Users\PC4\Downloads\TUK_PCA\AOI\defect image\RTU_MAIN_TOP\00004842\D1_J6.jpg,.jpg,20472,2025-12-22 17:07
RTU_MAIN_TOP,4842,D1_LED2.jpg,roi,C:\Users\PC4\Downloads\TUK_PCA\AOI\defect image\RTU_MAIN_TOP\00004842\D1_LED2.jpg,.jpg,1874,2025-12-22 17:07
RTU_MAIN_TOP,4843,D1_J6.jpg,roi,C:\Users\PC4\Downloads\TUK_PCA\AOI\defect image\RTU_MAIN_TOP\00004843\D1_J6.jpg,.jpg,23429,2025-12-22 17:08
RTU_MAIN_TOP,4844,D0_J6.jpg,roi,C:\Users\PC4\Downloads\TUK_PCA\AOI\defect image\RTU_MAIN_TOP\00004844\D0_J6.jpg,.jpg,19674,2025-12-22 17:08
RTU_MAIN_TOP,4845,D0_J6.jpg,roi,C:\Users\PC4\Downloads\TUK_PCA\AOI\defect image\RTU_MAIN_TOP\00004845\D0_J6.jpg,.jpg,18851,2025-12-22 17:09
RTU_MAIN_TOP,4846,D0_J6.jpg,roi,C:\Users\PC4\Downloads\TUK_PCA\AOI\defect image\RTU_MAIN_TOP\00004846\D0_J6.jpg,.jpg,20218,2025-12-22 17:09
RTU_MAIN_TOP,4848,D1_LED1.jpg,roi,C:\Users\PC4\Downloads\TUK_PCA\AOI\defect image\RTU_MAIN_TOP\00004848\D1_LED1.jpg,.jpg,1922,2025-12-22 17:10
RTU_MAIN_TOP,4849,D1_J6.jpg,roi,C:\Users\PC4\Downloads\TUK_PCA\AOI\defect image\RTU_MAIN_TOP\00004849\D1_J6.jpg,.jpg,20766,2025-12-22 17:11
RTU_MAIN_TOP,4854,D0_U7.jpg,roi,C:\Users\PC4\Downloads\TUK_PCA\AOI\defect image\RTU_MAIN_TOP\00004854\D0_U7.jpg,.jpg,23462,2025-12-22 17:14
RTU_MAIN_TOP,4854,D0_U2.jpg,roi,C:\Users\PC4\Downloads\TUK_PCA\AOI\defect image\RTU_MAIN_TOP\00004854\D0_U2.jpg,.jpg,22127,2025-12-22 17:14
RTU_MAIN_TOP,4867,D0_D2.jpg,roi,C:\Users\PC4\Downloads\TUK_PCA\AOI\defect image\RTU_MAIN_TOP\00004867\D0_D2.jpg,.jpg,4397,2025-12-22 17:22
RTU_MAIN_TOP,4869,D1_J6.jpg,roi,C:\Users\PC4\Downloads\TUK_PCA\AOI\defect image\RTU_MAIN_TOP\00004869\D1_J6.jpg,.jpg,20355,2025-12-22 17:23
RTU_MAIN_TOP,4876,D1_J6.jpg,roi,C:\Users\PC4\Downloads\TUK_PCA\AOI\defect image\RTU_MAIN_TOP\00004876\D1_J6.jpg,.jpg,22436,2025-12-22 17:27
RTU_MAIN_TOP,4885,D0_J6.jpg,roi,C:\Users\PC4\Downloads\TUK_PCA\AOI\defect image\RTU_MAIN_TOP\00004885\D0_J6.jpg,.jpg,22826,2025-12-22 17:31
RTU_MAIN_TOP,4885,D1_J6.jpg,roi,C:\Users\PC4\Downloads\TUK_PCA\AOI\defect image\RTU_MAIN_TOP\00004885\D1_J6.jpg,.jpg,15348,2025-12-22 17:31
RTU_MAIN_TOP,4889,D1_J6.jpg,roi,C:\Users\PC4\Downloads\TUK_PCA\AOI\defect image\RTU_MAIN_TOP\00004889\D1_J6.jpg,.jpg,26540,2025-12-22 17:34
RTU_MAIN_TOP,4891,D0_R16.jpg,roi,C:\Users\PC4\Downloads\TUK_PCA\AOI\defect image\RTU_MAIN_TOP\00004891\D0_R16.jpg,.jpg,2371,2025-12-22 17:35
RTU_MAIN_TOP,4896,D1_J6.jpg,roi,C:\Users\PC4\Downloads\TUK_PCA\AOI\defect image\RTU_MAIN_TOP\00004896\D1_J6.jpg,.jpg,20408,2025-12-22 17:37
RTU_MAIN_TOP,4903,D1_D9.jpg,roi,C:\Users\PC4\Downloads\TUK_PCA\AOI\defect image\RTU_MAIN_TOP\00004903\D1_D9.jpg,.jpg,4644,2025-12-22 17:41
RTU_MAIN_TOP,4907,D1_U2.jpg,roi,C:\Users\PC4\Downloads\TUK_PCA\AOI\defect image\RTU_MAIN_TOP\00004907\D1_U2.jpg,.jpg,21933,2025-12-22 17:43
RTU_MAIN_TOP,4923,D1_LED2.jpg,roi,C:\Users\PC4\Downloads\TUK_PCA\AOI\defect image\RTU_MAIN_TOP\00004923\D1_LED2.jpg,.jpg,1900,2025-12-22 17:53
RTU_MAIN_TOP,4927,D1_J6.jpg,roi,C:\Users\PC4\Downloads\TUK_PCA\AOI\defect image\RTU_MAIN_TOP\00004927\D1_J6.jpg,.jpg,20923,2025-12-22 17:55
RTU_MAIN_TOP,4927,D1_TC1.jpg,roi,C:\Users\PC4\Downloads\TUK_PCA\AOI\defect image\RTU_MAIN_TOP\00004927\D1_TC1.jpg,.jpg,5595,2025-12-22 17:55
RTU_MAIN_TOP,4933,D1_LED1.jpg,roi,C:\Users\PC4\Downloads\TUK_PCA\AOI\defect image\RTU_MAIN_TOP\00004933\D1_LED1.jpg,.jpg,1953,2025-12-22 17:58
RTU_MAIN_TOP,4938,D1_FB3.jpg,roi,C:\Users\PC4\Downloads\TUK_PCA\AOI\defect image\RTU_MAIN_TOP\00004938\D1_FB3.jpg,.jpg,1784,2025-12-22 18:01
RTU_MAIN_TOP,4954,D1_J6.jpg,roi,C:\Users\PC4\Downloads\TUK_PCA\AOI\defect image\RTU_MAIN_TOP\00004954\D1_J6.jpg,.jpg,21653,2025-12-22 18:09
RTU_MAIN_TOP,4968,D1_J6.jpg,roi,C:\Users\PC4\Downloads\TUK_PCA\AOI\defect image\RTU_MAIN_TOP\00004968\D1_J6.jpg,.jpg,20092,2025-12-22 18:17
RTU_MAIN_TOP,4973,D0_J6.jpg,roi,C:\Users\PC4\Downloads\TUK_PCA\AOI\defect image\RTU_MAIN_TOP\00004973\D0_J6.jpg,.jpg,18629,2025-12-22 18:20
RTU_MAIN_TOP,4978,D1_J6.jpg,roi,C:\Users\PC4\Downloads\TUK_PCA\AOI\defect image\RTU_MAIN_TOP\00004978\D1_J6.jpg,.jpg,21737,2025-12-22 18:22
RTU_MAIN_TOP,4979,D1_J6.jpg,roi,C:\Users\PC4\Downloads\TUK_PCA\AOI\defect image\RTU_MAIN_TOP\00004979\D1_J6.jpg,.jpg,23059,2025-12-22 18:23
RTU_MAIN_TOP,4983,D0_J6.jpg,roi,C:\Users\PC4\Downloads\TUK_PCA\AOI\defect image\RTU_MAIN_TOP\00004983\D0_J6.jpg,.jpg,18859,2025-12-22 18:25
RTU_MAIN_TOP,4983,D1_J6.jpg,roi,C:\Users\PC4\Downloads\TUK_PCA\AOI\defect image\RTU_MAIN_TOP\00004983\D1_J6.jpg,.jpg,23477,2025-12-22 18:25
RTU_MAIN_TOP,4991,D1_LED2.jpg,roi,C:\Users\PC4\Downloads\TUK_PCA\AOI\defect image\RTU_MAIN_TOP\00004991\D1_LED2.jpg,.jpg,1874,2025-12-22 18:29
RTU_MAIN_TOP,4993,D1_LED1.jpg,roi,C:\Users\PC4\Downloads\TUK_PCA\AOI\defect image\RTU_MAIN_TOP\00004993\D1_LED1.jpg,.jpg,1970,2025-12-22 18:31
RTU_MAIN_TOP,5004,D1_Y1.jpg,roi,C:\Users\PC4\Downloads\TUK_PCA\AOI\defect image\RTU_MAIN_TOP\00005004\D1_Y1.jpg,.jpg,6750,2025-12-22 18:37
RTU_MAIN_TOP,5005,D1_J6.jpg,roi,C:\Users\PC4\Downloads\TUK_PCA\AOI\defect image\RTU_MAIN_TOP\00005005\D1_J6.jpg,.jpg,20417,2025-12-22 18:37
RTU_MAIN_TOP,5007,D1_J6.jpg,roi,C:\Users\PC4\Downloads\TUK_PCA\AOI\defect image\RTU_MAIN_TOP\00005007\D1_J6.jpg,.jpg,21707,2025-12-22 18:38
RTU_MAIN_TOP,5019,D1_C42.jpg,roi,C:\Users\PC4\Downloads\TUK_PCA\AOI\defect image\RTU_MAIN_TOP\00005019\D1_C42.jpg,.jpg,2035,2025-12-22 18:45
RTU_MAIN_TOP,5019,D1_FB5.jpg,roi,C:\Users\PC4\Downloads\TUK_PCA\AOI\defect image\RTU_MAIN_TOP\00005019\D1_FB5.jpg,.jpg,1319,2025-12-22 18:45
RTU_MAIN_TOP,5019,D1_J6.jpg,roi,C:\Users\PC4\Downloads\TUK_PCA\AOI\defect image\RTU_MAIN_TOP\00005019\D1_J6.jpg,.jpg,18818,2025-12-22 18:45
RTU_MAIN_TOP,5023,D1_TC1.jpg,roi,C:\Users\PC4\Downloads\TUK_PCA\AOI\defect image\RTU_MAIN_TOP\00005023\D1_TC1.jpg,.jpg,4957,2025-12-22 18:47
RTU_MAIN_TOP,5027,D0_R5.jpg,roi,C:\Users\PC4\Downloads\TUK_PCA\AOI\defect image\RTU_MAIN_TOP\00005027\D0_R5.jpg,.jpg,2461,2025-12-22 18:49
RTU_MAIN_TOP,5031,D0_J6.jpg,roi,C:\Users\PC4\Downloads\TUK_PCA\AOI\defect image\RTU_MAIN_TOP\00005031\D0_J6.jpg,.jpg,20079,2025-12-22 18:51
RTU_MAIN_TOP,5042,D1_J6.jpg,roi,C:\Users\PC4\Downloads\TUK_PCA\AOI\defect image\RTU_MAIN_TOP\00005042\D1_J6.jpg,.jpg,20733,2025-12-22 18:57
RTU_MAIN_TOP,5045,D0_D2.jpg,roi,C:\Users\PC4\Downloads\TUK_PCA\AOI\defect image\RTU_MAIN_TOP\00005045\D0_D2.jpg,.jpg,4473,2025-12-22 18:59
RTU_MAIN_TOP,5045,D0_LED2.jpg,roi,C:\Users\PC4\Downloads\TUK_PCA\AOI\defect image\RTU_MAIN_TOP\00005045\D0_LED2.jpg,.jpg,1822,2025-12-22 18:59
RTU_MAIN_TOP,5049,D1_FB3.jpg,roi,C:\Users\PC4\Downloads\TUK_PCA\AOI\defect image\RTU_MAIN_TOP\00005049\D1_FB3.jpg,.jpg,1754,2025-12-22 19:01
RTU_MAIN_TOP,5050,D0_J6.jpg,roi,C:\Users\PC4\Downloads\TUK_PCA\AOI\defect image\RTU_MAIN_TOP\00005050\D0_J6.jpg,.jpg,19526,2025-12-22 19:02
RTU_MAIN_TOP,5054,D0_U5.jpg,roi,C:\Users\PC4\Downloads\TUK_PCA\AOI\defect image\RTU_MAIN_TOP\00005054\D0_U5.jpg,.jpg,48940,2025-12-22 19:04
RTU_MAIN_TOP,5057,D0_J6.jpg,roi,C:\Users\PC4\Downloads\TUK_PCA\AOI\defect image\RTU_MAIN_TOP\00005057\D0_J6.jpg,.jpg,23792,2025-12-22 19:10
RTU_MAIN_TOP,5057,D1_J6.jpg,roi,C:\Users\PC4\Downloads\TUK_PCA\AOI\defect image\RTU_MAIN_TOP\00005057\D1_J6.jpg,.jpg,28222,2025-12-22 19:10
RTU_MAIN_TOP,5062,D0_J6.jpg,roi,C:\Users\PC4\Downloads\TUK_PCA\AOI\defect image\RTU_MAIN_TOP\00005062\D0_J6.jpg,.jpg,19700,2025-12-22 19:12
RTU_MAIN_TOP,5062,D1_J6.jpg,roi,C:\Users\PC4\Downloads\TUK_PCA\AOI\defect image\RTU_MAIN_TOP\00005062\D1_J6.jpg,.jpg,16205,2025-12-22 19:12
RTU_MAIN_TOP,5063,D0_TC1.jpg,roi,C:\Users\PC4\Downloads\TUK_PCA\AOI\defect image\RTU_MAIN_TOP\00005063\D0_TC1.jpg,.jpg,5198,2025-12-22 19:12
RTU_MAIN_TOP,5064,D1_U5.jpg,roi,C:\Users\PC4\Downloads\TUK_PCA\AOI\defect image\RTU_MAIN_TOP\00005064\D1_U5.jpg,.jpg,50637,2025-12-22 19:12
RTU_MAIN_TOP,5066,D1_U5.jpg,roi,C:\Users\PC4\Downloads\TUK_PCA\AOI\defect image\RTU_MAIN_TOP\00005066\D1_U5.jpg,.jpg,49504,2025-12-23 8:36
RTU_MAIN_TOP,5070,D1_U5.jpg,roi,C:\Users\PC4\Downloads\TUK_PCA\AOI\defect image\RTU_MAIN_TOP\00005070\D1_U5.jpg,.jpg,49666,2025-12-23 8:38
RTU_MAIN_TOP,5078,D0_U5.jpg,roi,C:\Users\PC4\Downloads\TUK_PCA\AOI\defect image\RTU_MAIN_TOP\00005078\D0_U5.jpg,.jpg,48102,2025-12-23 8:42
RTU_MAIN_TOP,5078,D1_U5.jpg,roi,C:\Users\PC4\Downloads\TUK_PCA\AOI\defect image\RTU_MAIN_TOP\00005078\D1_U5.jpg,.jpg,50031,2025-12-23 8:42
RTU_MAIN_TOP,5081,D1_U5.jpg,roi,C:\Users\PC4\Downloads\TUK_PCA\AOI\defect image\RTU_MAIN_TOP\00005081\D1_U5.jpg,.jpg,49303,2025-12-23 8:44
RTU_MAIN_TOP,5082,D0_U5.jpg,roi,C:\Users\PC4\Downloads\TUK_PCA\AOI\defect image\RTU_MAIN_TOP\00005082\D0_U5.jpg,.jpg,48838,2025-12-23 8:44
RTU_MAIN_TOP,5083,D0_U5.jpg,roi,C:\Users\PC4\Downloads\TUK_PCA\AOI\defect image\RTU_MAIN_TOP\00005083\D0_U5.jpg,.jpg,48213,2025-12-23 8:45
RTU_MAIN_TOP,5088,D1_FB5.jpg,roi,C:\Users\PC4\Downloads\TUK_PCA\AOI\defect image\RTU_MAIN_TOP\00005088\D1_FB5.jpg,.jpg,1339,2025-12-23 8:48
RTU_MAIN_TOP,5088,D1_J6.jpg,roi,C:\Users\PC4\Downloads\TUK_PCA\AOI\defect image\RTU_MAIN_TOP\00005088\D1_J6.jpg,.jpg,19279,2025-12-23 8:48
RTU_MAIN_TOP,5092,D0_J6.jpg,roi,C:\Users\PC4\Downloads\TUK_PCA\AOI\defect image\RTU_MAIN_TOP\00005092\D0_J6.jpg,.jpg,19519,2025-12-23 8:50
RTU_MAIN_TOP,5099,D1_C17.jpg,roi,C:\Users\PC4\Downloads\TUK_PCA\AOI\defect image\RTU_MAIN_TOP\00005099\D1_C17.jpg,.jpg,1850,2025-12-23 8:54
RTU_MAIN_TOP,5108,D1_D9.jpg,roi,C:\Users\PC4\Downloads\TUK_PCA\AOI\defect image\RTU_MAIN_TOP\00005108\D1_D9.jpg,.jpg,4310,2025-12-23 8:59
RTU_MAIN_TOP,5109,D1_J6.jpg,roi,C:\Users\PC4\Downloads\TUK_PCA\AOI\defect image\RTU_MAIN_TOP\00005109\D1_J6.jpg,.jpg,23744,2025-12-23 8:59
RTU_MAIN_TOP,5113,D1_R63.jpg,roi,C:\Users\PC4\Downloads\TUK_PCA\AOI\defect image\RTU_MAIN_TOP\00005113\D1_R63.jpg,.jpg,2424,2025-12-23 9:01
RTU_MAIN_TOP,5115,D0_J6.jpg,roi,C:\Users\PC4\Downloads\TUK_PCA\AOI\defect image\RTU_MAIN_TOP\00005115\D0_J6.jpg,.jpg,18705,2025-12-23 9:02
RTU_MAIN_TOP,5115,D1_J6.jpg,roi,C:\Users\PC4\Downloads\TUK_PCA\AOI\defect image\RTU_MAIN_TOP\00005115\D1_J6.jpg,.jpg,19908,2025-12-23 9:02
RTU_MAIN_TOP,5116,D1_U2.jpg,roi,C:\Users\PC4\Downloads\TUK_PCA\AOI\defect image\RTU_MAIN_TOP\00005116\D1_U2.jpg,.jpg,21250,2025-12-23 9:03
RTU_MAIN_TOP,5130,D0_J6.jpg,roi,C:\Users\PC4\Downloads\TUK_PCA\AOI\defect image\RTU_MAIN_TOP\00005130\D0_J6.jpg,.jpg,18323,2025-12-23 9:11
RTU_MAIN_TOP,5133,D0_J6.jpg,roi,C:\Users\PC4\Downloads\TUK_PCA\AOI\defect image\RTU_MAIN_TOP\00005133\D0_J6.jpg,.jpg,18537,2025-12-23 9:12
RTU_MAIN_TOP,5142,D0_C42.jpg,roi,C:\Users\PC4\Downloads\TUK_PCA\AOI\defect image\RTU_MAIN_TOP\00005142\D0_C42.jpg,.jpg,2112,2025-12-23 9:17
RTU_MAIN_TOP,5142,D0_J6.jpg,roi,C:\Users\PC4\Downloads\TUK_PCA\AOI\defect image\RTU_MAIN_TOP\00005142\D0_J6.jpg,.jpg,19459,2025-12-23 9:17
RTU_MAIN_TOP,5142,D0_R62.jpg,roi,C:\Users\PC4\Downloads\TUK_PCA\AOI\defect image\RTU_MAIN_TOP\00005142\D0_R62.jpg,.jpg,2308,2025-12-23 9:17
RTU_MAIN_TOP,5142,D0_R63.jpg,roi,C:\Users\PC4\Downloads\TUK_PCA\AOI\defect image\RTU_MAIN_TOP\00005142\D0_R63.jpg,.jpg,2187,2025-12-23 9:17
RTU_MAIN_TOP,5143,D0_U5.jpg,roi,C:\Users\PC4\Downloads\TUK_PCA\AOI\defect image\RTU_MAIN_TOP\00005143\D0_U5.jpg,.jpg,49213,2025-12-23 9:18
RTU_MAIN_TOP,5143,D1_J6.jpg,roi,C:\Users\PC4\Downloads\TUK_PCA\AOI\defect image\RTU_MAIN_TOP\00005143\D1_J6.jpg,.jpg,19947,2025-12-23 9:18
RTU_MAIN_TOP,5148,D1_J6.jpg,roi,C:\Users\PC4\Downloads\TUK_PCA\AOI\defect image\RTU_MAIN_TOP\00005148\D1_J6.jpg,.jpg,21573,2025-12-23 9:20
RTU_MAIN_TOP,5151,D0_J6.jpg,roi,C:\Users\PC4\Downloads\TUK_PCA\AOI\defect image\RTU_MAIN_TOP\00005151\D0_J6.jpg,.jpg,18525,2025-12-23 9:22
RTU_MAIN_TOP,5151,D0_LED1.jpg,roi,C:\Users\PC4\Downloads\TUK_PCA\AOI\defect image\RTU_MAIN_TOP\00005151\D0_LED1.jpg,.jpg,2251,2025-12-23 9:22
RTU_MAIN_TOP,5152,D1_J6.jpg,roi,C:\Users\PC4\Downloads\TUK_PCA\AOI\defect image\RTU_MAIN_TOP\00005152\D1_J6.jpg,.jpg,19944,2025-12-23 9:23
RTU_MAIN_TOP,5154,D1_J6.jpg,roi,C:\Users\PC4\Downloads\TUK_PCA\AOI\defect image\RTU_MAIN_TOP\00005154\D1_J6.jpg,.jpg,22726,2025-12-23 9:25
RTU_MAIN_TOP,5154,D1_U5.jpg,roi,C:\Users\PC4\Downloads\TUK_PCA\AOI\defect image\RTU_MAIN_TOP\00005154\D1_U5.jpg,.jpg,52053,2025-12-23 9:25
RTU_MAIN_TOP,5165,D0_J6.jpg,roi,C:\Users\PC4\Downloads\TUK_PCA\AOI\defect image\RTU_MAIN_TOP\00005165\D0_J6.jpg,.jpg,18657,2025-12-23 9:30
RTU_MAIN_TOP,5167,D1_J6.jpg,roi,C:\Users\PC4\Downloads\TUK_PCA\AOI\defect image\RTU_MAIN_TOP\00005167\D1_J6.jpg,.jpg,20956,2025-12-23 9:31
RTU_MAIN_TOP,5198,D1_J6.jpg,roi,C:\Users\PC4\Downloads\TUK_PCA\AOI\defect image\RTU_MAIN_TOP\00005198\D1_J6.jpg,.jpg,22268,2025-12-23 9:49
RTU_MAIN_TOP,5204,D1_U5.jpg,roi,C:\Users\PC4\Downloads\TUK_PCA\AOI\defect image\RTU_MAIN_TOP\00005204\D1_U5.jpg,.jpg,49948,2025-12-23 9:53
RTU_MAIN_TOP,5209,D0_LED2.jpg,roi,C:\Users\PC4\Downloads\TUK_PCA\AOI\defect image\RTU_MAIN_TOP\00005209\D0_LED2.jpg,.jpg,1883,2025-12-23 9:55
RTU_MAIN_TOP,5228,D1_J6.jpg,roi,C:\Users\PC4\Downloads\TUK_PCA\AOI\defect image\RTU_MAIN_TOP\00005228\D1_J6.jpg,.jpg,19650,2025-12-23 10:07
RTU_MAIN_TOP,5235,D0_LED2.jpg,roi,C:\Users\PC4\Downloads\TUK_PCA\AOI\defect image\RTU_MAIN_TOP\00005235\D0_LED2.jpg,.jpg,1965,2025-12-23 10:10
RTU_MAIN_TOP,5240,D0_U5.jpg,roi,C:\Users\PC4\Downloads\TUK_PCA\AOI\defect image\RTU_MAIN_TOP\00005240\D0_U5.jpg,.jpg,51289,2025-12-23 10:13
RTU_MAIN_TOP,5242,D0_LED1.jpg,roi,C:\Users\PC4\Downloads\TUK_PCA\AOI\defect image\RTU_MAIN_TOP\00005242\D0_LED1.jpg,.jpg,2022,2025-12-23 10:14
RTU_MAIN_TOP,5242,D0_LED2.jpg,roi,C:\Users\PC4\Downloads\TUK_PCA\AOI\defect image\RTU_MAIN_TOP\00005242\D0_LED2.jpg,.jpg,1871,2025-12-23 10:14
RTU_MAIN_TOP,5242,D1_U5.jpg,roi,C:\Users\PC4\Downloads\TUK_PCA\AOI\defect image\RTU_MAIN_TOP\00005242\D1_U5.jpg,.jpg,49409,2025-12-23 10:14
RTU_MAIN_TOP,5243,D0_U2.jpg,roi,C:\Users\PC4\Downloads\TUK_PCA\AOI\defect image\RTU_MAIN_TOP\00005243\D0_U2.jpg,.jpg,22740,2025-12-23 10:14
RTU_MAIN_TOP,5244,D0_J6.jpg,roi,C:\Users\PC4\Downloads\TUK_PCA\AOI\defect image\RTU_MAIN_TOP\00005244\D0_J6.jpg,.jpg,18198,2025-12-23 10:15
RTU_MAIN_TOP,5244,D1_J6.jpg,roi,C:\Users\PC4\Downloads\TUK_PCA\AOI\defect image\RTU_MAIN_TOP\00005244\D1_J6.jpg,.jpg,20200,2025-12-23 10:15
RTU_MAIN_TOP,5245,D1_J6.jpg,roi,C:\Users\PC4\Downloads\TUK_PCA\AOI\defect image\RTU_MAIN_TOP\00005245\D1_J6.jpg,.jpg,22195,2025-12-23 10:16
RTU_MAIN_TOP,5248,D1_J6.jpg,roi,C:\Users\PC4\Downloads\TUK_PCA\AOI\defect image\RTU_MAIN_TOP\00005248\D1_J6.jpg,.jpg,21155,2025-12-23 10:17
RTU_MAIN_TOP,5254,D0_J6.jpg,roi,C:\Users\PC4\Downloads\TUK_PCA\AOI\defect image\RTU_MAIN_TOP\00005254\D0_J6.jpg,.jpg,18190,2025-12-23 10:20
RTU_MAIN_TOP,5256,D0_C4.jpg,roi,C:\Users\PC4\Downloads\TUK_PCA\AOI\defect image\RTU_MAIN_TOP\00005256\D0_C4.jpg,.jpg,2104,2025-12-23 10:21
RTU_MAIN_TOP,5258,D1_D9.jpg,roi,C:\Users\PC4\Downloads\TUK_PCA\AOI\defect image\RTU_MAIN_TOP\00005258\D1_D9.jpg,.jpg,4447,2025-12-23 10:23
RTU_MAIN_TOP,5263,D1_J6.jpg,roi,C:\Users\PC4\Downloads\TUK_PCA\AOI\defect image\RTU_MAIN_TOP\00005263\D1_J6.jpg,.jpg,19210,2025-12-23 10:25
RTU_MAIN_TOP,5270,D0_LED2.jpg,roi,C:\Users\PC4\Downloads\TUK_PCA\AOI\defect image\RTU_MAIN_TOP\00005270\D0_LED2.jpg,.jpg,1906,2025-12-23 10:29
RTU_MAIN_TOP,5273,D0_U5.jpg,roi,C:\Users\PC4\Downloads\TUK_PCA\AOI\defect image\RTU_MAIN_TOP\00005273\D0_U5.jpg,.jpg,47465,2025-12-23 10:31
RTU_MAIN_TOP,5278,D1_U5.jpg,roi,C:\Users\PC4\Downloads\TUK_PCA\AOI\defect image\RTU_MAIN_TOP\00005278\D1_U5.jpg,.jpg,50228,2025-12-23 10:33
RTU_MAIN_TOP,5282,D0_Q4.jpg,roi,C:\Users\PC4\Downloads\TUK_PCA\AOI\defect image\RTU_MAIN_TOP\00005282\D0_Q4.jpg,.jpg,6834,2025-12-23 10:36
RTU_MAIN_TOP,5302,D0_J6.jpg,roi,C:\Users\PC4\Downloads\TUK_PCA\AOI\defect image\RTU_MAIN_TOP\00005302\D0_J6.jpg,.jpg,18568,2025-12-23 10:46
RTU_MAIN_TOP,5303,D1_U5.jpg,roi,C:\Users\PC4\Downloads\TUK_PCA\AOI\defect image\RTU_MAIN_TOP\00005303\D1_U5.jpg,.jpg,50788,2025-12-23 10:47
RTU_MAIN_TOP,5309,D0_J6.jpg,roi,C:\Users\PC4\Downloads\TUK_PCA\AOI\defect image\RTU_MAIN_TOP\00005309\D0_J6.jpg,.jpg,18268,2025-12-23 10:50
RTU_MAIN_TOP,5316,D1_LED2.jpg,roi,C:\Users\PC4\Downloads\TUK_PCA\AOI\defect image\RTU_MAIN_TOP\00005316\D1_LED2.jpg,.jpg,1818,2025-12-23 10:54
RTU_MAIN_TOP,5318,D1_J6.jpg,roi,C:\Users\PC4\Downloads\TUK_PCA\AOI\defect image\RTU_MAIN_TOP\00005318\D1_J6.jpg,.jpg,26631,2025-12-23 10:55
RTU_MAIN_TOP,5319,D1_J6.jpg,roi,C:\Users\PC4\Downloads\TUK_PCA\AOI\defect image\RTU_MAIN_TOP\00005319\D1_J6.jpg,.jpg,24592,2025-12-23 10:56
RTU_MAIN_TOP,5320,D0_LED2.jpg,roi,C:\Users\PC4\Downloads\TUK_PCA\AOI\defect image\RTU_MAIN_TOP\00005320\D0_LED2.jpg,.jpg,1870,2025-12-23 10:56
RTU_MAIN_TOP,5324,D1_Q1.jpg,roi,C:\Users\PC4\Downloads\TUK_PCA\AOI\defect image\RTU_MAIN_TOP\00005324\D1_Q1.jpg,.jpg,7083,2025-12-23 10:58
RTU_MAIN_TOP,5324,D1_U5.jpg,roi,C:\Users\PC4\Downloads\TUK_PCA\AOI\defect image\RTU_MAIN_TOP\00005324\D1_U5.jpg,.jpg,49975,2025-12-23 10:58
RTU_MAIN_TOP,5329,D1_Q1.jpg,roi,C:\Users\PC4\Downloads\TUK_PCA\AOI\defect image\RTU_MAIN_TOP\00005329\D1_Q1.jpg,.jpg,6953,2025-12-23 11:01
RTU_MAIN_TOP,5329,D1_U5.jpg,roi,C:\Users\PC4\Downloads\TUK_PCA\AOI\defect image\RTU_MAIN_TOP\00005329\D1_U5.jpg,.jpg,50553,2025-12-23 11:01
RTU_MAIN_TOP,5331,D0_J6.jpg,roi,C:\Users\PC4\Downloads\TUK_PCA\AOI\defect image\RTU_MAIN_TOP\00005331\D0_J6.jpg,.jpg,25018,2025-12-23 11:02
RTU_MAIN_TOP,5331,D1_U3.jpg,roi,C:\Users\PC4\Downloads\TUK_PCA\AOI\defect image\RTU_MAIN_TOP\00005331\D1_U3.jpg,.jpg,170122,2025-12-23 11:02
RTU_MAIN_TOP,5334,D0_R5.jpg,roi,C:\Users\PC4\Downloads\TUK_PCA\AOI\defect image\RTU_MAIN_TOP\00005334\D0_R5.jpg,.jpg,2786,2025-12-23 11:04
RTU_MAIN_TOP,5334,D1_LED2.jpg,roi,C:\Users\PC4\Downloads\TUK_PCA\AOI\defect image\RTU_MAIN_TOP\00005334\D1_LED2.jpg,.jpg,1798,2025-12-23 11:04
RTU_MAIN_TOP,5335,D1_U2.jpg,roi,C:\Users\PC4\Downloads\TUK_PCA\AOI\defect image\RTU_MAIN_TOP\00005335\D1_U2.jpg,.jpg,21700,2025-12-23 11:04
RTU_MAIN_TOP,5337,D1_J6.jpg,roi,C:\Users\PC4\Downloads\TUK_PCA\AOI\defect image\RTU_MAIN_TOP\00005337\D1_J6.jpg,.jpg,22927,2025-12-23 11:06
RTU_MAIN_TOP,5340,D0_J6.jpg,roi,C:\Users\PC4\Downloads\TUK_PCA\AOI\defect image\RTU_MAIN_TOP\00005340\D0_J6.jpg,.jpg,20602,2025-12-23 11:07
RTU_MAIN_TOP,5345,D1_LED2.jpg,roi,C:\Users\PC4\Downloads\TUK_PCA\AOI\defect image\RTU_MAIN_TOP\00005345\D1_LED2.jpg,.jpg,1922,2025-12-23 11:10
RTU_MAIN_TOP,5348,D1_U5.jpg,roi,C:\Users\PC4\Downloads\TUK_PCA\AOI\defect image\RTU_MAIN_TOP\00005348\D1_U5.jpg,.jpg,51114,2025-12-23 11:11
RTU_MAIN_TOP,5349,D1_J6.jpg,roi,C:\Users\PC4\Downloads\TUK_PCA\AOI\defect image\RTU_MAIN_TOP\00005349\D1_J6.jpg,.jpg,20516,2025-12-23 11:12
RTU_MAIN_TOP,5351,D1_R57.jpg,roi,C:\Users\PC4\Downloads\TUK_PCA\AOI\defect image\RTU_MAIN_TOP\00005351\D1_R57.jpg,.jpg,2207,2025-12-23 11:13
RTU_MAIN_TOP,5360,D1_J6.jpg,roi,C:\Users\PC4\Downloads\TUK_PCA\AOI\defect image\RTU_MAIN_TOP\00005360\D1_J6.jpg,.jpg,24682,2025-12-23 11:18
RTU_MAIN_TOP,5361,D1_LED2.jpg,roi,C:\Users\PC4\Downloads\TUK_PCA\AOI\defect image\RTU_MAIN_TOP\00005361\D1_LED2.jpg,.jpg,1836,2025-12-23 11:19
RTU_MAIN_TOP,5361,D1_Y1.jpg,roi,C:\Users\PC4\Downloads\TUK_PCA\AOI\defect image\RTU_MAIN_TOP\00005361\D1_Y1.jpg,.jpg,6883,2025-12-23 11:19
RTU_MAIN_TOP,5374,D0_Q1.jpg,roi,C:\Users\PC4\Downloads\TUK_PCA\AOI\defect image\RTU_MAIN_TOP\00005374\D0_Q1.jpg,.jpg,6481,2025-12-23 11:26
RTU_MAIN_TOP,5374,D0_U5.jpg,roi,C:\Users\PC4\Downloads\TUK_PCA\AOI\defect image\RTU_MAIN_TOP\00005374\D0_U5.jpg,.jpg,47717,2025-12-23 11:26
RTU_MAIN_TOP,5375,D0_U5.jpg,roi,C:\Users\PC4\Downloads\TUK_PCA\AOI\defect image\RTU_MAIN_TOP\00005375\D0_U5.jpg,.jpg,49045,2025-12-23 11:26
RTU_MAIN_TOP,5386,D0_LED2.jpg,roi,C:\Users\PC4\Downloads\TUK_PCA\AOI\defect image\RTU_MAIN_TOP\00005386\D0_LED2.jpg,.jpg,1931,2025-12-23 11:32
RTU_MAIN_TOP,5389,D0_LED2.jpg,roi,C:\Users\PC4\Downloads\TUK_PCA\AOI\defect image\RTU_MAIN_TOP\00005389\D0_LED2.jpg,.jpg,1782,2025-12-23 11:34
RTU_MAIN_TOP,5390,D0_J6.jpg,roi,C:\Users\PC4\Downloads\TUK_PCA\AOI\defect image\RTU_MAIN_TOP\00005390\D0_J6.jpg,.jpg,18627,2025-12-23 11:34
RTU_MAIN_TOP,5390,D1_D9.jpg,roi,C:\Users\PC4\Downloads\TUK_PCA\AOI\defect image\RTU_MAIN_TOP\00005390\D1_D9.jpg,.jpg,4581,2025-12-23 11:34
RTU_MAIN_TOP,5392,D1_U5.jpg,roi,C:\Users\PC4\Downloads\TUK_PCA\AOI\defect image\RTU_MAIN_TOP\00005392\D1_U5.jpg,.jpg,49219,2025-12-23 11:36
RTU_MAIN_TOP,5394,D1_J6.jpg,roi,C:\Users\PC4\Downloads\TUK_PCA\AOI\defect image\RTU_MAIN_TOP\00005394\D1_J6.jpg,.jpg,19728,2025-12-23 11:37
RTU_MAIN_TOP,5394,D1_U5.jpg,roi,C:\Users\PC4\Downloads\TUK_PCA\AOI\defect image\RTU_MAIN_TOP\00005394\D1_U5.jpg,.jpg,49136,2025-12-23 11:37
RTU_MAIN_TOP,5395,D0_J6.jpg,roi,C:\Users\PC4\Downloads\TUK_PCA\AOI\defect image\RTU_MAIN_TOP\00005395\D0_J6.jpg,.jpg,19785,2025-12-23 11:37
RTU_MAIN_TOP,5395,D0_U5.jpg,roi,C:\Users\PC4\Downloads\TUK_PCA\AOI\defect image\RTU_MAIN_TOP\00005395\D0_U5.jpg,.jpg,47977,2025-12-23 11:37
RTU_MAIN_TOP,5400,D0_LED1.jpg,roi,C:\Users\PC4\Downloads\TUK_PCA\AOI\defect image\RTU_MAIN_TOP\00005400\D0_LED1.jpg,.jpg,2145,2025-12-23 11:40
RTU_MAIN_TOP,5401,D0_J6.jpg,roi,C:\Users\PC4\Downloads\TUK_PCA\AOI\defect image\RTU_MAIN_TOP\00005401\D0_J6.jpg,.jpg,19045,2025-12-23 11:40
RTU_MAIN_TOP,5402,D0_J6.jpg,roi,C:\Users\PC4\Downloads\TUK_PCA\AOI\defect image\RTU_MAIN_TOP\00005402\D0_J6.jpg,.jpg,21722,2025-12-23 11:41
RTU_MAIN_TOP,5402,D0_Q1.jpg,roi,C:\Users\PC4\Downloads\TUK_PCA\AOI\defect image\RTU_MAIN_TOP\00005402\D0_Q1.jpg,.jpg,6666,2025-12-23 11:41
RTU_MAIN_TOP,5402,D0_U5.jpg,roi,C:\Users\PC4\Downloads\TUK_PCA\AOI\defect image\RTU_MAIN_TOP\00005402\D0_U5.jpg,.jpg,48271,2025-12-23 11:41
RTU_MAIN_TOP,5404,D0_J6.jpg,roi,C:\Users\PC4\Downloads\TUK_PCA\AOI\defect image\RTU_MAIN_TOP\00005404\D0_J6.jpg,.jpg,18697,2025-12-23 11:42
RTU_MAIN_TOP,5406,D1_J6.jpg,roi,C:\Users\PC4\Downloads\TUK_PCA\AOI\defect image\RTU_MAIN_TOP\00005406\D1_J6.jpg,.jpg,20717,2025-12-23 11:43
RTU_MAIN_TOP,5408,D1_D2.jpg,roi,C:\Users\PC4\Downloads\TUK_PCA\AOI\defect image\RTU_MAIN_TOP\00005408\D1_D2.jpg,.jpg,4372,2025-12-23 11:44
RTU_MAIN_TOP,5410,D0_D9.jpg,roi,C:\Users\PC4\Downloads\TUK_PCA\AOI\defect image\RTU_MAIN_TOP\00005410\D0_D9.jpg,.jpg,4346,2025-12-23 11:45
RTU_MAIN_TOP,5410,D1_J6.jpg,roi,C:\Users\PC4\Downloads\TUK_PCA\AOI\defect image\RTU_MAIN_TOP\00005410\D1_J6.jpg,.jpg,20854,2025-12-23 11:45
RTU_MAIN_TOP,5417,D1_U2.jpg,roi,C:\Users\PC4\Downloads\TUK_PCA\AOI\defect image\RTU_MAIN_TOP\00005417\D1_U2.jpg,.jpg,22488,2025-12-23 11:49
RTU_MAIN_TOP,5427,D0_LED2.jpg,roi,C:\Users\PC4\Downloads\TUK_PCA\AOI\defect image\RTU_MAIN_TOP\00005427\D0_LED2.jpg,.jpg,1921,2025-12-23 11:54
RTU_MAIN_TOP,5432,D0_U5.jpg,roi,C:\Users\PC4\Downloads\TUK_PCA\AOI\defect image\RTU_MAIN_TOP\00005432\D0_U5.jpg,.jpg,48487,2025-12-23 11:58
RTU_MAIN_TOP,5432,D1_U5.jpg,roi,C:\Users\PC4\Downloads\TUK_PCA\AOI\defect image\RTU_MAIN_TOP\00005432\D1_U5.jpg,.jpg,49459,2025-12-23 11:58
RTU_MAIN_TOP,5433,D1_D9.jpg,roi,C:\Users\PC4\Downloads\TUK_PCA\AOI\defect image\RTU_MAIN_TOP\00005433\D1_D9.jpg,.jpg,4344,2025-12-23 11:58
RTU_MAIN_TOP,5439,D1_J6.jpg,roi,C:\Users\PC4\Downloads\TUK_PCA\AOI\defect image\RTU_MAIN_TOP\00005439\D1_J6.jpg,.jpg,21272,2025-12-23 12:01
RTU_MAIN_TOP,5440,D0_D2.jpg,roi,C:\Users\PC4\Downloads\TUK_PCA\AOI\defect image\RTU_MAIN_TOP\00005440\D0_D2.jpg,.jpg,4494,2025-12-23 12:02
RTU_MAIN_TOP,5440,D1_U5.jpg,roi,C:\Users\PC4\Downloads\TUK_PCA\AOI\defect image\RTU_MAIN_TOP\00005440\D1_U5.jpg,.jpg,48906,2025-12-23 12:02
RTU_MAIN_TOP,5444,D0_J6.jpg,roi,C:\Users\PC4\Downloads\TUK_PCA\AOI\defect image\RTU_MAIN_TOP\00005444\D0_J6.jpg,.jpg,18843,2025-12-23 14:16
RTU_MAIN_TOP,5449,D0_J6.jpg,roi,C:\Users\PC4\Downloads\TUK_PCA\AOI\defect image\RTU_MAIN_TOP\00005449\D0_J6.jpg,.jpg,18234,2025-12-23 14:19
RTU_MAIN_TOP,5449,D1_J6.jpg,roi,C:\Users\PC4\Downloads\TUK_PCA\AOI\defect image\RTU_MAIN_TOP\00005449\D1_J6.jpg,.jpg,20174,2025-12-23 14:19
RTU_MAIN_TOP,5455,D1_Q1.jpg,roi,C:\Users\PC4\Downloads\TUK_PCA\AOI\defect image\RTU_MAIN_TOP\00005455\D1_Q1.jpg,.jpg,7141,2025-12-23 14:22
RTU_MAIN_TOP,5459,D1_C33.jpg,roi,C:\Users\PC4\Downloads\TUK_PCA\AOI\defect image\RTU_MAIN_TOP\00005459\D1_C33.jpg,.jpg,1990,2025-12-23 14:24
RTU_MAIN_TOP,5463,D1_U5.jpg,roi,C:\Users\PC4\Downloads\TUK_PCA\AOI\defect image\RTU_MAIN_TOP\00005463\D1_U5.jpg,.jpg,49583,2025-12-23 14:27
RTU_MAIN_TOP,5464,D1_U5.jpg,roi,C:\Users\PC4\Downloads\TUK_PCA\AOI\defect image\RTU_MAIN_TOP\00005464\D1_U5.jpg,.jpg,49016,2025-12-23 14:27
RTU_MAIN_TOP,5476,D0_D9.jpg,roi,C:\Users\PC4\Downloads\TUK_PCA\AOI\defect image\RTU_MAIN_TOP\00005476\D0_D9.jpg,.jpg,4449,2025-12-23 14:34
RTU_MAIN_TOP,5480,D0_J6.jpg,roi,C:\Users\PC4\Downloads\TUK_PCA\AOI\defect image\RTU_MAIN_TOP\00005480\D0_J6.jpg,.jpg,18625,2025-12-23 14:36
RTU_MAIN_TOP,5480,D1_D2.jpg,roi,C:\Users\PC4\Downloads\TUK_PCA\AOI\defect image\RTU_MAIN_TOP\00005480\D1_D2.jpg,.jpg,4451,2025-12-23 14:36
RTU_MAIN_TOP,5480,D1_J6.jpg,roi,C:\Users\PC4\Downloads\TUK_PCA\AOI\defect image\RTU_MAIN_TOP\00005480\D1_J6.jpg,.jpg,21141,2025-12-23 14:36
RTU_MAIN_TOP,5481,D1_U5.jpg,roi,C:\Users\PC4\Downloads\TUK_PCA\AOI\defect image\RTU_MAIN_TOP\00005481\D1_U5.jpg,.jpg,51103,2025-12-23 14:37
RTU_MAIN_TOP,5482,D1_U5.jpg,roi,C:\Users\PC4\Downloads\TUK_PCA\AOI\defect image\RTU_MAIN_TOP\00005482\D1_U5.jpg,.jpg,51267,2025-12-23 14:37
RTU_MAIN_TOP,5483,D1_U5.jpg,roi,C:\Users\PC4\Downloads\TUK_PCA\AOI\defect image\RTU_MAIN_TOP\00005483\D1_U5.jpg,.jpg,51484,2025-12-23 14:38
RTU_MAIN_TOP,5484,D1_U5.jpg,roi,C:\Users\PC4\Downloads\TUK_PCA\AOI\defect image\RTU_MAIN_TOP\00005484\D1_U5.jpg,.jpg,51192,2025-12-23 14:38
RTU_MAIN_TOP,5487,D1_U5.jpg,roi,C:\Users\PC4\Downloads\TUK_PCA\AOI\defect image\RTU_MAIN_TOP\00005487\D1_U5.jpg,.jpg,49148,2025-12-23 14:40
RTU_MAIN_TOP,5491,D0_LED2.jpg,roi,C:\Users\PC4\Downloads\TUK_PCA\AOI\defect image\RTU_MAIN_TOP\00005491\D0_LED2.jpg,.jpg,1898,2025-12-23 14:42
RTU_MAIN_TOP,5500,D1_Q1.jpg,roi,C:\Users\PC4\Downloads\TUK_PCA\AOI\defect image\RTU_MAIN_TOP\00005500\D1_Q1.jpg,.jpg,6912,2025-12-23 14:47
RTU_MAIN_TOP,5501,D0_U5.jpg,roi,C:\Users\PC4\Downloads\TUK_PCA\AOI\defect image\RTU_MAIN_TOP\00005501\D0_U5.jpg,.jpg,50304,2025-12-23 14:48
RTU_MAIN_TOP,5502,D0_U3.jpg,roi,C:\Users\PC4\Downloads\TUK_PCA\AOI\defect image\RTU_MAIN_TOP\00005502\D0_U3.jpg,.jpg,202063,2025-12-23 14:48
RTU_MAIN_TOP,5510,D1_LED1.jpg,roi,C:\Users\PC4\Downloads\TUK_PCA\AOI\defect image\RTU_MAIN_TOP\00005510\D1_LED1.jpg,.jpg,1958,2025-12-23 14:53
RTU_MAIN_TOP,5514,D0_J6.jpg,roi,C:\Users\PC4\Downloads\TUK_PCA\AOI\defect image\RTU_MAIN_TOP\00005514\D0_J6.jpg,.jpg,20022,2025-12-23 14:55
RTU_MAIN_TOP,5514,D0_R63.jpg,roi,C:\Users\PC4\Downloads\TUK_PCA\AOI\defect image\RTU_MAIN_TOP\00005514\D0_R63.jpg,.jpg,2386,2025-12-23 14:55
RTU_MAIN_TOP,5517,D1_J6.jpg,roi,C:\Users\PC4\Downloads\TUK_PCA\AOI\defect image\RTU_MAIN_TOP\00005517\D1_J6.jpg,.jpg,20488,2025-12-23 14:56
RTU_MAIN_TOP,5520,D1_Q1.jpg,roi,C:\Users\PC4\Downloads\TUK_PCA\AOI\defect image\RTU_MAIN_TOP\00005520\D1_Q1.jpg,.jpg,6184,2025-12-23 14:58
RTU_MAIN_TOP,5529,D0_Q4.jpg,roi,C:\Users\PC4\Downloads\TUK_PCA\AOI\defect image\RTU_MAIN_TOP\00005529\D0_Q4.jpg,.jpg,6533,2025-12-23 15:03
RTU_MAIN_TOP,5531,D1_D9.jpg,roi,C:\Users\PC4\Downloads\TUK_PCA\AOI\defect image\RTU_MAIN_TOP\00005531\D1_D9.jpg,.jpg,4439,2025-12-23 15:04
RTU_MAIN_TOP,5532,D0_J6.jpg,roi,C:\Users\PC4\Downloads\TUK_PCA\AOI\defect image\RTU_MAIN_TOP\00005532\D0_J6.jpg,.jpg,19498,2025-12-23 15:05
RTU_MAIN_TOP,5532,D1_TC1.jpg,roi,C:\Users\PC4\Downloads\TUK_PCA\AOI\defect image\RTU_MAIN_TOP\00005532\D1_TC1.jpg,.jpg,5146,2025-12-23 15:05
RTU_MAIN_TOP,5536,D0_U3.jpg,roi,C:\Users\PC4\Downloads\TUK_PCA\AOI\defect image\RTU_MAIN_TOP\00005536\D0_U3.jpg,.jpg,194409,2025-12-23 15:07
RTU_MAIN_TOP,5538,D1_TC1.jpg,roi,C:\Users\PC4\Downloads\TUK_PCA\AOI\defect image\RTU_MAIN_TOP\00005538\D1_TC1.jpg,.jpg,5283,2025-12-23 15:08
RTU_MAIN_TOP,5548,D1_J6.jpg,roi,C:\Users\PC4\Downloads\TUK_PCA\AOI\defect image\RTU_MAIN_TOP\00005548\D1_J6.jpg,.jpg,20950,2025-12-23 15:13
RTU_MAIN_TOP,5549,D1_U2.jpg,roi,C:\Users\PC4\Downloads\TUK_PCA\AOI\defect image\RTU_MAIN_TOP\00005549\D1_U2.jpg,.jpg,22250,2025-12-23 15:14
RTU_MAIN_TOP,5555,D0_U5.jpg,roi,C:\Users\PC4\Downloads\TUK_PCA\AOI\defect image\RTU_MAIN_TOP\00005555\D0_U5.jpg,.jpg,47899,2025-12-23 15:17
RTU_MAIN_TOP,5555,D1_TC1.jpg,roi,C:\Users\PC4\Downloads\TUK_PCA\AOI\defect image\RTU_MAIN_TOP\00005555\D1_TC1.jpg,.jpg,5343,2025-12-23 15:17
RTU_MAIN_TOP,5557,D0_U7.jpg,roi,C:\Users\PC4\Downloads\TUK_PCA\AOI\defect image\RTU_MAIN_TOP\00005557\D0_U7.jpg,.jpg,23080,2025-12-23 15:18
RTU_MAIN_TOP,5559,D1_D9.jpg,roi,C:\Users\PC4\Downloads\TUK_PCA\AOI\defect image\RTU_MAIN_TOP\00005559\D1_D9.jpg,.jpg,4793,2025-12-23 15:19
RTU_MAIN_TOP,5561,D1_J6.jpg,roi,C:\Users\PC4\Downloads\TUK_PCA\AOI\defect image\RTU_MAIN_TOP\00005561\D1_J6.jpg,.jpg,24136,2025-12-23 15:20
RTU_MAIN_TOP,5565,D1_Q1.jpg,roi,C:\Users\PC4\Downloads\TUK_PCA\AOI\defect image\RTU_MAIN_TOP\00005565\D1_Q1.jpg,.jpg,7321,2025-12-23 15:22
RTU_MAIN_TOP,5570,D0_D2.jpg,roi,C:\Users\PC4\Downloads\TUK_PCA\AOI\defect image\RTU_MAIN_TOP\00005570\D0_D2.jpg,.jpg,4882,2025-12-23 15:26
RTU_MAIN_TOP,5591,D1_J6.jpg,roi,C:\Users\PC4\Downloads\TUK_PCA\AOI\defect image\RTU_MAIN_TOP\00005591\D1_J6.jpg,.jpg,20358,2025-12-23 15:37
RTU_MAIN_TOP,5592,D1_LED1.jpg,roi,C:\Users\PC4\Downloads\TUK_PCA\AOI\defect image\RTU_MAIN_TOP\00005592\D1_LED1.jpg,.jpg,1849,2025-12-23 15:37
RTU_MAIN_TOP,5593,D1_J6.jpg,roi,C:\Users\PC4\Downloads\TUK_PCA\AOI\defect image\RTU_MAIN_TOP\00005593\D1_J6.jpg,.jpg,20511,2025-12-23 15:38
RTU_MAIN_TOP,5597,D1_U5.jpg,roi,C:\Users\PC4\Downloads\TUK_PCA\AOI\defect image\RTU_MAIN_TOP\00005597\D1_U5.jpg,.jpg,49934,2025-12-23 15:40
RTU_MAIN_TOP,5600,D0_R5.jpg,roi,C:\Users\PC4\Downloads\TUK_PCA\AOI\defect image\RTU_MAIN_TOP\00005600\D0_R5.jpg,.jpg,2447,2025-12-23 15:41
RTU_MAIN_TOP,5606,D0_J6.jpg,roi,C:\Users\PC4\Downloads\TUK_PCA\AOI\defect image\RTU_MAIN_TOP\00005606\D0_J6.jpg,.jpg,18703,2025-12-23 15:45
RTU_MAIN_TOP,5606,D1_J6.jpg,roi,C:\Users\PC4\Downloads\TUK_PCA\AOI\defect image\RTU_MAIN_TOP\00005606\D1_J6.jpg,.jpg,21965,2025-12-23 15:45
RTU_MAIN_TOP,5608,D1_J6.jpg,roi,C:\Users\PC4\Downloads\TUK_PCA\AOI\defect image\RTU_MAIN_TOP\00005608\D1_J6.jpg,.jpg,21232,2025-12-23 15:46
RTU_MAIN_TOP,5609,D1_SW1.jpg,roi,C:\Users\PC4\Downloads\TUK_PCA\AOI\defect image\RTU_MAIN_TOP\00005609\D1_SW1.jpg,.jpg,13348,2025-12-23 15:46
RTU_MAIN_TOP,5610,D0_J6.jpg,roi,C:\Users\PC4\Downloads\TUK_PCA\AOI\defect image\RTU_MAIN_TOP\00005610\D0_J6.jpg,.jpg,18282,2025-12-23 15:47
RTU_MAIN_TOP,5619,D1_J6.jpg,roi,C:\Users\PC4\Downloads\TUK_PCA\AOI\defect image\RTU_MAIN_TOP\00005619\D1_J6.jpg,.jpg,25215,2025-12-23 15:52
RTU_MAIN_TOP,5620,D1_U5.jpg,roi,C:\Users\PC4\Downloads\TUK_PCA\AOI\defect image\RTU_MAIN_TOP\00005620\D1_U5.jpg,.jpg,50406,2025-12-23 15:52
RTU_MAIN_TOP,5625,D0_LED2.jpg,roi,C:\Users\PC4\Downloads\TUK_PCA\AOI\defect image\RTU_MAIN_TOP\00005625\D0_LED2.jpg,.jpg,1759,2025-12-23 15:55
RTU_MAIN_TOP,5625,D1_U5.jpg,roi,C:\Users\PC4\Downloads\TUK_PCA\AOI\defect image\RTU_MAIN_TOP\00005625\D1_U5.jpg,.jpg,51509,2025-12-23 15:55
RTU_MAIN_TOP,5626,D0_U5.jpg,roi,C:\Users\PC4\Downloads\TUK_PCA\AOI\defect image\RTU_MAIN_TOP\00005626\D0_U5.jpg,.jpg,50476,2025-12-23 15:56
RTU_MAIN_TOP,5630,D1_U5.jpg,roi,C:\Users\PC4\Downloads\TUK_PCA\AOI\defect image\RTU_MAIN_TOP\00005630\D1_U5.jpg,.jpg,49469,2025-12-23 15:58
RTU_MAIN_TOP,5642,D0_U7.jpg,roi,C:\Users\PC4\Downloads\TUK_PCA\AOI\defect image\RTU_MAIN_TOP\00005642\D0_U7.jpg,.jpg,22197,2025-12-23 16:05
RTU_MAIN_TOP,5642,D1_U7.jpg,roi,C:\Users\PC4\Downloads\TUK_PCA\AOI\defect image\RTU_MAIN_TOP\00005642\D1_U7.jpg,.jpg,21538,2025-12-23 16:05
RTU_MAIN_TOP,5643,D0_J6.jpg,roi,C:\Users\PC4\Downloads\TUK_PCA\AOI\defect image\RTU_MAIN_TOP\00005643\D0_J6.jpg,.jpg,18918,2025-12-23 16:05
RTU_MAIN_TOP,5643,D0_U7.jpg,roi,C:\Users\PC4\Downloads\TUK_PCA\AOI\defect image\RTU_MAIN_TOP\00005643\D0_U7.jpg,.jpg,20975,2025-12-23 16:05
RTU_MAIN_TOP,5644,D0_J6.jpg,roi,C:\Users\PC4\Downloads\TUK_PCA\AOI\defect image\RTU_MAIN_TOP\00005644\D0_J6.jpg,.jpg,18580,2025-12-23 16:06
RTU_MAIN_TOP,5644,D1_J6.jpg,roi,C:\Users\PC4\Downloads\TUK_PCA\AOI\defect image\RTU_MAIN_TOP\00005644\D1_J6.jpg,.jpg,24324,2025-12-23 16:06
RTU_MAIN_TOP,5644,D1_U7.jpg,roi,C:\Users\PC4\Downloads\TUK_PCA\AOI\defect image\RTU_MAIN_TOP\00005644\D1_U7.jpg,.jpg,21873,2025-12-23 16:06
RTU_MAIN_TOP,5646,D0_U7.jpg,roi,C:\Users\PC4\Downloads\TUK_PCA\AOI\defect image\RTU_MAIN_TOP\00005646\D0_U7.jpg,.jpg,22034,2025-12-23 16:07
RTU_MAIN_TOP,5646,D1_SW1.jpg,roi,C:\Users\PC4\Downloads\TUK_PCA\AOI\defect image\RTU_MAIN_TOP\00005646\D1_SW1.jpg,.jpg,12110,2025-12-23 16:07
RTU_MAIN_TOP,5646,D1_U5.jpg,roi,C:\Users\PC4\Downloads\TUK_PCA\AOI\defect image\RTU_MAIN_TOP\00005646\D1_U5.jpg,.jpg,49617,2025-12-23 16:07
RTU_MAIN_TOP,5646,D1_U7.jpg,roi,C:\Users\PC4\Downloads\TUK_PCA\AOI\defect image\RTU_MAIN_TOP\00005646\D1_U7.jpg,.jpg,21760,2025-12-23 16:07
RTU_MAIN_TOP,5647,D1_U7.jpg,roi,C:\Users\PC4\Downloads\TUK_PCA\AOI\defect image\RTU_MAIN_TOP\00005647\D1_U7.jpg,.jpg,21731,2025-12-23 16:07
RTU_MAIN_TOP,5648,D0_U7.jpg,roi,C:\Users\PC4\Downloads\TUK_PCA\AOI\defect image\RTU_MAIN_TOP\00005648\D0_U7.jpg,.jpg,20977,2025-12-23 16:08
RTU_MAIN_TOP,5650,D0_U7.jpg,roi,C:\Users\PC4\Downloads\TUK_PCA\AOI\defect image\RTU_MAIN_TOP\00005650\D0_U7.jpg,.jpg,21455,2025-12-23 16:09
RTU_MAIN_TOP,5650,D1_U7.jpg,roi,C:\Users\PC4\Downloads\TUK_PCA\AOI\defect image\RTU_MAIN_TOP\00005650\D1_U7.jpg,.jpg,21136,2025-12-23 16:09
RTU_MAIN_TOP,5653,D1_U5.jpg,roi,C:\Users\PC4\Downloads\TUK_PCA\AOI\defect image\RTU_MAIN_TOP\00005653\D1_U5.jpg,.jpg,49866,2025-12-23 16:10
RTU_MAIN_TOP,5654,D1_U7.jpg,roi,C:\Users\PC4\Downloads\TUK_PCA\AOI\defect image\RTU_MAIN_TOP\00005654\D1_U7.jpg,.jpg,22010,2025-12-23 16:11
RTU_MAIN_TOP,5655,D1_R5.jpg,roi,C:\Users\PC4\Downloads\TUK_PCA\AOI\defect image\RTU_MAIN_TOP\00005655\D1_R5.jpg,.jpg,2639,2025-12-23 16:13
RTU_MAIN_TOP,5655,D1_U5.jpg,roi,C:\Users\PC4\Downloads\TUK_PCA\AOI\defect image\RTU_MAIN_TOP\00005655\D1_U5.jpg,.jpg,49167,2025-12-23 16:13
RTU_MAIN_TOP,5658,D0_U5.jpg,roi,C:\Users\PC4\Downloads\TUK_PCA\AOI\defect image\RTU_MAIN_TOP\00005658\D0_U5.jpg,.jpg,48735,2025-12-23 16:15
RTU_MAIN_TOP,5658,D0_U2.jpg,roi,C:\Users\PC4\Downloads\TUK_PCA\AOI\defect image\RTU_MAIN_TOP\00005658\D0_U2.jpg,.jpg,23077,2025-12-23 16:15
RTU_MAIN_TOP,5660,D1_J6.jpg,roi,C:\Users\PC4\Downloads\TUK_PCA\AOI\defect image\RTU_MAIN_TOP\00005660\D1_J6.jpg,.jpg,21276,2025-12-23 16:16
RTU_MAIN_TOP,5666,D0_J6.jpg,roi,C:\Users\PC4\Downloads\TUK_PCA\AOI\defect image\RTU_MAIN_TOP\00005666\D0_J6.jpg,.jpg,18565,2025-12-23 16:19
RTU_MAIN_TOP,5666,D1_J6.jpg,roi,C:\Users\PC4\Downloads\TUK_PCA\AOI\defect image\RTU_MAIN_TOP\00005666\D1_J6.jpg,.jpg,23576,2025-12-23 16:19
RTU_MAIN_TOP,5668,D1_Q1.jpg,roi,C:\Users\PC4\Downloads\TUK_PCA\AOI\defect image\RTU_MAIN_TOP\00005668\D1_Q1.jpg,.jpg,6872,2025-12-23 16:20
RTU_MAIN_TOP,5671,D1_J6.jpg,roi,C:\Users\PC4\Downloads\TUK_PCA\AOI\defect image\RTU_MAIN_TOP\00005671\D1_J6.jpg,.jpg,20856,2025-12-23 16:22
RTU_MAIN_TOP,5675,D0_J6.jpg,roi,C:\Users\PC4\Downloads\TUK_PCA\AOI\defect image\RTU_MAIN_TOP\00005675\D0_J6.jpg,.jpg,20300,2025-12-23 16:24
RTU_MAIN_TOP,5675,D1_J6.jpg,roi,C:\Users\PC4\Downloads\TUK_PCA\AOI\defect image\RTU_MAIN_TOP\00005675\D1_J6.jpg,.jpg,24157,2025-12-23 16:24
RTU_MAIN_TOP,5677,D0_R5.jpg,roi,C:\Users\PC4\Downloads\TUK_PCA\AOI\defect image\RTU_MAIN_TOP\00005677\D0_R5.jpg,.jpg,2612,2025-12-23 16:25
RTU_MAIN_TOP,5677,D0_U5.jpg,roi,C:\Users\PC4\Downloads\TUK_PCA\AOI\defect image\RTU_MAIN_TOP\00005677\D0_U5.jpg,.jpg,47622,2025-12-23 16:25
RTU_MAIN_TOP,5679,D0_U5.jpg,roi,C:\Users\PC4\Downloads\TUK_PCA\AOI\defect image\RTU_MAIN_TOP\00005679\D0_U5.jpg,.jpg,48433,2025-12-23 16:26
RTU_MAIN_TOP,5680,D1_U5.jpg,roi,C:\Users\PC4\Downloads\TUK_PCA\AOI\defect image\RTU_MAIN_TOP\00005680\D1_U5.jpg,.jpg,49532,2025-12-23 16:27
RTU_MAIN_TOP,5682,D0_J6.jpg,roi,C:\Users\PC4\Downloads\TUK_PCA\AOI\defect image\RTU_MAIN_TOP\00005682\D0_J6.jpg,.jpg,17942,2025-12-23 16:28
RTU_MAIN_TOP,5682,D1_J6.jpg,roi,C:\Users\PC4\Downloads\TUK_PCA\AOI\defect image\RTU_MAIN_TOP\00005682\D1_J6.jpg,.jpg,27070,2025-12-23 16:28
RTU_MAIN_TOP,5684,D1_U5.jpg,roi,C:\Users\PC4\Downloads\TUK_PCA\AOI\defect image\RTU_MAIN_TOP\00005684\D1_U5.jpg,.jpg,49714,2025-12-23 16:29
RTU_MAIN_TOP,5689,D1_D15.jpg,roi,C:\Users\PC4\Downloads\TUK_PCA\AOI\defect image\RTU_MAIN_TOP\00005689\D1_D15.jpg,.jpg,3402,2025-12-23 16:32
RTU_MAIN_TOP,5691,D0_LED2.jpg,roi,C:\Users\PC4\Downloads\TUK_PCA\AOI\defect image\RTU_MAIN_TOP\00005691\D0_LED2.jpg,.jpg,1869,2025-12-23 16:33
RTU_MAIN_TOP,5693,D1_D9.jpg,roi,C:\Users\PC4\Downloads\TUK_PCA\AOI\defect image\RTU_MAIN_TOP\00005693\D1_D9.jpg,.jpg,4403,2025-12-23 16:34
RTU_MAIN_TOP,5694,D0_J6.jpg,roi,C:\Users\PC4\Downloads\TUK_PCA\AOI\defect image\RTU_MAIN_TOP\00005694\D0_J6.jpg,.jpg,19193,2025-12-23 16:34
RTU_MAIN_TOP,5695,D1_Q1.jpg,roi,C:\Users\PC4\Downloads\TUK_PCA\AOI\defect image\RTU_MAIN_TOP\00005695\D1_Q1.jpg,.jpg,6567,2025-12-23 16:35
RTU_MAIN_TOP,5699,D1_TC1.jpg,roi,C:\Users\PC4\Downloads\TUK_PCA\AOI\defect image\RTU_MAIN_TOP\00005699\D1_TC1.jpg,.jpg,4988,2025-12-23 16:37
RTU_MAIN_TOP,5701,D0_LED2.jpg,roi,C:\Users\PC4\Downloads\TUK_PCA\AOI\defect image\RTU_MAIN_TOP\00005701\D0_LED2.jpg,.jpg,1882,2025-12-23 16:38
RTU_MAIN_TOP,5705,D1_U2.jpg,roi,C:\Users\PC4\Downloads\TUK_PCA\AOI\defect image\RTU_MAIN_TOP\00005705\D1_U2.jpg,.jpg,21865,2025-12-23 16:40
RTU_MAIN_TOP,5707,D1_R63.jpg,roi,C:\Users\PC4\Downloads\TUK_PCA\AOI\defect image\RTU_MAIN_TOP\00005707\D1_R63.jpg,.jpg,2389,2025-12-23 16:42
RTU_MAIN_TOP,5707,D1_U5.jpg,roi,C:\Users\PC4\Downloads\TUK_PCA\AOI\defect image\RTU_MAIN_TOP\00005707\D1_U5.jpg,.jpg,49667,2025-12-23 16:42
RTU_MAIN_TOP,5712,D1_J6.jpg,roi,C:\Users\PC4\Downloads\TUK_PCA\AOI\defect image\RTU_MAIN_TOP\00005712\D1_J6.jpg,.jpg,20790,2025-12-23 16:45
RTU_MAIN_TOP,5718,D1_U5.jpg,roi,C:\Users\PC4\Downloads\TUK_PCA\AOI\defect image\RTU_MAIN_TOP\00005718\D1_U5.jpg,.jpg,49217,2025-12-23 16:48
RTU_MAIN_TOP,5720,D1_LED2.jpg,roi,C:\Users\PC4\Downloads\TUK_PCA\AOI\defect image\RTU_MAIN_TOP\00005720\D1_LED2.jpg,.jpg,1793,2025-12-23 16:49
RTU_MAIN_TOP,5722,D1_U5.jpg,roi,C:\Users\PC4\Downloads\TUK_PCA\AOI\defect image\RTU_MAIN_TOP\00005722\D1_U5.jpg,.jpg,49353,2025-12-23 16:50
RTU_MAIN_TOP,5723,D1_J6.jpg,roi,C:\Users\PC4\Downloads\TUK_PCA\AOI\defect image\RTU_MAIN_TOP\00005723\D1_J6.jpg,.jpg,20170,2025-12-23 16:51
RTU_MAIN_TOP,5726,D1_D9.jpg,roi,C:\Users\PC4\Downloads\TUK_PCA\AOI\defect image\RTU_MAIN_TOP\00005726\D1_D9.jpg,.jpg,4525,2025-12-23 16:52
RTU_MAIN_TOP,5728,D0_U3.jpg,roi,C:\Users\PC4\Downloads\TUK_PCA\AOI\defect image\RTU_MAIN_TOP\00005728\D0_U3.jpg,.jpg,207493,2025-12-23 16:53
RTU_MAIN_TOP,5729,D0_U3.jpg,roi,C:\Users\PC4\Downloads\TUK_PCA\AOI\defect image\RTU_MAIN_TOP\00005729\D0_U3.jpg,.jpg,200994,2025-12-23 16:54
RTU_MAIN_TOP,5730,D1_J6.jpg,roi,C:\Users\PC4\Downloads\TUK_PCA\AOI\defect image\RTU_MAIN_TOP\00005730\D1_J6.jpg,.jpg,20463,2025-12-23 16:55
RTU_MAIN_TOP,5731,D1_D16.jpg,roi,C:\Users\PC4\Downloads\TUK_PCA\AOI\defect image\RTU_MAIN_TOP\00005731\D1_D16.jpg,.jpg,3778,2025-12-23 16:55
RTU_MAIN_TOP,5731,D1_U7.jpg,roi,C:\Users\PC4\Downloads\TUK_PCA\AOI\defect image\RTU_MAIN_TOP\00005731\D1_U7.jpg,.jpg,21563,2025-12-23 16:55
RTU_MAIN_TOP,5735,D0_R57.jpg,roi,C:\Users\PC4\Downloads\TUK_PCA\AOI\defect image\RTU_MAIN_TOP\00005735\D0_R57.jpg,.jpg,2153,2025-12-23 16:57
RTU_MAIN_TOP,5740,D0_U5.jpg,roi,C:\Users\PC4\Downloads\TUK_PCA\AOI\defect image\RTU_MAIN_TOP\00005740\D0_U5.jpg,.jpg,48023,2025-12-23 17:00
RTU_MAIN_TOP,5741,D0_U5.jpg,roi,C:\Users\PC4\Downloads\TUK_PCA\AOI\defect image\RTU_MAIN_TOP\00005741\D0_U5.jpg,.jpg,50379,2025-12-23 17:00
RTU_MAIN_TOP,5753,D0_J6.jpg,roi,C:\Users\PC4\Downloads\TUK_PCA\AOI\defect image\RTU_MAIN_TOP\00005753\D0_J6.jpg,.jpg,18516,2025-12-23 17:07
RTU_MAIN_TOP,5753,D0_U5.jpg,roi,C:\Users\PC4\Downloads\TUK_PCA\AOI\defect image\RTU_MAIN_TOP\00005753\D0_U5.jpg,.jpg,48986,2025-12-23 17:07
RTU_MAIN_TOP,5753,D1_J6.jpg,roi,C:\Users\PC4\Downloads\TUK_PCA\AOI\defect image\RTU_MAIN_TOP\00005753\D1_J6.jpg,.jpg,20881,2025-12-23 17:07
RTU_MAIN_TOP,5753,D1_U5.jpg,roi,C:\Users\PC4\Downloads\TUK_PCA\AOI\defect image\RTU_MAIN_TOP\00005753\D1_U5.jpg,.jpg,49677,2025-12-23 17:07
RTU_MAIN_TOP,5754,D0_U5.jpg,roi,C:\Users\PC4\Downloads\TUK_PCA\AOI\defect image\RTU_MAIN_TOP\00005754\D0_U5.jpg,.jpg,49128,2025-12-23 17:08
RTU_MAIN_TOP,5756,D0_FB5.jpg,roi,C:\Users\PC4\Downloads\TUK_PCA\AOI\defect image\RTU_MAIN_TOP\00005756\D0_FB5.jpg,.jpg,1729,2025-12-23 17:09
RTU_MAIN_TOP,5757,D1_U5.jpg,roi,C:\Users\PC4\Downloads\TUK_PCA\AOI\defect image\RTU_MAIN_TOP\00005757\D1_U5.jpg,.jpg,48514,2025-12-23 17:09
RTU_MAIN_TOP,5765,D1_J6.jpg,roi,C:\Users\PC4\Downloads\TUK_PCA\AOI\defect image\RTU_MAIN_TOP\00005765\D1_J6.jpg,.jpg,21352,2025-12-23 17:14
RTU_MAIN_TOP,5772,D0_R62.jpg,roi,C:\Users\PC4\Downloads\TUK_PCA\AOI\defect image\RTU_MAIN_TOP\00005772\D0_R62.jpg,.jpg,2244,2025-12-23 17:17
RTU_MAIN_TOP,5772,D0_J6.jpg,roi,C:\Users\PC4\Downloads\TUK_PCA\AOI\defect image\RTU_MAIN_TOP\00005772\D0_J6.jpg,.jpg,19937,2025-12-23 17:17
RTU_MAIN_TOP,5772,D1_TC1.jpg,roi,C:\Users\PC4\Downloads\TUK_PCA\AOI\defect image\RTU_MAIN_TOP\00005772\D1_TC1.jpg,.jpg,4780,2025-12-23 17:17
RTU_MAIN_TOP,5773,D1_U5.jpg,roi,C:\Users\PC4\Downloads\TUK_PCA\AOI\defect image\RTU_MAIN_TOP\00005773\D1_U5.jpg,.jpg,49252,2025-12-23 17:18
RTU_MAIN_TOP,5774,D0_J6.jpg,roi,C:\Users\PC4\Downloads\TUK_PCA\AOI\defect image\RTU_MAIN_TOP\00005774\D0_J6.jpg,.jpg,18242,2025-12-23 17:18
RTU_MAIN_TOP,5774,D1_J6.jpg,roi,C:\Users\PC4\Downloads\TUK_PCA\AOI\defect image\RTU_MAIN_TOP\00005774\D1_J6.jpg,.jpg,20969,2025-12-23 17:18
RTU_MAIN_TOP,5776,D1_J6.jpg,roi,C:\Users\PC4\Downloads\TUK_PCA\AOI\defect image\RTU_MAIN_TOP\00005776\D1_J6.jpg,.jpg,23731,2025-12-23 17:20
RTU_MAIN_TOP,5780,D0_U2.jpg,roi,C:\Users\PC4\Downloads\TUK_PCA\AOI\defect image\RTU_MAIN_TOP\00005780\D0_U2.jpg,.jpg,23100,2025-12-23 17:22
RTU_MAIN_TOP,5781,D1_R6.jpg,roi,C:\Users\PC4\Downloads\TUK_PCA\AOI\defect image\RTU_MAIN_TOP\00005781\D1_R6.jpg,.jpg,2423,2025-12-23 17:22
RTU_MAIN_TOP,5788,D1_C33.jpg,roi,C:\Users\PC4\Downloads\TUK_PCA\AOI\defect image\RTU_MAIN_TOP\00005788\D1_C33.jpg,.jpg,2056,2025-12-23 17:26
RTU_MAIN_TOP,5789,D0_J6.jpg,roi,C:\Users\PC4\Downloads\TUK_PCA\AOI\defect image\RTU_MAIN_TOP\00005789\D0_J6.jpg,.jpg,18081,2025-12-23 17:27
RTU_MAIN_TOP,5808,D1_U5.jpg,roi,C:\Users\PC4\Downloads\TUK_PCA\AOI\defect image\RTU_MAIN_TOP\00005808\D1_U5.jpg,.jpg,48942,2025-12-23 17:37
RTU_MAIN_TOP,5817,D1_U2.jpg,roi,C:\Users\PC4\Downloads\TUK_PCA\AOI\defect image\RTU_MAIN_TOP\00005817\D1_U2.jpg,.jpg,23617,2025-12-23 17:42
RTU_MAIN_TOP,5819,D1_J6.jpg,roi,C:\Users\PC4\Downloads\TUK_PCA\AOI\defect image\RTU_MAIN_TOP\00005819\D1_J6.jpg,.jpg,20015,2025-12-23 17:43
RTU_MAIN_TOP,5827,D0_U7.jpg,roi,C:\Users\PC4\Downloads\TUK_PCA\AOI\defect image\RTU_MAIN_TOP\00005827\D0_U7.jpg,.jpg,22120,2025-12-23 17:47
RTU_MAIN_TOP,5836,D1_U5.jpg,roi,C:\Users\PC4\Downloads\TUK_PCA\AOI\defect image\RTU_MAIN_TOP\00005836\D1_U5.jpg,.jpg,49489,2025-12-23 17:52
RTU_MAIN_TOP,5842,D0_U2.jpg,roi,C:\Users\PC4\Downloads\TUK_PCA\AOI\defect image\RTU_MAIN_TOP\00005842\D0_U2.jpg,.jpg,23458,2025-12-23 17:55
RTU_MAIN_TOP,5847,D1_U7.jpg,roi,C:\Users\PC4\Downloads\TUK_PCA\AOI\defect image\RTU_MAIN_TOP\00005847\D1_U7.jpg,.jpg,21757,2025-12-23 17:58
RTU_MAIN_TOP,5856,D1_SW1.jpg,roi,C:\Users\PC4\Downloads\TUK_PCA\AOI\defect image\RTU_MAIN_TOP\00005856\D1_SW1.jpg,.jpg,12060,2025-12-23 18:03
RTU_MAIN_TOP,5863,D1_J6.jpg,roi,C:\Users\PC4\Downloads\TUK_PCA\AOI\defect image\RTU_MAIN_TOP\00005863\D1_J6.jpg,.jpg,20076,2025-12-23 18:07
RTU_MAIN_TOP,5871,D0_D9.jpg,roi,C:\Users\PC4\Downloads\TUK_PCA\AOI\defect image\RTU_MAIN_TOP\00005871\D0_D9.jpg,.jpg,4502,2025-12-23 18:11
RTU_MAIN_TOP,5881,D1_D9.jpg,roi,C:\Users\PC4\Downloads\TUK_PCA\AOI\defect image\RTU_MAIN_TOP\00005881\D1_D9.jpg,.jpg,4520,2025-12-23 18:17
RTU_MAIN_TOP,5882,D0_U2.jpg,roi,C:\Users\PC4\Downloads\TUK_PCA\AOI\defect image\RTU_MAIN_TOP\00005882\D0_U2.jpg,.jpg,23166,2025-12-23 18:17
RTU_MAIN_TOP,5882,D0_U5.jpg,roi,C:\Users\PC4\Downloads\TUK_PCA\AOI\defect image\RTU_MAIN_TOP\00005882\D0_U5.jpg,.jpg,49536,2025-12-23 18:17
RTU_MAIN_TOP,5882,D1_D2.jpg,roi,C:\Users\PC4\Downloads\TUK_PCA\AOI\defect image\RTU_MAIN_TOP\00005882\D1_D2.jpg,.jpg,4747,2025-12-23 18:17
RTU_MAIN_TOP,5885,D1_U7.jpg,roi,C:\Users\PC4\Downloads\TUK_PCA\AOI\defect image\RTU_MAIN_TOP\00005885\D1_U7.jpg,.jpg,22085,2025-12-23 18:19
RTU_MAIN_TOP,5894,D1_U5.jpg,roi,C:\Users\PC4\Downloads\TUK_PCA\AOI\defect image\RTU_MAIN_TOP\00005894\D1_U5.jpg,.jpg,49722,2025-12-23 18:24
RTU_MAIN_TOP,5900,D1_J6.jpg,roi,C:\Users\PC4\Downloads\TUK_PCA\AOI\defect image\RTU_MAIN_TOP\00005900\D1_J6.jpg,.jpg,20467,2025-12-23 18:27
RTU_MAIN_TOP,5903,D0_J6.jpg,roi,C:\Users\PC4\Downloads\TUK_PCA\AOI\defect image\RTU_MAIN_TOP\00005903\D0_J6.jpg,.jpg,21498,2025-12-23 18:28
RTU_MAIN_TOP,5904,D1_U5.jpg,roi,C:\Users\PC4\Downloads\TUK_PCA\AOI\defect image\RTU_MAIN_TOP\00005904\D1_U5.jpg,.jpg,49586,2025-12-23 18:29
RTU_MAIN_TOP,5906,D1_U7.jpg,roi,C:\Users\PC4\Downloads\TUK_PCA\AOI\defect image\RTU_MAIN_TOP\00005906\D1_U7.jpg,.jpg,21387,2025-12-23 18:30
RTU_MAIN_TOP,5909,D0_D9.jpg,roi,C:\Users\PC4\Downloads\TUK_PCA\AOI\defect image\RTU_MAIN_TOP\00005909\D0_D9.jpg,.jpg,4546,2025-12-23 18:32
RTU_MAIN_TOP,5928,D0_U2.jpg,roi,C:\Users\PC4\Downloads\TUK_PCA\AOI\defect image\RTU_MAIN_TOP\00005928\D0_U2.jpg,.jpg,23792,2025-12-23 18:42
RTU_MAIN_TOP,5929,D0_J6.jpg,roi,C:\Users\PC4\Downloads\TUK_PCA\AOI\defect image\RTU_MAIN_TOP\00005929\D0_J6.jpg,.jpg,19560,2025-12-23 18:43
RTU_MAIN_TOP,5932,D1_U7.jpg,roi,C:\Users\PC4\Downloads\TUK_PCA\AOI\defect image\RTU_MAIN_TOP\00005932\D1_U7.jpg,.jpg,20996,2025-12-23 18:44
RTU_MAIN_TOP,5935,D1_D2.jpg,roi,C:\Users\PC4\Downloads\TUK_PCA\AOI\defect image\RTU_MAIN_TOP\00005935\D1_D2.jpg,.jpg,4557,2025-12-23 18:46
RTU_MAIN_TOP,5959,D1_D2.jpg,roi,C:\Users\PC4\Downloads\TUK_PCA\AOI\defect image\RTU_MAIN_TOP\00005959\D1_D2.jpg,.jpg,4596,2025-12-23 18:59
RTU_MAIN_TOP,5960,D0_R57.jpg,roi,C:\Users\PC4\Downloads\TUK_PCA\AOI\defect image\RTU_MAIN_TOP\00005960\D0_R57.jpg,.jpg,2218,2025-12-23 19:00
RTU_MAIN_TOP,5960,D0_J6.jpg,roi,C:\Users\PC4\Downloads\TUK_PCA\AOI\defect image\RTU_MAIN_TOP\00005960\D0_J6.jpg,.jpg,18446,2025-12-23 19:00
RTU_MAIN_TOP,5960,D1_J6.jpg,roi,C:\Users\PC4\Downloads\TUK_PCA\AOI\defect image\RTU_MAIN_TOP\00005960\D1_J6.jpg,.jpg,20645,2025-12-23 19:00
RTU_MAIN_TOP,5960,D1_U7.jpg,roi,C:\Users\PC4\Downloads\TUK_PCA\AOI\defect image\RTU_MAIN_TOP\00005960\D1_U7.jpg,.jpg,22008,2025-12-23 19:00
RTU_MAIN_TOP,5962,D1_Q4.jpg,roi,C:\Users\PC4\Downloads\TUK_PCA\AOI\defect image\RTU_MAIN_TOP\00005962\D1_Q4.jpg,.jpg,6690,2025-12-23 19:01
RTU_MAIN_TOP,5969,D1_D2.jpg,roi,C:\Users\PC4\Downloads\TUK_PCA\AOI\defect image\RTU_MAIN_TOP\00005969\D1_D2.jpg,.jpg,4396,2025-12-23 19:04
RTU_MAIN_TOP,5974,D1_J6.jpg,roi,C:\Users\PC4\Downloads\TUK_PCA\AOI\defect image\RTU_MAIN_TOP\00005974\D1_J6.jpg,.jpg,21787,2025-12-23 19:07
RTU_MAIN_TOP,5977,D1_D9.jpg,roi,C:\Users\PC4\Downloads\TUK_PCA\AOI\defect image\RTU_MAIN_TOP\00005977\D1_D9.jpg,.jpg,4318,2025-12-23 19:09
RTU_MAIN_TOP,5980,D0_U2.jpg,roi,C:\Users\PC4\Downloads\TUK_PCA\AOI\defect image\RTU_MAIN_TOP\00005980\D0_U2.jpg,.jpg,22917,2025-12-23 19:10
RTU_MAIN_TOP,5997,D1_R63.jpg,roi,C:\Users\PC4\Downloads\TUK_PCA\AOI\defect image\RTU_MAIN_TOP\00005997\D1_R63.jpg,.jpg,2484,2025-12-23 19:20
RTU_MAIN_TOP,5997,D1_U2.jpg,roi,C:\Users\PC4\Downloads\TUK_PCA\AOI\defect image\RTU_MAIN_TOP\00005997\D1_U2.jpg,.jpg,22066,2025-12-23 19:20
RTU_MAIN_TOP,5998,D1_U5.jpg,roi,C:\Users\PC4\Downloads\TUK_PCA\AOI\defect image\RTU_MAIN_TOP\00005998\D1_U5.jpg,.jpg,49573,2025-12-23 19:20
RTU_MAIN_TOP,6000,D0_J6.jpg,roi,C:\Users\PC4\Downloads\TUK_PCA\AOI\defect image\RTU_MAIN_TOP\00006000\D0_J6.jpg,.jpg,19501,2025-12-23 19:21
RTU_MAIN_TOP,6000,D1_J6.jpg,roi,C:\Users\PC4\Downloads\TUK_PCA\AOI\defect image\RTU_MAIN_TOP\00006000\D1_J6.jpg,.jpg,21424,2025-12-23 19:21
RTU_MAIN_TOP,6009,D1_TC1.jpg,roi,C:\Users\PC4\Downloads\TUK_PCA\AOI\defect image\RTU_MAIN_TOP\00006009\D1_TC1.jpg,.jpg,5048,2025-12-23 19:26
RTU_MAIN_TOP,6009,D1_U7.jpg,roi,C:\Users\PC4\Downloads\TUK_PCA\AOI\defect image\RTU_MAIN_TOP\00006009\D1_U7.jpg,.jpg,21349,2025-12-23 19:26
RTU_MAIN_TOP,6026,D1_J6.jpg,roi,C:\Users\PC4\Downloads\TUK_PCA\AOI\defect image\RTU_MAIN_TOP\00006026\D1_J6.jpg,.jpg,22229,2025-12-23 19:35
RTU_MAIN_TOP,6026,D1_Q4.jpg,roi,C:\Users\PC4\Downloads\TUK_PCA\AOI\defect image\RTU_MAIN_TOP\00006026\D1_Q4.jpg,.jpg,6955,2025-12-23 19:35
RTU_MAIN_TOP,6027,D0_U3.jpg,roi,C:\Users\PC4\Downloads\TUK_PCA\AOI\defect image\RTU_MAIN_TOP\00006027\D0_U3.jpg,.jpg,196319,2025-12-23 19:36
RTU_MAIN_TOP,6029,D0_U2.jpg,roi,C:\Users\PC4\Downloads\TUK_PCA\AOI\defect image\RTU_MAIN_TOP\00006029\D0_U2.jpg,.jpg,23320,2025-12-23 19:37
RTU_MAIN_TOP,6038,D1_U2.jpg,roi,C:\Users\PC4\Downloads\TUK_PCA\AOI\defect image\RTU_MAIN_TOP\00006038\D1_U2.jpg,.jpg,23315,2025-12-23 19:42
RTU_MAIN_TOP,6040,D1_U2.jpg,roi,C:\Users\PC4\Downloads\TUK_PCA\AOI\defect image\RTU_MAIN_TOP\00006040\D1_U2.jpg,.jpg,23217,2025-12-23 19:43
RTU_MAIN_TOP,6049,D1_R5.jpg,roi,C:\Users\PC4\Downloads\TUK_PCA\AOI\defect image\RTU_MAIN_TOP\00006049\D1_R5.jpg,.jpg,2410,2025-12-23 19:48
RTU_MAIN_TOP,6062,D0_LED1.jpg,roi,C:\Users\PC4\Downloads\TUK_PCA\AOI\defect image\RTU_MAIN_TOP\00006062\D0_LED1.jpg,.jpg,2161,2025-12-23 19:55
RTU_MAIN_TOP,6081,D1_D9.jpg,roi,C:\Users\PC4\Downloads\TUK_PCA\AOI\defect image\RTU_MAIN_TOP\00006081\D1_D9.jpg,.jpg,4493,2025-12-23 20:05
RTU_MAIN_TOP,6084,D1_Q1.jpg,roi,C:\Users\PC4\Downloads\TUK_PCA\AOI\defect image\RTU_MAIN_TOP\00006084\D1_Q1.jpg,.jpg,7137,2025-12-23 20:07
RTU_MAIN_TOP,6085,D0_LED2.jpg,roi,C:\Users\PC4\Downloads\TUK_PCA\AOI\defect image\RTU_MAIN_TOP\00006085\D0_LED2.jpg,.jpg,1906,2025-12-23 20:08
RTU_MAIN_TOP,6092,D1_U5.jpg,roi,C:\Users\PC4\Downloads\TUK_PCA\AOI\defect image\RTU_MAIN_TOP\00006092\D1_U5.jpg,.jpg,48680,2025-12-23 20:12
RTU_MAIN_TOP,6095,D0_U7.jpg,roi,C:\Users\PC4\Downloads\TUK_PCA\AOI\defect image\RTU_MAIN_TOP\00006095\D0_U7.jpg,.jpg,21556,2025-12-23 20:13
RTU_MAIN_TOP,6096,D1_J6.jpg,roi,C:\Users\PC4\Downloads\TUK_PCA\AOI\defect image\RTU_MAIN_TOP\00006096\D1_J6.jpg,.jpg,20790,2025-12-23 20:14
RTU_MAIN_TOP,6097,D0_U7.jpg,roi,C:\Users\PC4\Downloads\TUK_PCA\AOI\defect image\RTU_MAIN_TOP\00006097\D0_U7.jpg,.jpg,21402,2025-12-23 20:14
RTU_MAIN_TOP,6097,D1_J6.jpg,roi,C:\Users\PC4\Downloads\TUK_PCA\AOI\defect image\RTU_MAIN_TOP\00006097\D1_J6.jpg,.jpg,29923,2025-12-23 20:14
RTU_MAIN_TOP,6097,D1_R19.jpg,roi,C:\Users\PC4\Downloads\TUK_PCA\AOI\defect image\RTU_MAIN_TOP\00006097\D1_R19.jpg,.jpg,2411,2025-12-23 20:14
RTU_MAIN_TOP,6097,D1_TC1.jpg,roi,C:\Users\PC4\Downloads\TUK_PCA\AOI\defect image\RTU_MAIN_TOP\00006097\D1_TC1.jpg,.jpg,5192,2025-12-23 20:14
RTU_MAIN_TOP,6104,D0_J6.jpg,roi,C:\Users\PC4\Downloads\TUK_PCA\AOI\defect image\RTU_MAIN_TOP\00006104\D0_J6.jpg,.jpg,17906,2025-12-23 20:18
RTU_MAIN_TOP,6106,D1_U5.jpg,roi,C:\Users\PC4\Downloads\TUK_PCA\AOI\defect image\RTU_MAIN_TOP\00006106\D1_U5.jpg,.jpg,48535,2025-12-23 20:19
RTU_MAIN_TOP,6108,D0_U5.jpg,roi,C:\Users\PC4\Downloads\TUK_PCA\AOI\defect image\RTU_MAIN_TOP\00006108\D0_U5.jpg,.jpg,47323,2025-12-23 20:20
RTU_MAIN_TOP,6108,D1_U7.jpg,roi,C:\Users\PC4\Downloads\TUK_PCA\AOI\defect image\RTU_MAIN_TOP\00006108\D1_U7.jpg,.jpg,21733,2025-12-23 20:20
RTU_MAIN_TOP,6109,D0_U5.jpg,roi,C:\Users\PC4\Downloads\TUK_PCA\AOI\defect image\RTU_MAIN_TOP\00006109\D0_U5.jpg,.jpg,49124,2025-12-23 20:21
RTU_MAIN_TOP,6109,D0_U7.jpg,roi,C:\Users\PC4\Downloads\TUK_PCA\AOI\defect image\RTU_MAIN_TOP\00006109\D0_U7.jpg,.jpg,22079,2025-12-23 20:21
RTU_MAIN_TOP,6109,D1_U5.jpg,roi,C:\Users\PC4\Downloads\TUK_PCA\AOI\defect image\RTU_MAIN_TOP\00006109\D1_U5.jpg,.jpg,49187,2025-12-23 20:21
RTU_MAIN_TOP,6109,D1_U7.jpg,roi,C:\Users\PC4\Downloads\TUK_PCA\AOI\defect image\RTU_MAIN_TOP\00006109\D1_U7.jpg,.jpg,21372,2025-12-23 20:21
RTU_MAIN_TOP,6110,D1_J6.jpg,roi,C:\Users\PC4\Downloads\TUK_PCA\AOI\defect image\RTU_MAIN_TOP\00006110\D1_J6.jpg,.jpg,20448,2025-12-23 20:21
RTU_MAIN_TOP,6111,D0_U7.jpg,roi,C:\Users\PC4\Downloads\TUK_PCA\AOI\defect image\RTU_MAIN_TOP\00006111\D0_U7.jpg,.jpg,21931,2025-12-23 20:22
RTU_MAIN_TOP,6117,D0_C42.jpg,roi,C:\Users\PC4\Downloads\TUK_PCA\AOI\defect image\RTU_MAIN_TOP\00006117\D0_C42.jpg,.jpg,2027,2025-12-23 20:25
RTU_MAIN_TOP,6118,D1_U5.jpg,roi,C:\Users\PC4\Downloads\TUK_PCA\AOI\defect image\RTU_MAIN_TOP\00006118\D1_U5.jpg,.jpg,48800,2025-12-23 20:26
RTU_MAIN_TOP,6122,D1_Q1.jpg,roi,C:\Users\PC4\Downloads\TUK_PCA\AOI\defect image\RTU_MAIN_TOP\00006122\D1_Q1.jpg,.jpg,6747,2025-12-23 20:28
RTU_MAIN_TOP,6125,D0_Q1.jpg,roi,C:\Users\PC4\Downloads\TUK_PCA\AOI\defect image\RTU_MAIN_TOP\00006125\D0_Q1.jpg,.jpg,7114,2025-12-23 20:29
RTU_MAIN_TOP,6126,D0_J6.jpg,roi,C:\Users\PC4\Downloads\TUK_PCA\AOI\defect image\RTU_MAIN_TOP\00006126\D0_J6.jpg,.jpg,18185,2025-12-23 20:30
RTU_MAIN_TOP,6126,D1_C33.jpg,roi,C:\Users\PC4\Downloads\TUK_PCA\AOI\defect image\RTU_MAIN_TOP\00006126\D1_C33.jpg,.jpg,1973,2025-12-23 20:30
RTU_MAIN_TOP,6126,D1_J6.jpg,roi,C:\Users\PC4\Downloads\TUK_PCA\AOI\defect image\RTU_MAIN_TOP\00006126\D1_J6.jpg,.jpg,21295,2025-12-23 20:30
RTU_MAIN_TOP,6127,D1_R61.jpg,roi,C:\Users\PC4\Downloads\TUK_PCA\AOI\defect image\RTU_MAIN_TOP\00006127\D1_R61.jpg,.jpg,2477,2025-12-23 20:30
RTU_MAIN_TOP,6128,D0_J6.jpg,roi,C:\Users\PC4\Downloads\TUK_PCA\AOI\defect image\RTU_MAIN_TOP\00006128\D0_J6.jpg,.jpg,22277,2025-12-23 20:32
RTU_MAIN_TOP,6128,D0_U7.jpg,roi,C:\Users\PC4\Downloads\TUK_PCA\AOI\defect image\RTU_MAIN_TOP\00006128\D0_U7.jpg,.jpg,21747,2025-12-23 20:32
RTU_MAIN_TOP,6128,D1_J6.jpg,roi,C:\Users\PC4\Downloads\TUK_PCA\AOI\defect image\RTU_MAIN_TOP\00006128\D1_J6.jpg,.jpg,23266,2025-12-23 20:32
RTU_MAIN_TOP,6128,D1_U5.jpg,roi,C:\Users\PC4\Downloads\TUK_PCA\AOI\defect image\RTU_MAIN_TOP\00006128\D1_U5.jpg,.jpg,48842,2025-12-23 20:32
RTU_MAIN_TOP,6132,D1_D9.jpg,roi,C:\Users\PC4\Downloads\TUK_PCA\AOI\defect image\RTU_MAIN_TOP\00006132\D1_D9.jpg,.jpg,4562,2025-12-23 20:35
RTU_MAIN_TOP,6138,D0_D2.jpg,roi,C:\Users\PC4\Downloads\TUK_PCA\AOI\defect image\RTU_MAIN_TOP\00006138\D0_D2.jpg,.jpg,4812,2025-12-23 20:41
RTU_MAIN_TOP,6139,D1_U5.jpg,roi,C:\Users\PC4\Downloads\TUK_PCA\AOI\defect image\RTU_MAIN_TOP\00006139\D1_U5.jpg,.jpg,49415,2025-12-23 20:41
RTU_MAIN_TOP,6140,D1_U5.jpg,roi,C:\Users\PC4\Downloads\TUK_PCA\AOI\defect image\RTU_MAIN_TOP\00006140\D1_U5.jpg,.jpg,49120,2025-12-23 20:44
RTU_MAIN_TOP,6141,G1_Q1.jpg,roi,C:\Users\PC4\Downloads\TUK_PCA\AOI\defect image\RTU_MAIN_TOP\00006141\G1_Q1.jpg,.jpg,6643,2025-12-23 22:27
RTU_MAIN_TOP,6141,G1_U5.jpg,roi,C:\Users\PC4\Downloads\TUK_PCA\AOI\defect image\RTU_MAIN_TOP\00006141\G1_U5.jpg,.jpg,46576,2025-12-23 22:27
RTU_MAIN_TOP,6141,D1_Q1.jpg,roi,C:\Users\PC4\Downloads\TUK_PCA\AOI\defect image\RTU_MAIN_TOP\00006141\D1_Q1.jpg,.jpg,6880,2025-12-23 22:28
RTU_MAIN_TOP,6141,D1_U5.jpg,roi,C:\Users\PC4\Downloads\TUK_PCA\AOI\defect image\RTU_MAIN_TOP\00006141\D1_U5.jpg,.jpg,50849,2025-12-23 22:28
