Inspector,Model,SerialNo,Start Date,End Date,Module ID,Ref. ID,Window ID,DefectType,PartName,Lot ID,source_file,Start Date_dt,End Date_dt
MV-6E,EOS_T001-TOP,94,2025-10-20 11:58,2025-10-20 11:58,0,D6,0,Missing,CL-BIT2012UYG,,00000094_8.txt,2025-10-20 11:58,2025-10-20 11:58
MV-6E,EOS_T001-TOP,94,2025-10-20 11:58,2025-10-20 11:58,2,D6,0,Missing,CL-BIT2012UYG,,00000094_8.txt,2025-10-20 11:58,2025-10-20 11:58
MV-6E,EOS_T001-TOP,94,2025-10-20 11:58,2025-10-20 11:58,3,D6,0,Missing,CL-BIT2012UYG,,00000094_8.txt,2025-10-20 11:58,2025-10-20 11:58
MV-6E,EOS_T001-TOP,95,2025-10-20 11:59,2025-10-20 11:59,2,D6,0,Missing,CL-BIT2012UYG,,00000095_8.txt,2025-10-20 11:59,2025-10-20 11:59
MV-6E,EOS_T001-TOP,100,2025-10-20 12:01,2025-10-20 12:01,0,D6,0,Missing,CL-BIT2012UYG,,00000100_7.txt,2025-10-20 12:01,2025-10-20 12:01
MV-6E,EOS_T001-TOP,100,2025-10-20 12:01,2025-10-20 12:01,2,D6,0,Missing,CL-BIT2012UYG,,00000100_7.txt,2025-10-20 12:01,2025-10-20 12:01
MV-6E,EOS_T001-TOP,108,2025-10-20 12:04,2025-10-20 12:04,3,D6,0,Missing,CL-BIT2012UYG,,00000108_8.txt,2025-10-20 12:04,2025-10-20 12:04
MV-6E,EOS_T001-TOP,128,2025-10-20 12:13,2025-10-20 12:13,3,D6,0,Missing,CL-BIT2012UYG,,00000128_8.txt,2025-10-20 12:13,2025-10-20 12:13
MV-6E,EOS_T001-TOP,129,2025-10-20 12:14,2025-10-20 12:14,2,D6,0,Missing,CL-BIT2012UYG,,00000129_8.txt,2025-10-20 12:14,2025-10-20 12:14
MV-6E,EOS_T001-TOP,130,2025-10-20 12:14,2025-10-20 12:14,3,D6,0,Missing,CL-BIT2012UYG,,00000130_8.txt,2025-10-20 12:14,2025-10-20 12:14
MV-6E,EOS_T001-TOP,135,2025-10-20 12:16,2025-10-20 12:16,1,D6,0,Missing,CL-BIT2012UYG,,00000135_7.txt,2025-10-20 12:16,2025-10-20 12:16
MV-6E,EOS_T001-TOP,140,2025-10-20 12:19,2025-10-20 12:19,2,D6,0,Missing,CL-BIT2012UYG,,00000140_7.txt,2025-10-20 12:19,2025-10-20 12:19
MV-6E,EOS_T001-TOP,142,2025-10-20 12:20,2025-10-20 12:20,1,D6,0,Missing,CL-BIT2012UYG,,00000142_7.txt,2025-10-20 12:20,2025-10-20 12:20
MV-6E,EOS_T001-TOP,160,2025-10-20 12:28,2025-10-20 12:28,0,D6,0,Missing,CL-BIT2012UYG,,00000160_6.txt,2025-10-20 12:28,2025-10-20 12:28
MV-6E,EOS_T001-TOP,167,2025-10-20 12:31,2025-10-20 12:31,2,D6,0,Missing,CL-BIT2012UYG,,00000167_6.txt,2025-10-20 12:31,2025-10-20 12:31
MV-6E,EOS_T001-TOP,174,2025-10-20 12:34,2025-10-20 12:34,1,D6,0,Missing,CL-BIT2012UYG,,00000174_6.txt,2025-10-20 12:34,2025-10-20 12:34
MV-6E,EOS_T001-TOP,186,2025-10-20 12:39,2025-10-20 12:39,2,D6,0,Missing,CL-BIT2012UYG,,00000186_6.txt,2025-10-20 12:39,2025-10-20 12:39
MV-6E,EOS_T001-TOP,196,2025-10-20 12:44,2025-10-20 12:44,3,D6,0,Missing,CL-BIT2012UYG,,00000196_6.txt,2025-10-20 12:44,2025-10-20 12:44
MV-6E,EOS_T001-TOP,201,2025-10-20 12:46,2025-10-20 12:46,1,D6,0,Missing,CL-BIT2012UYG,,00000201_6.txt,2025-10-20 12:46,2025-10-20 12:46
MV-6E,EOS_T001-TOP,201,2025-10-20 12:46,2025-10-20 12:46,2,D6,0,Missing,CL-BIT2012UYG,,00000201_6.txt,2025-10-20 12:46,2025-10-20 12:46
MV-6E,EOS_T001-TOP,206,2025-10-20 12:48,2025-10-20 12:48,2,D6,0,Missing,CL-BIT2012UYG,,00000206_6.txt,2025-10-20 12:48,2025-10-20 12:48
MV-6E,EOS_T001-TOP,223,2025-10-20 12:56,2025-10-20 12:56,2,D6,0,Missing,CL-BIT2012UYG,,00000223_5.txt,2025-10-20 12:56,2025-10-20 12:56
MV-6E,EOS_T001-TOP,226,2025-10-20 12:57,2025-10-20 12:57,1,D6,0,Missing,CL-BIT2012UYG,,00000226_5.txt,2025-10-20 12:57,2025-10-20 12:57
MV-6E,EOS_T001-BOT,5,2025-10-20 15:12,2025-10-20 15:12,0,U1,3,Bridge,MC96F6432AQBN,,00000005_10.txt,2025-10-20 15:12,2025-10-20 15:12
MV-6E,EOS_T001-BOT,42,2025-10-20 15:53,2025-10-20 15:53,3,IC2,0,Missing,LM78L05F,,00000042_10.txt,2025-10-20 15:53,2025-10-20 15:53
MV-6E,EOS_T001-BOT,58,2025-10-20 16:03,2025-10-20 16:03,0,Q3,0,Rotate,KTC3876S,,00000058_10.txt,2025-10-20 16:03,2025-10-20 16:03
MV-6E,EOS_T001-BOT,83,2025-10-20 16:18,2025-10-20 16:18,3,Q1,0,Shift,KTC3876S,,00000083_9.txt,2025-10-20 16:18,2025-10-20 16:18
MV-6E,EOS_T001-BOT,84,2025-10-20 16:19,2025-10-20 16:19,3,Q1,0,Shift,KTC3876S,,00000084_9.txt,2025-10-20 16:19,2025-10-20 16:19
MV-6E,EOS_T001-BOT,99,2025-10-20 16:28,2025-10-20 16:28,2,Q2,0,Shift,KTC3876S,,00000099_9.txt,2025-10-20 16:28,2025-10-20 16:28
MV-6E,EOS_T001-BOT,101,2025-10-20 16:29,2025-10-20 16:29,3,Q2,0,Shift,KTC3876S,,00000101_8.txt,2025-10-20 16:29,2025-10-20 16:29
MV-6E,EOS_T001-BOT,109,2025-10-20 16:34,2025-10-20 16:34,1,Q2,0,Shift,KTC3876S,,00000109_9.txt,2025-10-20 16:34,2025-10-20 16:34
MV-6E,EOS_T001-BOT,112,2025-10-20 16:36,2025-10-20 16:36,1,R13,3,WrongPart,WR08X561JTL,,00000112_9.txt,2025-10-20 16:36,2025-10-20 16:36
MV-6E,EOS_T001-BOT,112,2025-10-20 16:36,2025-10-20 16:36,3,R21,3,WrongPart,WR08X561JTL,,00000112_9.txt,2025-10-20 16:36,2025-10-20 16:36
MV-6E,EOS_T001-BOT,113,2025-10-20 16:36,2025-10-20 16:36,1,R14,3,WrongPart,WR08X561JTL,,00000113_9.txt,2025-10-20 16:36,2025-10-20 16:36
MV-6E,EOS_T001-BOT,113,2025-10-20 16:36,2025-10-20 16:36,1,R17,3,WrongPart,WR08X561JTL,,00000113_9.txt,2025-10-20 16:36,2025-10-20 16:36
MV-6E,EOS_T001-BOT,113,2025-10-20 16:36,2025-10-20 16:36,2,R21,3,WrongPart,WR08X561JTL,,00000113_9.txt,2025-10-20 16:36,2025-10-20 16:36
MV-6E,EOS_T001-BOT,128,2025-10-20 16:45,2025-10-20 16:45,0,U1,3,Bridge,MC96F6432AQBN,,00000128_9.txt,2025-10-20 16:45,2025-10-20 16:45
MV-6E,EOS_T001-BOT,133,2025-10-20 16:49,2025-10-20 16:49,3,R20,0,Missing,WR08X561JTL,,00000133_8.txt,2025-10-20 16:49,2025-10-20 16:49
MV-6E,EOS_T001-BOT,137,2025-10-20 16:51,2025-10-20 16:51,0,R21,0,Missing,WR08X561JTL,,00000137_8.txt,2025-10-20 16:51,2025-10-20 16:51
MV-6E,EOS_T001-BOT,137,2025-10-20 16:51,2025-10-20 16:51,0,Q3,2,InsufficientSolder,KTC3876S,,00000137_8.txt,2025-10-20 16:51,2025-10-20 16:51
MV-6E,EOS_T001-BOT,143,2025-10-20 16:55,2025-10-20 16:55,0,Q2,0,Shift,KTC3876S,,00000143_8.txt,2025-10-20 16:55,2025-10-20 16:55
MV-6E,EOS_T001-BOT,145,2025-10-20 16:56,2025-10-20 16:56,2,Q2,0,Shift,KTC3876S,,00000145_8.txt,2025-10-20 16:56,2025-10-20 16:56
MV-6E,EOS_T001-BOT,149,2025-10-20 16:58,2025-10-20 16:58,2,Q1,0,Rotate,KTC3876S,,00000149_8.txt,2025-10-20 16:58,2025-10-20 16:58
MV-6E,EOS_T001-BOT,152,2025-10-20 17:00,2025-10-20 17:00,3,R14,0,Missing,WR08X561JTL,,00000152_8.txt,2025-10-20 17:00,2025-10-20 17:00
MV-6E,EOS_T001-BOT,152,2025-10-20 17:00,2025-10-20 17:00,3,C3,0,Shift,0805B104K500CT,,00000152_8.txt,2025-10-20 17:00,2025-10-20 17:00
MV-6E,EOS_T001-BOT,152,2025-10-20 17:00,2025-10-20 17:00,3,C6,0,Shift,0805B102K500CT,,00000152_8.txt,2025-10-20 17:00,2025-10-20 17:00
MV-6E,EOS_T001-BOT,152,2025-10-20 17:00,2025-10-20 17:00,3,R6,0,Missing,WR08X103JTL,,00000152_8.txt,2025-10-20 17:00,2025-10-20 17:00
MV-6E,EOS_T001-BOT,152,2025-10-20 17:00,2025-10-20 17:00,3,R6,2,InsufficientSolder,WR08X103JTL,,00000152_8.txt,2025-10-20 17:00,2025-10-20 17:00
MV-6E,EOS_T001-BOT,152,2025-10-20 17:00,2025-10-20 17:00,3,R6,3,WrongPart,WR08X103JTL,,00000152_8.txt,2025-10-20 17:00,2025-10-20 17:00
MV-6E,EOS_T001-BOT,152,2025-10-20 17:00,2025-10-20 17:00,3,R17,0,Shift,WR08X561JTL,,00000152_8.txt,2025-10-20 17:00,2025-10-20 17:00
MV-6E,EOS_T001-BOT,152,2025-10-20 17:00,2025-10-20 17:00,3,C13,0,Shift,0805B104K500CT,,00000152_8.txt,2025-10-20 17:00,2025-10-20 17:00
MV-6E,EOS_T001-BOT,152,2025-10-20 17:00,2025-10-20 17:00,3,C7,0,Shift,0805B102K500CT,,00000152_8.txt,2025-10-20 17:00,2025-10-20 17:00
MV-6E,EOS_T001-BOT,152,2025-10-20 17:00,2025-10-20 17:00,3,R5,0,Shift,WR08X103JTL,,00000152_8.txt,2025-10-20 17:00,2025-10-20 17:00
MV-6E,EOS_T001-BOT,152,2025-10-20 17:00,2025-10-20 17:00,3,R9,0,Missing,WR08X6802FTL,,00000152_8.txt,2025-10-20 17:00,2025-10-20 17:00
MV-6E,EOS_T001-BOT,152,2025-10-20 17:00,2025-10-20 17:00,3,R9,2,InsufficientSolder,WR08X6802FTL,,00000152_8.txt,2025-10-20 17:00,2025-10-20 17:00
MV-6E,EOS_T001-BOT,152,2025-10-20 17:00,2025-10-20 17:00,3,C19,0,Shift,0805N3R0C500CT,,00000152_8.txt,2025-10-20 17:00,2025-10-20 17:00
MV-6E,EOS_T001-BOT,152,2025-10-20 17:00,2025-10-20 17:00,3,R20,0,Shift,WR08X561JTL,,00000152_8.txt,2025-10-20 17:00,2025-10-20 17:00
MV-6E,EOS_T001-BOT,152,2025-10-20 17:00,2025-10-20 17:00,3,R21,0,Missing,WR08X561JTL,,00000152_8.txt,2025-10-20 17:00,2025-10-20 17:00
MV-6E,EOS_T001-BOT,152,2025-10-20 17:00,2025-10-20 17:00,3,R21,1,InsufficientSolder,WR08X561JTL,,00000152_8.txt,2025-10-20 17:00,2025-10-20 17:00
MV-6E,EOS_T001-BOT,152,2025-10-20 17:00,2025-10-20 17:00,3,IC2,0,Shift,LM78L05F,,00000152_8.txt,2025-10-20 17:00,2025-10-20 17:00
MV-6E,EOS_T001-BOT,152,2025-10-20 17:00,2025-10-20 17:00,3,R16,0,Shift,WR08X561JTL,,00000152_8.txt,2025-10-20 17:00,2025-10-20 17:00
MV-6E,EOS_T001-BOT,152,2025-10-20 17:00,2025-10-20 17:00,3,R15,0,Shift,WR08X561JTL,,00000152_8.txt,2025-10-20 17:00,2025-10-20 17:00
MV-6E,EOS_T001-BOT,152,2025-10-20 17:00,2025-10-20 17:00,3,C5,0,Shift,0805B104K500CT,,00000152_8.txt,2025-10-20 17:00,2025-10-20 17:00
MV-6E,EOS_T001-BOT,152,2025-10-20 17:00,2025-10-20 17:00,3,D2,0,Shift,LL4148,,00000152_8.txt,2025-10-20 17:00,2025-10-20 17:00
MV-6E,EOS_T001-BOT,152,2025-10-20 17:00,2025-10-20 17:00,3,R13,0,Missing,WR08X561JTL,,00000152_8.txt,2025-10-20 17:00,2025-10-20 17:00
MV-6E,EOS_T001-BOT,152,2025-10-20 17:00,2025-10-20 17:00,3,R13,3,WrongPart,WR08X561JTL,,00000152_8.txt,2025-10-20 17:00,2025-10-20 17:00
MV-6E,EOS_T001-BOT,152,2025-10-20 17:00,2025-10-20 17:00,3,C2,0,Shift,0805B104K500CT,,00000152_8.txt,2025-10-20 17:00,2025-10-20 17:00
MV-6E,EOS_T001-BOT,152,2025-10-20 17:00,2025-10-20 17:00,3,D3,0,Shift,LL4148,,00000152_8.txt,2025-10-20 17:00,2025-10-20 17:00
MV-6E,EOS_T001-BOT,152,2025-10-20 17:00,2025-10-20 17:00,3,D1,0,Shift,LL4148,,00000152_8.txt,2025-10-20 17:00,2025-10-20 17:00
MV-6E,EOS_T001-BOT,152,2025-10-20 17:00,2025-10-20 17:00,3,D4,0,Shift,LL4148,,00000152_8.txt,2025-10-20 17:00,2025-10-20 17:00
MV-6E,EOS_T001-BOT,152,2025-10-20 17:00,2025-10-20 17:00,3,IC1,0,Shift,GTC08L-SO,,00000152_8.txt,2025-10-20 17:00,2025-10-20 17:00
MV-6E,EOS_T001-BOT,152,2025-10-20 17:00,2025-10-20 17:00,3,R23,0,Shift,WR08X472JTL,,00000152_8.txt,2025-10-20 17:00,2025-10-20 17:00
MV-6E,EOS_T001-BOT,152,2025-10-20 17:00,2025-10-20 17:00,3,JP1,0,Shift,WR08X000PTL,,00000152_8.txt,2025-10-20 17:00,2025-10-20 17:00
MV-6E,EOS_T001-BOT,152,2025-10-20 17:00,2025-10-20 17:00,3,U1,0,Shift,MC96F6432AQBN,,00000152_8.txt,2025-10-20 17:00,2025-10-20 17:00
MV-6E,EOS_T001-BOT,152,2025-10-20 17:00,2025-10-20 17:00,3,R22,0,Shift,WR08X472JTL,,00000152_8.txt,2025-10-20 17:00,2025-10-20 17:00
MV-6E,EOS_T001-BOT,152,2025-10-20 17:00,2025-10-20 17:00,3,R24,0,Missing,WR08X102JTL,,00000152_8.txt,2025-10-20 17:00,2025-10-20 17:00
MV-6E,EOS_T001-BOT,152,2025-10-20 17:00,2025-10-20 17:00,3,R24,2,InsufficientSolder,WR08X102JTL,,00000152_8.txt,2025-10-20 17:00,2025-10-20 17:00
MV-6E,EOS_T001-BOT,152,2025-10-20 17:00,2025-10-20 17:00,3,R24,3,WrongPart,WR08X102JTL,,00000152_8.txt,2025-10-20 17:00,2025-10-20 17:00
MV-6E,EOS_T001-BOT,152,2025-10-20 17:00,2025-10-20 17:00,3,LS1,0,Shift,TYE1109S,,00000152_8.txt,2025-10-20 17:00,2025-10-20 17:00
MV-6E,EOS_T001-BOT,152,2025-10-20 17:00,2025-10-20 17:00,3,R8,0,Shift,WR08X472JTL,,00000152_8.txt,2025-10-20 17:00,2025-10-20 17:00
MV-6E,EOS_T001-BOT,152,2025-10-20 17:00,2025-10-20 17:00,3,R7,0,Shift,WR08X472JTL,,00000152_8.txt,2025-10-20 17:00,2025-10-20 17:00
MV-6E,EOS_T001-BOT,152,2025-10-20 17:00,2025-10-20 17:00,3,R25,0,Shift,WR08X472JTL,,00000152_8.txt,2025-10-20 17:00,2025-10-20 17:00
MV-6E,EOS_T001-BOT,152,2025-10-20 17:00,2025-10-20 17:00,3,Q3,0,Shift,KTC3876S,,00000152_8.txt,2025-10-20 17:00,2025-10-20 17:00
MV-6E,EOS_T001-BOT,152,2025-10-20 17:00,2025-10-20 17:00,3,Q1,0,Shift,KTC3876S,,00000152_8.txt,2025-10-20 17:00,2025-10-20 17:00
MV-6E,EOS_T001-BOT,152,2025-10-20 17:00,2025-10-20 17:00,3,Q2,0,Shift,KTC3876S,,00000152_8.txt,2025-10-20 17:00,2025-10-20 17:00
MV-6E,EOS_T001-BOT,153,2025-10-20 17:01,2025-10-20 17:01,0,Q2,0,Shift,KTC3876S,,00000153_8.txt,2025-10-20 17:01,2025-10-20 17:01
MV-6E,EOS_T001-BOT,159,2025-10-20 17:05,2025-10-20 17:05,0,IC1,2,LiftedLead,GTC08L-SO,,00000159_7.txt,2025-10-20 17:05,2025-10-20 17:05
MV-6E,EOS_T001-BOT,159,2025-10-20 17:05,2025-10-20 17:05,3,Q4,0,LiftedPackage,KTC3876S,,00000159_7.txt,2025-10-20 17:05,2025-10-20 17:05
MV-6E,EOS_T001-BOT,160,2025-10-20 17:05,2025-10-20 17:05,0,IC1,2,LiftedLead,GTC08L-SO,,00000160_7.txt,2025-10-20 17:05,2025-10-20 17:05
MV-6E,EOS_T001-BOT,161,2025-10-20 17:06,2025-10-20 17:06,1,Q1,0,Rotate,KTC3876S,,00000161_7.txt,2025-10-20 17:06,2025-10-20 17:06
MV-6E,EOS_T001-BOT,181,2025-10-20 17:18,2025-10-20 17:18,1,LS1,0,LiftedPackage,TYE1109S,,00000181_7.txt,2025-10-20 17:18,2025-10-20 17:18
MV-6E,EOS_T001-BOT,187,2025-10-20 17:21,2025-10-20 17:21,3,Q4,0,LiftedPackage,KTC3876S,,00000187_7.txt,2025-10-20 17:21,2025-10-20 17:21
MV-6E,EOS_T001-BOT,188,2025-10-20 17:22,2025-10-20 17:22,3,R14,0,Shift,WR08X561JTL,,00000188_7.txt,2025-10-20 17:22,2025-10-20 17:22
MV-6E,EOS_T001-BOT,188,2025-10-20 17:22,2025-10-20 17:22,3,C3,0,Shift,0805B104K500CT,,00000188_7.txt,2025-10-20 17:22,2025-10-20 17:22
MV-6E,EOS_T001-BOT,188,2025-10-20 17:22,2025-10-20 17:22,3,C6,0,Shift,0805B102K500CT,,00000188_7.txt,2025-10-20 17:22,2025-10-20 17:22
MV-6E,EOS_T001-BOT,188,2025-10-20 17:22,2025-10-20 17:22,3,R6,0,Missing,WR08X103JTL,,00000188_7.txt,2025-10-20 17:22,2025-10-20 17:22
MV-6E,EOS_T001-BOT,188,2025-10-20 17:22,2025-10-20 17:22,3,R6,2,InsufficientSolder,WR08X103JTL,,00000188_7.txt,2025-10-20 17:22,2025-10-20 17:22
MV-6E,EOS_T001-BOT,188,2025-10-20 17:22,2025-10-20 17:22,3,R6,3,WrongPart,WR08X103JTL,,00000188_7.txt,2025-10-20 17:22,2025-10-20 17:22
MV-6E,EOS_T001-BOT,188,2025-10-20 17:22,2025-10-20 17:22,3,R17,0,Shift,WR08X561JTL,,00000188_7.txt,2025-10-20 17:22,2025-10-20 17:22
MV-6E,EOS_T001-BOT,188,2025-10-20 17:22,2025-10-20 17:22,3,C13,0,Shift,0805B104K500CT,,00000188_7.txt,2025-10-20 17:22,2025-10-20 17:22
MV-6E,EOS_T001-BOT,188,2025-10-20 17:22,2025-10-20 17:22,3,C7,0,Shift,0805B102K500CT,,00000188_7.txt,2025-10-20 17:22,2025-10-20 17:22
MV-6E,EOS_T001-BOT,188,2025-10-20 17:22,2025-10-20 17:22,3,R5,0,Shift,WR08X103JTL,,00000188_7.txt,2025-10-20 17:22,2025-10-20 17:22
MV-6E,EOS_T001-BOT,188,2025-10-20 17:22,2025-10-20 17:22,3,R9,0,Missing,WR08X6802FTL,,00000188_7.txt,2025-10-20 17:22,2025-10-20 17:22
MV-6E,EOS_T001-BOT,188,2025-10-20 17:22,2025-10-20 17:22,3,R9,2,InsufficientSolder,WR08X6802FTL,,00000188_7.txt,2025-10-20 17:22,2025-10-20 17:22
MV-6E,EOS_T001-BOT,188,2025-10-20 17:22,2025-10-20 17:22,3,C19,0,Shift,0805N3R0C500CT,,00000188_7.txt,2025-10-20 17:22,2025-10-20 17:22
MV-6E,EOS_T001-BOT,188,2025-10-20 17:22,2025-10-20 17:22,3,R20,0,Missing,WR08X561JTL,,00000188_7.txt,2025-10-20 17:22,2025-10-20 17:22
MV-6E,EOS_T001-BOT,188,2025-10-20 17:22,2025-10-20 17:22,3,R20,3,WrongPart,WR08X561JTL,,00000188_7.txt,2025-10-20 17:22,2025-10-20 17:22
MV-6E,EOS_T001-BOT,188,2025-10-20 17:22,2025-10-20 17:22,3,R21,0,Shift,WR08X561JTL,,00000188_7.txt,2025-10-20 17:22,2025-10-20 17:22
MV-6E,EOS_T001-BOT,188,2025-10-20 17:22,2025-10-20 17:22,3,IC2,0,Shift,LM78L05F,,00000188_7.txt,2025-10-20 17:22,2025-10-20 17:22
MV-6E,EOS_T001-BOT,188,2025-10-20 17:22,2025-10-20 17:22,3,R16,0,Shift,WR08X561JTL,,00000188_7.txt,2025-10-20 17:22,2025-10-20 17:22
MV-6E,EOS_T001-BOT,188,2025-10-20 17:22,2025-10-20 17:22,3,R15,0,Missing,WR08X561JTL,,00000188_7.txt,2025-10-20 17:22,2025-10-20 17:22
MV-6E,EOS_T001-BOT,188,2025-10-20 17:22,2025-10-20 17:22,3,R15,3,WrongPart,WR08X561JTL,,00000188_7.txt,2025-10-20 17:22,2025-10-20 17:22
MV-6E,EOS_T001-BOT,188,2025-10-20 17:22,2025-10-20 17:22,3,C5,0,Shift,0805B104K500CT,,00000188_7.txt,2025-10-20 17:22,2025-10-20 17:22
MV-6E,EOS_T001-BOT,188,2025-10-20 17:22,2025-10-20 17:22,3,D2,0,Shift,LL4148,,00000188_7.txt,2025-10-20 17:22,2025-10-20 17:22
MV-6E,EOS_T001-BOT,188,2025-10-20 17:22,2025-10-20 17:22,3,R13,0,Missing,WR08X561JTL,,00000188_7.txt,2025-10-20 17:22,2025-10-20 17:22
MV-6E,EOS_T001-BOT,188,2025-10-20 17:22,2025-10-20 17:22,3,R13,3,WrongPart,WR08X561JTL,,00000188_7.txt,2025-10-20 17:22,2025-10-20 17:22
MV-6E,EOS_T001-BOT,188,2025-10-20 17:22,2025-10-20 17:22,3,C2,0,Shift,0805B104K500CT,,00000188_7.txt,2025-10-20 17:22,2025-10-20 17:22
MV-6E,EOS_T001-BOT,188,2025-10-20 17:22,2025-10-20 17:22,3,D3,0,Shift,LL4148,,00000188_7.txt,2025-10-20 17:22,2025-10-20 17:22
MV-6E,EOS_T001-BOT,188,2025-10-20 17:22,2025-10-20 17:22,3,D1,0,Shift,LL4148,,00000188_7.txt,2025-10-20 17:22,2025-10-20 17:22
MV-6E,EOS_T001-BOT,188,2025-10-20 17:22,2025-10-20 17:22,3,D4,0,Shift,LL4148,,00000188_7.txt,2025-10-20 17:22,2025-10-20 17:22
MV-6E,EOS_T001-BOT,188,2025-10-20 17:22,2025-10-20 17:22,3,IC1,0,Shift,GTC08L-SO,,00000188_7.txt,2025-10-20 17:22,2025-10-20 17:22
MV-6E,EOS_T001-BOT,188,2025-10-20 17:22,2025-10-20 17:22,3,R23,0,Shift,WR08X472JTL,,00000188_7.txt,2025-10-20 17:22,2025-10-20 17:22
MV-6E,EOS_T001-BOT,188,2025-10-20 17:22,2025-10-20 17:22,3,JP1,0,Shift,WR08X000PTL,,00000188_7.txt,2025-10-20 17:22,2025-10-20 17:22
MV-6E,EOS_T001-BOT,188,2025-10-20 17:22,2025-10-20 17:22,3,U1,0,Shift,MC96F6432AQBN,,00000188_7.txt,2025-10-20 17:22,2025-10-20 17:22
MV-6E,EOS_T001-BOT,188,2025-10-20 17:22,2025-10-20 17:22,3,R22,0,Shift,WR08X472JTL,,00000188_7.txt,2025-10-20 17:22,2025-10-20 17:22
MV-6E,EOS_T001-BOT,188,2025-10-20 17:22,2025-10-20 17:22,3,R24,0,Missing,WR08X102JTL,,00000188_7.txt,2025-10-20 17:22,2025-10-20 17:22
MV-6E,EOS_T001-BOT,188,2025-10-20 17:22,2025-10-20 17:22,3,R24,2,InsufficientSolder,WR08X102JTL,,00000188_7.txt,2025-10-20 17:22,2025-10-20 17:22
MV-6E,EOS_T001-BOT,188,2025-10-20 17:22,2025-10-20 17:22,3,R24,3,WrongPart,WR08X102JTL,,00000188_7.txt,2025-10-20 17:22,2025-10-20 17:22
MV-6E,EOS_T001-BOT,188,2025-10-20 17:22,2025-10-20 17:22,3,LS1,0,Shift,TYE1109S,,00000188_7.txt,2025-10-20 17:22,2025-10-20 17:22
MV-6E,EOS_T001-BOT,188,2025-10-20 17:22,2025-10-20 17:22,3,R8,0,Shift,WR08X472JTL,,00000188_7.txt,2025-10-20 17:22,2025-10-20 17:22
MV-6E,EOS_T001-BOT,188,2025-10-20 17:22,2025-10-20 17:22,3,R7,0,Shift,WR08X472JTL,,00000188_7.txt,2025-10-20 17:22,2025-10-20 17:22
MV-6E,EOS_T001-BOT,188,2025-10-20 17:22,2025-10-20 17:22,3,R25,0,Shift,WR08X472JTL,,00000188_7.txt,2025-10-20 17:22,2025-10-20 17:22
MV-6E,EOS_T001-BOT,188,2025-10-20 17:22,2025-10-20 17:22,3,Q3,0,Shift,KTC3876S,,00000188_7.txt,2025-10-20 17:22,2025-10-20 17:22
MV-6E,EOS_T001-BOT,188,2025-10-20 17:22,2025-10-20 17:22,3,Q1,0,Shift,KTC3876S,,00000188_7.txt,2025-10-20 17:22,2025-10-20 17:22
MV-6E,EOS_T001-BOT,188,2025-10-20 17:22,2025-10-20 17:22,3,Q2,0,Shift,KTC3876S,,00000188_7.txt,2025-10-20 17:22,2025-10-20 17:22
MV-6E,EOS_T001-BOT(JP1 SKIP),9,2025-10-20 17:47,2025-10-20 17:47,2,Q2,0,Shift,KTC3876S,,00000009_10.txt,2025-10-20 17:47,2025-10-20 17:47
MV-6E,EOS_T001-BOT(JP1 SKIP),9,2025-10-20 17:47,2025-10-20 17:47,2,Q2,2,InsufficientSolder,KTC3876S,,00000009_10.txt,2025-10-20 17:47,2025-10-20 17:47
MV-6E,EOS_T001-BOT(JP1 SKIP),9,2025-10-20 17:47,2025-10-20 17:47,3,Q2,2,InsufficientSolder,KTC3876S,,00000009_10.txt,2025-10-20 17:47,2025-10-20 17:47
MV-6E,EOS_T001-BOT,218,2025-10-21 14:11,2025-10-21 14:11,0,JP1,0,Missing,WR08X000PTL,,00000218_6.txt,2025-10-21 14:11,2025-10-21 14:11
MV-6E,EOS_T001-BOT,218,2025-10-21 14:11,2025-10-21 14:11,0,JP1,3,WrongPart,WR08X000PTL,,00000218_6.txt,2025-10-21 14:11,2025-10-21 14:11
MV-6E,EOS_T001-BOT,218,2025-10-21 14:11,2025-10-21 14:11,1,JP1,0,Missing,WR08X000PTL,,00000218_6.txt,2025-10-21 14:11,2025-10-21 14:11
MV-6E,EOS_T001-BOT,218,2025-10-21 14:11,2025-10-21 14:11,1,JP1,3,WrongPart,WR08X000PTL,,00000218_6.txt,2025-10-21 14:11,2025-10-21 14:11
MV-6E,EOS_T001-BOT,218,2025-10-21 14:11,2025-10-21 14:11,2,JP1,0,Missing,WR08X000PTL,,00000218_6.txt,2025-10-21 14:11,2025-10-21 14:11
MV-6E,EOS_T001-BOT,218,2025-10-21 14:11,2025-10-21 14:11,2,JP1,3,WrongPart,WR08X000PTL,,00000218_6.txt,2025-10-21 14:11,2025-10-21 14:11
MV-6E,EOS_T001-BOT,218,2025-10-21 14:11,2025-10-21 14:11,3,JP1,0,Missing,WR08X000PTL,,00000218_6.txt,2025-10-21 14:11,2025-10-21 14:11
MV-6E,EOS_T001-BOT,218,2025-10-21 14:11,2025-10-21 14:11,3,JP1,3,WrongPart,WR08X000PTL,,00000218_6.txt,2025-10-21 14:11,2025-10-21 14:11
MV-6E,EOS_T001-BOT,219,2025-10-21 14:14,2025-10-21 14:14,0,JP1,0,Missing,WR08X000PTL,,00000219_6.txt,2025-10-21 14:14,2025-10-21 14:14
MV-6E,EOS_T001-BOT,219,2025-10-21 14:14,2025-10-21 14:14,0,JP1,3,WrongPart,WR08X000PTL,,00000219_6.txt,2025-10-21 14:14,2025-10-21 14:14
MV-6E,EOS_T001-BOT,219,2025-10-21 14:14,2025-10-21 14:14,1,JP1,0,Missing,WR08X000PTL,,00000219_6.txt,2025-10-21 14:14,2025-10-21 14:14
MV-6E,EOS_T001-BOT,219,2025-10-21 14:14,2025-10-21 14:14,1,JP1,3,WrongPart,WR08X000PTL,,00000219_6.txt,2025-10-21 14:14,2025-10-21 14:14
MV-6E,EOS_T001-BOT,219,2025-10-21 14:14,2025-10-21 14:14,2,JP1,0,Missing,WR08X000PTL,,00000219_6.txt,2025-10-21 14:14,2025-10-21 14:14
MV-6E,EOS_T001-BOT,219,2025-10-21 14:14,2025-10-21 14:14,2,JP1,3,WrongPart,WR08X000PTL,,00000219_6.txt,2025-10-21 14:14,2025-10-21 14:14
MV-6E,EOS_T001-BOT,219,2025-10-21 14:14,2025-10-21 14:14,3,JP1,0,Missing,WR08X000PTL,,00000219_6.txt,2025-10-21 14:14,2025-10-21 14:14
MV-6E,EOS_T001-BOT,219,2025-10-21 14:14,2025-10-21 14:14,3,JP1,3,WrongPart,WR08X000PTL,,00000219_6.txt,2025-10-21 14:14,2025-10-21 14:14
MV-6E,EOS_T001-BOT,220,2025-10-21 14:21,2025-10-21 14:21,0,JP1,0,Missing,WR08X000PTL,,00000220_6.txt,2025-10-21 14:21,2025-10-21 14:21
MV-6E,EOS_T001-BOT,220,2025-10-21 14:21,2025-10-21 14:21,0,JP1,3,WrongPart,WR08X000PTL,,00000220_6.txt,2025-10-21 14:21,2025-10-21 14:21
MV-6E,EOS_T001-BOT,220,2025-10-21 14:21,2025-10-21 14:21,1,JP1,0,Missing,WR08X000PTL,,00000220_6.txt,2025-10-21 14:21,2025-10-21 14:21
MV-6E,EOS_T001-BOT,220,2025-10-21 14:21,2025-10-21 14:21,1,JP1,3,WrongPart,WR08X000PTL,,00000220_6.txt,2025-10-21 14:21,2025-10-21 14:21
MV-6E,EOS_T001-BOT,220,2025-10-21 14:21,2025-10-21 14:21,2,JP1,0,Missing,WR08X000PTL,,00000220_6.txt,2025-10-21 14:21,2025-10-21 14:21
MV-6E,EOS_T001-BOT,220,2025-10-21 14:21,2025-10-21 14:21,2,JP1,3,WrongPart,WR08X000PTL,,00000220_6.txt,2025-10-21 14:21,2025-10-21 14:21
MV-6E,EOS_T001-BOT,220,2025-10-21 14:21,2025-10-21 14:21,3,JP1,0,Missing,WR08X000PTL,,00000220_6.txt,2025-10-21 14:21,2025-10-21 14:21
MV-6E,EOS_T001-BOT,220,2025-10-21 14:21,2025-10-21 14:21,3,JP1,3,WrongPart,WR08X000PTL,,00000220_6.txt,2025-10-21 14:21,2025-10-21 14:21
MV-6E,WATERSENSER_1VS1_NEW_251021,101,2025-10-21 17:51,2025-10-21 17:51,2,D2,0,LiftedPackage,M7,,00000101_9.txt,2025-10-21 17:51,2025-10-21 17:51
MV-6E,WATERSENSER_1VS1_NEW_251021,134,2025-10-22 9:37,2025-10-22 9:37,1,IC1,1,WrongPart,IL2576-12V,,00000134_9.txt,2025-10-22 9:37,2025-10-22 9:37
MV-6E,WATERSENSER_1VS1_NEW_251021,149,2025-10-22 9:43,2025-10-22 9:43,1,D5,2,InsufficientSolder,MBR360,,00000149_9.txt,2025-10-22 9:43,2025-10-22 9:43
MV-6E,WATERSENSER_1VS1_NEW_251021,153,2025-10-22 9:45,2025-10-22 9:45,2,IC1,0,LiftedPackage,IL2576-12V,,00000153_9.txt,2025-10-22 9:45,2025-10-22 9:45
MV-6E,WATERSENSER_1VS1_NEW_251021,154,2025-10-22 9:45,2025-10-22 9:45,1,IC1,1,WrongPart,IL2576-12V,,00000154_9.txt,2025-10-22 9:45,2025-10-22 9:45
MV-6E,WATERSENSER_1VS1_NEW_251021,169,2025-10-22 9:52,2025-10-22 9:52,2,Q9,0,Missing,KRC104,,00000169_8.txt,2025-10-22 9:52,2025-10-22 9:52
MV-6E,WATERSENSER_1VS1_NEW_251021,169,2025-10-22 9:52,2025-10-22 9:52,2,Q9,4,WrongPart,KRC104,,00000169_8.txt,2025-10-22 9:52,2025-10-22 9:52
MV-6E,WATERSENSER_1VS1_NEW_251021,169,2025-10-22 9:52,2025-10-22 9:52,2,R6,0,Missing,4.7K_ohm_J2012,,00000169_8.txt,2025-10-22 9:52,2025-10-22 9:52
MV-6E,WATERSENSER_1VS1_NEW_251021,169,2025-10-22 9:52,2025-10-22 9:52,2,R6,3,WrongPart,4.7K_ohm_J2012,,00000169_8.txt,2025-10-22 9:52,2025-10-22 9:52
MV-6E,WATERSENSER_1VS1_NEW_251021,169,2025-10-22 9:52,2025-10-22 9:52,2,R5,0,Missing,1K_ohm_J2012,,00000169_8.txt,2025-10-22 9:52,2025-10-22 9:52
MV-6E,WATERSENSER_1VS1_NEW_251021,169,2025-10-22 9:52,2025-10-22 9:52,2,R5,3,WrongPart,1K_ohm_J2012,,00000169_8.txt,2025-10-22 9:52,2025-10-22 9:52
MV-6E,WATERSENSER_1VS1_NEW_251021,169,2025-10-22 9:52,2025-10-22 9:52,2,R11,0,Missing,680_ohm_J2012,,00000169_8.txt,2025-10-22 9:52,2025-10-22 9:52
MV-6E,WATERSENSER_1VS1_NEW_251021,169,2025-10-22 9:52,2025-10-22 9:52,2,R11,1,InsufficientSolder,680_ohm_J2012,,00000169_8.txt,2025-10-22 9:52,2025-10-22 9:52
MV-6E,WATERSENSER_1VS1_NEW_251021,169,2025-10-22 9:52,2025-10-22 9:52,2,R11,2,InsufficientSolder,680_ohm_J2012,,00000169_8.txt,2025-10-22 9:52,2025-10-22 9:52
MV-6E,WATERSENSER_1VS1_NEW_251021,169,2025-10-22 9:52,2025-10-22 9:52,2,R11,3,WrongPart,680_ohm_J2012,,00000169_8.txt,2025-10-22 9:52,2025-10-22 9:52
MV-6E,WATERSENSER_1VS1_NEW_251021,169,2025-10-22 9:52,2025-10-22 9:52,2,Q8,0,Missing,KRC104,,00000169_8.txt,2025-10-22 9:52,2025-10-22 9:52
MV-6E,WATERSENSER_1VS1_NEW_251021,169,2025-10-22 9:52,2025-10-22 9:52,2,Q8,4,WrongPart,KRC104,,00000169_8.txt,2025-10-22 9:52,2025-10-22 9:52
MV-6E,WATERSENSER_1VS1_NEW_251021,169,2025-10-22 9:52,2025-10-22 9:52,2,D2,0,Missing,M7,,00000169_8.txt,2025-10-22 9:52,2025-10-22 9:52
MV-6E,WATERSENSER_1VS1_NEW_251021,169,2025-10-22 9:52,2025-10-22 9:52,2,D2,2,WrongPart,M7,,00000169_8.txt,2025-10-22 9:52,2025-10-22 9:52
MV-6E,WATERSENSER_1VS1_NEW_251021,169,2025-10-22 9:52,2025-10-22 9:52,2,D5,0,Missing,MBR360,,00000169_8.txt,2025-10-22 9:52,2025-10-22 9:52
MV-6E,WATERSENSER_1VS1_NEW_251021,169,2025-10-22 9:52,2025-10-22 9:52,2,D5,1,WrongPart,MBR360,,00000169_8.txt,2025-10-22 9:52,2025-10-22 9:52
MV-6E,WATERSENSER_1VS1_NEW_251021,169,2025-10-22 9:52,2025-10-22 9:52,2,D5,2,NoSolder,MBR360,,00000169_8.txt,2025-10-22 9:52,2025-10-22 9:52
MV-6E,WATERSENSER_1VS1_NEW_251021,169,2025-10-22 9:52,2025-10-22 9:52,2,D5,3,NoSolder,MBR360,,00000169_8.txt,2025-10-22 9:52,2025-10-22 9:52
MV-6E,WATERSENSER_1VS1_NEW_251021,169,2025-10-22 9:52,2025-10-22 9:52,2,D4,0,Missing,M7,,00000169_8.txt,2025-10-22 9:52,2025-10-22 9:52
MV-6E,WATERSENSER_1VS1_NEW_251021,169,2025-10-22 9:52,2025-10-22 9:52,2,D4,2,WrongPart,M7,,00000169_8.txt,2025-10-22 9:52,2025-10-22 9:52
MV-6E,WATERSENSER_1VS1_NEW_251021,169,2025-10-22 9:52,2025-10-22 9:52,2,Q11,0,Missing,KRC104,,00000169_8.txt,2025-10-22 9:52,2025-10-22 9:52
MV-6E,WATERSENSER_1VS1_NEW_251021,169,2025-10-22 9:52,2025-10-22 9:52,2,Q11,4,WrongPart,KRC104,,00000169_8.txt,2025-10-22 9:52,2025-10-22 9:52
MV-6E,WATERSENSER_1VS1_NEW_251021,169,2025-10-22 9:52,2025-10-22 9:52,2,R7,0,Missing,4.7K_ohm_J2012,,00000169_8.txt,2025-10-22 9:52,2025-10-22 9:52
MV-6E,WATERSENSER_1VS1_NEW_251021,169,2025-10-22 9:52,2025-10-22 9:52,2,R7,3,WrongPart,4.7K_ohm_J2012,,00000169_8.txt,2025-10-22 9:52,2025-10-22 9:52
MV-6E,WATERSENSER_1VS1_NEW_251021,169,2025-10-22 9:52,2025-10-22 9:52,2,R3,0,Missing,1K_ohm_J2012,,00000169_8.txt,2025-10-22 9:52,2025-10-22 9:52
MV-6E,WATERSENSER_1VS1_NEW_251021,169,2025-10-22 9:52,2025-10-22 9:52,2,R3,3,WrongPart,1K_ohm_J2012,,00000169_8.txt,2025-10-22 9:52,2025-10-22 9:52
MV-6E,WATERSENSER_1VS1_NEW_251021,169,2025-10-22 9:52,2025-10-22 9:52,2,R8,0,Missing,680_ohm_J2012,,00000169_8.txt,2025-10-22 9:52,2025-10-22 9:52
MV-6E,WATERSENSER_1VS1_NEW_251021,169,2025-10-22 9:52,2025-10-22 9:52,2,R8,1,InsufficientSolder,680_ohm_J2012,,00000169_8.txt,2025-10-22 9:52,2025-10-22 9:52
MV-6E,WATERSENSER_1VS1_NEW_251021,169,2025-10-22 9:52,2025-10-22 9:52,2,R8,2,InsufficientSolder,680_ohm_J2012,,00000169_8.txt,2025-10-22 9:52,2025-10-22 9:52
MV-6E,WATERSENSER_1VS1_NEW_251021,169,2025-10-22 9:52,2025-10-22 9:52,2,R8,3,WrongPart,680_ohm_J2012,,00000169_8.txt,2025-10-22 9:52,2025-10-22 9:52
MV-6E,WATERSENSER_1VS1_NEW_251021,169,2025-10-22 9:52,2025-10-22 9:52,2,T2,0,Missing,Z0107NR,,00000169_8.txt,2025-10-22 9:52,2025-10-22 9:52
MV-6E,WATERSENSER_1VS1_NEW_251021,169,2025-10-22 9:52,2025-10-22 9:52,2,T2,2,InsufficientSolder,Z0107NR,,00000169_8.txt,2025-10-22 9:52,2025-10-22 9:52
MV-6E,WATERSENSER_1VS1_NEW_251021,169,2025-10-22 9:52,2025-10-22 9:52,2,T2,3,WrongPart,Z0107NR,,00000169_8.txt,2025-10-22 9:52,2025-10-22 9:52
MV-6E,WATERSENSER_1VS1_NEW_251021,169,2025-10-22 9:52,2025-10-22 9:52,2,IC1,0,Missing,IL2576-12V,,00000169_8.txt,2025-10-22 9:52,2025-10-22 9:52
MV-6E,WATERSENSER_1VS1_NEW_251021,169,2025-10-22 9:52,2025-10-22 9:52,2,IC1,1,WrongPart,IL2576-12V,,00000169_8.txt,2025-10-22 9:52,2025-10-22 9:52
MV-6E,WATERSENSER_1VS1_NEW_251021,169,2025-10-22 9:52,2025-10-22 9:52,2,Q6,0,Missing,KRC104,,00000169_8.txt,2025-10-22 9:52,2025-10-22 9:52
MV-6E,WATERSENSER_1VS1_NEW_251021,169,2025-10-22 9:52,2025-10-22 9:52,2,Q6,4,WrongPart,KRC104,,00000169_8.txt,2025-10-22 9:52,2025-10-22 9:52
MV-6E,WATERSENSER_1VS1_NEW_251021,169,2025-10-22 9:52,2025-10-22 9:52,2,R9,0,Missing,4.7K_ohm_J2012,,00000169_8.txt,2025-10-22 9:52,2025-10-22 9:52
MV-6E,WATERSENSER_1VS1_NEW_251021,169,2025-10-22 9:52,2025-10-22 9:52,2,R9,3,WrongPart,4.7K_ohm_J2012,,00000169_8.txt,2025-10-22 9:52,2025-10-22 9:52
MV-6E,WATERSENSER_1VS1_NEW_251021,169,2025-10-22 9:52,2025-10-22 9:52,2,Q10,0,Missing,KRC104,,00000169_8.txt,2025-10-22 9:52,2025-10-22 9:52
MV-6E,WATERSENSER_1VS1_NEW_251021,169,2025-10-22 9:52,2025-10-22 9:52,2,Q10,4,WrongPart,KRC104,,00000169_8.txt,2025-10-22 9:52,2025-10-22 9:52
MV-6E,WATERSENSER_1VS1_NEW_251021,169,2025-10-22 9:52,2025-10-22 9:52,2,C2,0,Missing,100u_16V,,00000169_8.txt,2025-10-22 9:52,2025-10-22 9:52
MV-6E,WATERSENSER_1VS1_NEW_251021,169,2025-10-22 9:52,2025-10-22 9:52,2,T1,0,Missing,Z0107NR,,00000169_8.txt,2025-10-22 9:52,2025-10-22 9:52
MV-6E,WATERSENSER_1VS1_NEW_251021,169,2025-10-22 9:52,2025-10-22 9:52,2,T1,2,InsufficientSolder,Z0107NR,,00000169_8.txt,2025-10-22 9:52,2025-10-22 9:52
MV-6E,WATERSENSER_1VS1_NEW_251021,169,2025-10-22 9:52,2025-10-22 9:52,2,T1,3,WrongPart,Z0107NR,,00000169_8.txt,2025-10-22 9:52,2025-10-22 9:52
MV-6E,IDS_9100_MAIN-TOP_250701,117,2025-10-27 16:03,2025-10-27 16:03,4,R23,0,Missing,100_ohm_J1005,,00000117_10.txt,2025-10-27 16:03,2025-10-27 16:03
MV-6E,IDS_9100_MAIN-TOP_250701,143,2025-10-27 16:36,2025-10-27 16:36,3,DIM3,0,Missing,BIT1005BW-10K-02,,00000143_10.txt,2025-10-27 16:36,2025-10-27 16:36
MV-6E,IDS_9100_MAIN-TOP_250701,143,2025-10-27 16:36,2025-10-27 16:36,3,DIM3,2,InsufficientSolder,BIT1005BW-10K-02,,00000143_10.txt,2025-10-27 16:36,2025-10-27 16:36
MV-6E,IDS_9100_MAIN-TOP_250701,147,2025-10-27 16:38,2025-10-27 16:38,0,DIM2,0,Missing,BIT1005BW-10K-02,,00000147_10.txt,2025-10-27 16:38,2025-10-27 16:38
MV-6E,IDS_9100_MAIN-TOP_250701,147,2025-10-27 16:38,2025-10-27 16:38,0,DIM2,2,InsufficientSolder,BIT1005BW-10K-02,,00000147_10.txt,2025-10-27 16:38,2025-10-27 16:38
MV-6E,IDS_9100_MAIN-TOP_250701,147,2025-10-27 16:38,2025-10-27 16:38,3,DIM3,0,Rotate,BIT1005BW-10K-02,,00000147_10.txt,2025-10-27 16:38,2025-10-27 16:38
MV-6E,IDS_9100_MAIN-TOP_250701,158,2025-10-27 16:45,2025-10-27 16:45,3,DIM3,0,Missing,BIT1005BW-10K-02,,00000158_10.txt,2025-10-27 16:45,2025-10-27 16:45
MV-6E,IDS_9100_MAIN-TOP_250701,158,2025-10-27 16:45,2025-10-27 16:45,3,DIM3,2,InsufficientSolder,BIT1005BW-10K-02,,00000158_10.txt,2025-10-27 16:45,2025-10-27 16:45
MV-6E,IDS_9100_MAIN-TOP_250701,158,2025-10-27 16:45,2025-10-27 16:45,3,BAT2,2,InsufficientSolder,BIT1005USO-02,,00000158_10.txt,2025-10-27 16:45,2025-10-27 16:45
MV-6E,IDS_9100_MAIN-TOP_250701,159,2025-10-27 16:46,2025-10-27 16:46,2,Q2,0,Tilt,KRC102S,,00000159_9.txt,2025-10-27 16:46,2025-10-27 16:46
MV-6E,IDS_9100_MAIN-TOP_250701,167,2025-10-27 16:51,2025-10-27 16:51,1,Q2,0,Tilt,KRC102S,,00000167_9.txt,2025-10-27 16:51,2025-10-27 16:51
MV-6E,IDS_9100_MAIN-TOP_250701,167,2025-10-27 16:51,2025-10-27 16:51,1,Q2,4,WrongPart,KRC102S,,00000167_9.txt,2025-10-27 16:51,2025-10-27 16:51
MV-6E,IDS_9100_MAIN-TOP_250701,170,2025-10-27 16:52,2025-10-27 16:52,1,DIM3,0,Missing,BIT1005BW-10K-02,,00000170_8.txt,2025-10-27 16:52,2025-10-27 16:52
MV-6E,IDS_9100_MAIN-TOP_250701,170,2025-10-27 16:52,2025-10-27 16:52,1,DIM3,2,InsufficientSolder,BIT1005BW-10K-02,,00000170_8.txt,2025-10-27 16:52,2025-10-27 16:52
MV-6E,IDS_9100_MAIN-TOP_250701,170,2025-10-27 16:52,2025-10-27 16:52,3,DIM3,0,Missing,BIT1005BW-10K-02,,00000170_8.txt,2025-10-27 16:52,2025-10-27 16:52
MV-6E,IDS_9100_MAIN-TOP_250701,170,2025-10-27 16:52,2025-10-27 16:52,3,DIM3,2,InsufficientSolder,BIT1005BW-10K-02,,00000170_8.txt,2025-10-27 16:52,2025-10-27 16:52
MV-6E,IDS_9100_MAIN-TOP_250701,171,2025-10-27 16:58,2025-10-27 16:58,2,DIM3,0,Rotate,BIT1005BW-10K-02,,00000171_8.txt,2025-10-27 16:58,2025-10-27 16:58
MV-6E,IDS_9100_MAIN-TOP_250701,172,2025-10-27 16:58,2025-10-27 16:58,0,UV,0,Missing,BIT1005DNB-0,,00000172_8.txt,2025-10-27 16:58,2025-10-27 16:58
MV-6E,IDS_9100_MAIN-TOP_250701,172,2025-10-27 16:58,2025-10-27 16:58,1,D1,0,Shift,SS24A,,00000172_8.txt,2025-10-27 16:58,2025-10-27 16:58
MV-6E,IDS_9100_MAIN-TOP_250701,172,2025-10-27 16:58,2025-10-27 16:58,3,BAT3,2,InsufficientSolder,BIT1005USO-02,,00000172_8.txt,2025-10-27 16:58,2025-10-27 16:58
MV-6E,IDS_9100_MAIN-TOP_250701,172,2025-10-27 16:58,2025-10-27 16:58,4,D1,0,Shift,SS24A,,00000172_8.txt,2025-10-27 16:58,2025-10-27 16:58
MV-6E,IDS_9100_MAIN-TOP_250701,173,2025-10-27 16:59,2025-10-27 16:59,4,Q2,0,LiftedPackage,KRC102S,,00000173_8.txt,2025-10-27 16:59,2025-10-27 16:59
MV-6E,IDS_9100_MAIN-TOP_250701,173,2025-10-27 16:59,2025-10-27 16:59,4,Q2,4,WrongPart,KRC102S,,00000173_8.txt,2025-10-27 16:59,2025-10-27 16:59
MV-6E,IDS_9100_MAIN-TOP_250701,174,2025-10-27 16:59,2025-10-27 16:59,0,UV,0,Shift,BIT1005DNB-0,,00000174_8.txt,2025-10-27 16:59,2025-10-27 16:59
MV-6E,IDS_9100_MAIN-TOP_250701,175,2025-10-27 17:10,2025-10-27 17:10,0,F1,2,Missing,FSMD020-0603-R,,00000175_8.txt,2025-10-27 17:10,2025-10-27 17:10
MV-6E,IDS_9100_MAIN-TOP_250701,176,2025-10-27 17:10,2025-10-27 17:10,0,BAT4,2,InsufficientSolder,BIT1005USO-02,,00000176_8.txt,2025-10-27 17:10,2025-10-27 17:10
MV-6E,IDS_9100_MAIN-TOP_250701,182,2025-10-27 17:14,2025-10-27 17:14,4,R22,0,Missing,100_ohm_J1005,,00000182_8.txt,2025-10-27 17:14,2025-10-27 17:14
MV-6E,IDS_9100_MAIN-TOP_250701,183,2025-10-27 17:15,2025-10-27 17:15,0,DIM3,0,Rotate,BIT1005BW-10K-02,,00000183_8.txt,2025-10-27 17:15,2025-10-27 17:15
MV-6E,IDS_9100_MAIN-TOP_250701,183,2025-10-27 17:15,2025-10-27 17:15,2,Q2,0,Tilt,KRC102S,,00000183_8.txt,2025-10-27 17:15,2025-10-27 17:15
MV-6E,IDS_9100_MAIN-TOP_250701,185,2025-10-27 17:19,2025-10-27 17:19,0,DIM3,0,Missing,BIT1005BW-10K-02,,00000185_8.txt,2025-10-27 17:19,2025-10-27 17:19
MV-6E,IDS_9100_MAIN-TOP_250701,185,2025-10-27 17:19,2025-10-27 17:19,0,DIM3,2,InsufficientSolder,BIT1005BW-10K-02,,00000185_8.txt,2025-10-27 17:19,2025-10-27 17:19
MV-6E,IDS_9100_MAIN-TOP_250701,185,2025-10-27 17:19,2025-10-27 17:19,2,DIM3,0,Missing,BIT1005BW-10K-02,,00000185_8.txt,2025-10-27 17:19,2025-10-27 17:19
MV-6E,IDS_9100_MAIN-TOP_250701,185,2025-10-27 17:19,2025-10-27 17:19,2,DIM3,2,InsufficientSolder,BIT1005BW-10K-02,,00000185_8.txt,2025-10-27 17:19,2025-10-27 17:19
MV-6E,IDS_9100_MAIN-TOP_250701,187,2025-10-27 17:20,2025-10-27 17:20,2,UV,0,Missing,BIT1005DNB-0,,00000187_8.txt,2025-10-27 17:20,2025-10-27 17:20
MV-6E,IDS_9100_MAIN-TOP_250701,187,2025-10-27 17:20,2025-10-27 17:20,3,DIM3,0,Rotate,BIT1005BW-10K-02,,00000187_8.txt,2025-10-27 17:20,2025-10-27 17:20
MV-6E,IDS_9100_MAIN-TOP_250701,189,2025-10-27 17:21,2025-10-27 17:21,3,DIM3,0,Rotate,BIT1005BW-10K-02,,00000189_8.txt,2025-10-27 17:21,2025-10-27 17:21
MV-6E,IDS_9100_MAIN-TOP_250701,190,2025-10-27 17:21,2025-10-27 17:21,0,PP,0,Tilt,BIT1005DLG-02_PURE,,00000190_8.txt,2025-10-27 17:21,2025-10-27 17:21
MV-6E,IDS_9100_MAIN-TOP_250701,191,2025-10-27 17:22,2025-10-27 17:22,4,DIM3,0,Missing,BIT1005BW-10K-02,,00000191_8.txt,2025-10-27 17:22,2025-10-27 17:22
MV-6E,IDS_9100_MAIN-TOP_250701,191,2025-10-27 17:22,2025-10-27 17:22,4,DIM3,2,InsufficientSolder,BIT1005BW-10K-02,,00000191_8.txt,2025-10-27 17:22,2025-10-27 17:22
MV-6E,IDS_9100_MAIN-TOP_250701,193,2025-10-27 17:23,2025-10-27 17:23,0,DIM4,0,Shift,BIT1005BW-10K-02,,00000193_8.txt,2025-10-27 17:23,2025-10-27 17:23
MV-6E,IDS_9100_MAIN-TOP_250701,193,2025-10-27 17:23,2025-10-27 17:23,1,F1,1,InsufficientSolder,FSMD020-0603-R,,00000193_8.txt,2025-10-27 17:23,2025-10-27 17:23
MV-6E,IDS_9100_MAIN-TOP_250701,193,2025-10-27 17:23,2025-10-27 17:23,1,F1,2,Shift,FSMD020-0603-R,,00000193_8.txt,2025-10-27 17:23,2025-10-27 17:23
MV-6E,IDS_9100_MAIN-TOP_250701,194,2025-10-27 17:24,2025-10-27 17:24,2,DIM3,0,Missing,BIT1005BW-10K-02,,00000194_8.txt,2025-10-27 17:24,2025-10-27 17:24
MV-6E,IDS_9100_MAIN-TOP_250701,194,2025-10-27 17:24,2025-10-27 17:24,2,DIM3,2,InsufficientSolder,BIT1005BW-10K-02,,00000194_8.txt,2025-10-27 17:24,2025-10-27 17:24
MV-6E,IDS_9100_MAIN-TOP_250701,198,2025-10-27 17:26,2025-10-27 17:26,0,BAT4,2,InsufficientSolder,BIT1005USO-02,,00000198_8.txt,2025-10-27 17:26,2025-10-27 17:26
MV-6E,IDS_9100_MAIN-TOP_250701,199,2025-10-27 17:27,2025-10-27 17:27,1,F1,2,Rotate,FSMD020-0603-R,,00000199_8.txt,2025-10-27 17:27,2025-10-27 17:27
MV-6E,IDS_9100_MAIN-TOP_250701,199,2025-10-27 17:27,2025-10-27 17:27,3,R22,0,Missing,100_ohm_J1005,,00000199_8.txt,2025-10-27 17:27,2025-10-27 17:27
MV-6E,IDS_9100_MAIN-TOP_250701,199,2025-10-27 17:27,2025-10-27 17:27,4,F1,2,Rotate,FSMD020-0603-R,,00000199_8.txt,2025-10-27 17:27,2025-10-27 17:27
MV-6E,IDS_9100_MAIN-TOP_250701,201,2025-10-27 17:28,2025-10-27 17:28,3,UV,0,Missing,BIT1005DNB-0,,00000201_8.txt,2025-10-27 17:28,2025-10-27 17:28
MV-6E,IDS_9100_MAIN-TOP_250701,203,2025-10-27 17:29,2025-10-27 17:29,0,DIM3,0,Missing,BIT1005BW-10K-02,,00000203_8.txt,2025-10-27 17:29,2025-10-27 17:29
MV-6E,IDS_9100_MAIN-TOP_250701,203,2025-10-27 17:29,2025-10-27 17:29,0,DIM3,2,InsufficientSolder,BIT1005BW-10K-02,,00000203_8.txt,2025-10-27 17:29,2025-10-27 17:29
MV-6E,IDS_9100_MAIN-TOP_250701,204,2025-10-27 17:30,2025-10-27 17:30,1,UV,0,Missing,BIT1005DNB-0,,00000204_8.txt,2025-10-27 17:30,2025-10-27 17:30
MV-6E,IDS_9100_MAIN-TOP_250701,205,2025-10-27 17:30,2025-10-27 17:30,4,F1,2,Shift,FSMD020-0603-R,,00000205_8.txt,2025-10-27 17:30,2025-10-27 17:30
MV-6E,IDS_9100_MAIN-TOP_250701,205,2025-10-27 17:30,2025-10-27 17:30,4,BAT3,2,InsufficientSolder,BIT1005USO-02,,00000205_8.txt,2025-10-27 17:30,2025-10-27 17:30
MV-6E,IDS_9100_MAIN-TOP_250701,206,2025-10-27 17:31,2025-10-27 17:31,0,F1,0,InsufficientSolder,FSMD020-0603-R,,00000206_8.txt,2025-10-27 17:31,2025-10-27 17:31
MV-6E,IDS_9100_MAIN-TOP_250701,206,2025-10-27 17:31,2025-10-27 17:31,0,F1,2,Shift,FSMD020-0603-R,,00000206_8.txt,2025-10-27 17:31,2025-10-27 17:31
MV-6E,IDS_9100_MAIN-TOP_250701,206,2025-10-27 17:31,2025-10-27 17:31,4,BAT4,0,Missing,BIT1005USO-02,,00000206_8.txt,2025-10-27 17:31,2025-10-27 17:31
MV-6E,IDS_9100_MAIN-TOP_250701,207,2025-10-27 17:31,2025-10-27 17:31,0,BD1,2,Bridge,MB24S,,00000207_8.txt,2025-10-27 17:31,2025-10-27 17:31
MV-6E,IDS_9100_MAIN-TOP_250701,207,2025-10-27 17:31,2025-10-27 17:31,2,DIM3,0,Missing,BIT1005BW-10K-02,,00000207_8.txt,2025-10-27 17:31,2025-10-27 17:31
MV-6E,IDS_9100_MAIN-TOP_250701,207,2025-10-27 17:31,2025-10-27 17:31,2,DIM3,2,InsufficientSolder,BIT1005BW-10K-02,,00000207_8.txt,2025-10-27 17:31,2025-10-27 17:31
MV-6E,IDS_9100_MAIN-TOP_250701,207,2025-10-27 17:31,2025-10-27 17:31,4,DIM3,0,Rotate,BIT1005BW-10K-02,,00000207_8.txt,2025-10-27 17:31,2025-10-27 17:31
MV-6E,IDS_9100_MAIN-TOP_250701,209,2025-10-27 17:34,2025-10-27 17:34,0,DIM3,0,Missing,BIT1005BW-10K-02,,00000209_8.txt,2025-10-27 17:34,2025-10-27 17:34
MV-6E,IDS_9100_MAIN-TOP_250701,209,2025-10-27 17:34,2025-10-27 17:34,0,DIM3,2,InsufficientSolder,BIT1005BW-10K-02,,00000209_8.txt,2025-10-27 17:34,2025-10-27 17:34
MV-6E,IDS_9100_MAIN-TOP_250701,210,2025-10-27 17:35,2025-10-27 17:35,1,F1,1,InsufficientSolder,FSMD020-0603-R,,00000210_8.txt,2025-10-27 17:35,2025-10-27 17:35
MV-6E,IDS_9100_MAIN-TOP_250701,210,2025-10-27 17:35,2025-10-27 17:35,1,BAT4,2,InsufficientSolder,BIT1005USO-02,,00000210_8.txt,2025-10-27 17:35,2025-10-27 17:35
MV-6E,IDS_9100_MAIN-TOP_250701,210,2025-10-27 17:35,2025-10-27 17:35,2,DIM3,0,Missing,BIT1005BW-10K-02,,00000210_8.txt,2025-10-27 17:35,2025-10-27 17:35
MV-6E,IDS_9100_MAIN-TOP_250701,210,2025-10-27 17:35,2025-10-27 17:35,2,DIM3,2,InsufficientSolder,BIT1005BW-10K-02,,00000210_8.txt,2025-10-27 17:35,2025-10-27 17:35
MV-6E,IDS_9100_MAIN-TOP_250701,210,2025-10-27 17:35,2025-10-27 17:35,2,UV,0,Missing,BIT1005DNB-0,,00000210_8.txt,2025-10-27 17:35,2025-10-27 17:35
MV-6E,IDS_9100_MAIN-TOP_250701,211,2025-10-27 17:35,2025-10-27 17:35,3,BAT2,2,InsufficientSolder,BIT1005USO-02,,00000211_8.txt,2025-10-27 17:35,2025-10-27 17:35
MV-6E,IDS_9100_MAIN-TOP_250701,211,2025-10-27 17:35,2025-10-27 17:35,4,DIM3,0,Missing,BIT1005BW-10K-02,,00000211_8.txt,2025-10-27 17:35,2025-10-27 17:35
MV-6E,IDS_9100_MAIN-TOP_250701,211,2025-10-27 17:35,2025-10-27 17:35,4,DIM3,2,InsufficientSolder,BIT1005BW-10K-02,,00000211_8.txt,2025-10-27 17:35,2025-10-27 17:35
MV-6E,IDS_9100_MAIN-TOP_250701,213,2025-10-27 17:36,2025-10-27 17:36,3,UV,0,Missing,BIT1005DNB-0,,00000213_8.txt,2025-10-27 17:36,2025-10-27 17:36
MV-6E,IDS_9100_MAIN-TOP_250701,215,2025-10-28 9:18,2025-10-28 9:18,1,F1,1,InsufficientSolder,FSMD020-0603-R,,00000215_8.txt,2025-10-28 9:18,2025-10-28 9:18
MV-6E,IDS_9100_MAIN-TOP_250701,215,2025-10-28 9:18,2025-10-28 9:18,4,F1,1,InsufficientSolder,FSMD020-0603-R,,00000215_8.txt,2025-10-28 9:18,2025-10-28 9:18
MV-6E,IDS_9100_MAIN-TOP_250701,216,2025-10-28 9:29,2025-10-28 9:29,3,UV,0,Rotate,BIT1005DNB-0,,00000216_8.txt,2025-10-28 9:29,2025-10-28 9:29
MV-6E,IDS_9100_MAIN-TOP_250701,217,2025-10-28 9:30,2025-10-28 9:30,2,DIM4,0,Missing,BIT1005BW-10K-02,,00000217_8.txt,2025-10-28 9:30,2025-10-28 9:30
MV-6E,IDS_9100_MAIN-TOP_250701,218,2025-10-28 9:31,2025-10-28 9:31,2,DIM3,0,Rotate,BIT1005BW-10K-02,,00000218_7.txt,2025-10-28 9:31,2025-10-28 9:31
MV-6E,IDS_9100_MAIN-TOP_250701,219,2025-10-28 9:32,2025-10-28 9:32,0,DIM3,0,Rotate,BIT1005BW-10K-02,,00000219_7.txt,2025-10-28 9:32,2025-10-28 9:32
MV-6E,IDS_9100_MAIN-TOP_250701,219,2025-10-28 9:32,2025-10-28 9:32,2,DIM3,0,Missing,BIT1005BW-10K-02,,00000219_7.txt,2025-10-28 9:32,2025-10-28 9:32
MV-6E,IDS_9100_MAIN-TOP_250701,219,2025-10-28 9:32,2025-10-28 9:32,2,DIM3,2,InsufficientSolder,BIT1005BW-10K-02,,00000219_7.txt,2025-10-28 9:32,2025-10-28 9:32
MV-6E,IDS_9100_MAIN-TOP_250701,224,2025-10-28 9:35,2025-10-28 9:35,4,DIM3,0,Rotate,BIT1005BW-10K-02,,00000224_6.txt,2025-10-28 9:35,2025-10-28 9:35
MV-6E,IDS_9100_MAIN-TOP_250701,226,2025-10-28 9:36,2025-10-28 9:36,1,UV,0,Missing,BIT1005DNB-0,,00000226_6.txt,2025-10-28 9:36,2025-10-28 9:36
MV-6E,IDS_9100_MAIN-TOP_250701,228,2025-10-28 9:37,2025-10-28 9:37,3,F1,1,InsufficientSolder,FSMD020-0603-R,,00000228_5.txt,2025-10-28 9:37,2025-10-28 9:37
MV-6E,IDS_9100_MAIN-TOP_250701,230,2025-10-28 9:53,2025-10-28 9:53,3,DIM3,0,Rotate,BIT1005BW-10K-02,,00000230_5.txt,2025-10-28 9:53,2025-10-28 9:53
MV-6E,IDS_9100_MAIN-TOP_250701,232,2025-10-28 9:54,2025-10-28 9:54,1,DIM3,0,Missing,BIT1005BW-10K-02,,00000232_5.txt,2025-10-28 9:54,2025-10-28 9:54
MV-6E,IDS_9100_MAIN-TOP_250701,232,2025-10-28 9:54,2025-10-28 9:54,1,DIM3,2,InsufficientSolder,BIT1005BW-10K-02,,00000232_5.txt,2025-10-28 9:54,2025-10-28 9:54
MV-6E,IDS_9100_MAIN-TOP_250701,232,2025-10-28 9:54,2025-10-28 9:54,2,DIM3,0,Missing,BIT1005BW-10K-02,,00000232_5.txt,2025-10-28 9:54,2025-10-28 9:54
MV-6E,IDS_9100_MAIN-TOP_250701,232,2025-10-28 9:54,2025-10-28 9:54,2,DIM3,2,InsufficientSolder,BIT1005BW-10K-02,,00000232_5.txt,2025-10-28 9:54,2025-10-28 9:54
MV-6E,IDS_9100_MAIN-TOP_250701,244,2025-10-28 10:05,2025-10-28 10:05,2,DIM3,0,Tomstone,BIT1005BW-10K-02,,00000244_5.txt,2025-10-28 10:05,2025-10-28 10:05
MV-6E,IDS_9100_MAIN-TOP_250701,244,2025-10-28 10:05,2025-10-28 10:05,3,DIM3,0,Missing,BIT1005BW-10K-02,,00000244_5.txt,2025-10-28 10:05,2025-10-28 10:05
MV-6E,IDS_9100_MAIN-TOP_250701,244,2025-10-28 10:05,2025-10-28 10:05,3,DIM3,2,InsufficientSolder,BIT1005BW-10K-02,,00000244_5.txt,2025-10-28 10:05,2025-10-28 10:05
MV-6E,IDS_9100_MAIN-TOP_250701,245,2025-10-28 10:05,2025-10-28 10:05,0,UV,0,Missing,BIT1005DNB-0,,00000245_5.txt,2025-10-28 10:05,2025-10-28 10:05
MV-6E,IDS_9100_MAIN-TOP_250701,252,2025-10-28 10:09,2025-10-28 10:09,4,Q2,0,Tilt,KRC102S,,00000252_5.txt,2025-10-28 10:09,2025-10-28 10:09
MV-6E,IDS_9100_MAIN-TOP_250701,254,2025-10-28 10:10,2025-10-28 10:10,2,UV,0,Missing,BIT1005DNB-0,,00000254_5.txt,2025-10-28 10:10,2025-10-28 10:10
MV-6E,IDS_9100_MAIN-TOP_250701,256,2025-10-28 10:12,2025-10-28 10:12,1,UV,0,Rotate,BIT1005DNB-0,,00000256_5.txt,2025-10-28 10:12,2025-10-28 10:12
MV-6E,IDS_9100_MAIN-TOP_250701,256,2025-10-28 10:12,2025-10-28 10:12,2,BZ1,0,Tilt,ALP-5533,,00000256_5.txt,2025-10-28 10:12,2025-10-28 10:12
MV-6E,IDS_9100_MAIN-TOP_250701,258,2025-10-28 10:13,2025-10-28 10:13,0,DIM3,0,Missing,BIT1005BW-10K-02,,00000258_5.txt,2025-10-28 10:13,2025-10-28 10:13
MV-6E,IDS_9100_MAIN-TOP_250701,260,2025-10-28 10:14,2025-10-28 10:14,4,Q2,0,Tilt,KRC102S,,00000260_5.txt,2025-10-28 10:14,2025-10-28 10:14
MV-6E,IDS_9100_MAIN-TOP_250701,261,2025-10-28 10:14,2025-10-28 10:14,2,Q2,0,Tilt,KRC102S,,00000261_5.txt,2025-10-28 10:14,2025-10-28 10:14
MV-6E,IDS_9100_MAIN-TOP_250701,261,2025-10-28 10:14,2025-10-28 10:14,2,UV,0,Missing,BIT1005DNB-0,,00000261_5.txt,2025-10-28 10:14,2025-10-28 10:14
MV-6E,IDS_9100_MAIN-TOP_250701,262,2025-10-28 10:15,2025-10-28 10:15,0,DIM2,0,Missing,BIT1005BW-10K-02,,00000262_5.txt,2025-10-28 10:15,2025-10-28 10:15
MV-6E,IDS_9100_MAIN-TOP_250701,263,2025-10-28 10:16,2025-10-28 10:16,3,F1,1,InsufficientSolder,FSMD020-0603-R,,00000263_5.txt,2025-10-28 10:16,2025-10-28 10:16
MV-6E,IDS_9100_MAIN-TOP_250701,266,2025-10-28 10:17,2025-10-28 10:17,3,DIM2,0,Missing,BIT1005BW-10K-02,,00000266_5.txt,2025-10-28 10:17,2025-10-28 10:17
MV-6E,IDS_9100_MAIN-TOP_250701,266,2025-10-28 10:17,2025-10-28 10:17,3,DIM2,2,InsufficientSolder,BIT1005BW-10K-02,,00000266_5.txt,2025-10-28 10:17,2025-10-28 10:17
MV-6E,IDS_9100_MAIN-TOP_250701,267,2025-10-28 10:18,2025-10-28 10:18,2,F1,2,Rotate,FSMD020-0603-R,,00000267_5.txt,2025-10-28 10:18,2025-10-28 10:18
MV-6E,IDS_9100_MAIN-TOP_250701,268,2025-10-28 10:18,2025-10-28 10:18,2,DIM3,0,Missing,BIT1005BW-10K-02,,00000268_5.txt,2025-10-28 10:18,2025-10-28 10:18
MV-6E,IDS_9100_MAIN-TOP_250701,268,2025-10-28 10:18,2025-10-28 10:18,2,DIM3,2,InsufficientSolder,BIT1005BW-10K-02,,00000268_5.txt,2025-10-28 10:18,2025-10-28 10:18
MV-6E,IDS_9100_MAIN-TOP_250701,269,2025-10-28 10:19,2025-10-28 10:19,2,C20,0,Tomstone,0.1uF_6.3V_X5R_1005,,00000269_5.txt,2025-10-28 10:19,2025-10-28 10:19
MV-6E,IDS_9100_MAIN-TOP_250701,273,2025-10-28 10:21,2025-10-28 10:21,4,BZ1,0,Tilt,ALP-5533,,00000273_5.txt,2025-10-28 10:21,2025-10-28 10:21
MV-6E,IDS_9100_MAIN-TOP_250701,277,2025-10-28 10:24,2025-10-28 10:24,0,F1,2,Rotate,FSMD020-0603-R,,00000277_5.txt,2025-10-28 10:24,2025-10-28 10:24
MV-6E,IDS_9100_MAIN-TOP_250701,278,2025-10-28 10:25,2025-10-28 10:25,1,F1,2,Missing,FSMD020-0603-R,,00000278_5.txt,2025-10-28 10:25,2025-10-28 10:25
MV-6E,IDS_9100_MAIN-TOP_250701,278,2025-10-28 10:25,2025-10-28 10:25,3,Q2,0,Tilt,KRC102S,,00000278_5.txt,2025-10-28 10:25,2025-10-28 10:25
MV-6E,IDS_9100_MAIN-TOP_250701,278,2025-10-28 10:25,2025-10-28 10:25,3,Q2,4,WrongPart,KRC102S,,00000278_5.txt,2025-10-28 10:25,2025-10-28 10:25
MV-6E,IDS_9100_MAIN-TOP_250701,279,2025-10-28 10:26,2025-10-28 10:26,0,UV,0,Missing,BIT1005DNB-0,,00000279_5.txt,2025-10-28 10:26,2025-10-28 10:26
MV-6E,IDS_9100_MAIN-TOP_250701,280,2025-10-28 10:27,2025-10-28 10:27,2,F1,2,Missing,FSMD020-0603-R,,00000280_5.txt,2025-10-28 10:27,2025-10-28 10:27
MV-6E,IDS_9100_MAIN-TOP_250701,280,2025-10-28 10:27,2025-10-28 10:27,2,DIM4,0,Missing,BIT1005BW-10K-02,,00000280_5.txt,2025-10-28 10:27,2025-10-28 10:27
MV-6E,IDS_9100_MAIN-TOP_250701,280,2025-10-28 10:27,2025-10-28 10:27,2,Q2,0,Tilt,KRC102S,,00000280_5.txt,2025-10-28 10:27,2025-10-28 10:27
MV-6E,IDS_9100_MAIN-TOP_250701,281,2025-10-28 10:27,2025-10-28 10:27,0,R23,0,Tilt,100_ohm_J1005,,00000281_5.txt,2025-10-28 10:27,2025-10-28 10:27
MV-6E,IDS_9100_MAIN-TOP_250701,282,2025-10-28 10:28,2025-10-28 10:28,0,F1,2,Shift,FSMD020-0603-R,,00000282_5.txt,2025-10-28 10:28,2025-10-28 10:28
MV-6E,IDS_9100_MAIN-TOP_250701,283,2025-10-28 10:28,2025-10-28 10:28,0,UV,0,Missing,BIT1005DNB-0,,00000283_5.txt,2025-10-28 10:28,2025-10-28 10:28
MV-6E,IDS_9100_MAIN-TOP_250701,283,2025-10-28 10:28,2025-10-28 10:28,4,DIM2,0,Missing,BIT1005BW-10K-02,,00000283_5.txt,2025-10-28 10:28,2025-10-28 10:28
MV-6E,IDS_9100_MAIN-TOP_250701,284,2025-10-28 10:29,2025-10-28 10:29,1,Q2,0,Tilt,KRC102S,,00000284_5.txt,2025-10-28 10:29,2025-10-28 10:29
MV-6E,IDS_9100_MAIN-TOP_250701,284,2025-10-28 10:29,2025-10-28 10:29,4,DIM3,0,Missing,BIT1005BW-10K-02,,00000284_5.txt,2025-10-28 10:29,2025-10-28 10:29
MV-6E,IDS_9100_MAIN-TOP_250701,284,2025-10-28 10:29,2025-10-28 10:29,4,DIM3,2,InsufficientSolder,BIT1005BW-10K-02,,00000284_5.txt,2025-10-28 10:29,2025-10-28 10:29
MV-6E,IDS_9100_MAIN-TOP_250701,285,2025-10-28 10:29,2025-10-28 10:29,0,DIM3,0,Rotate,BIT1005BW-10K-02,,00000285_5.txt,2025-10-28 10:29,2025-10-28 10:29
MV-6E,IDS_9100_MAIN-TOP_250701,287,2025-10-28 10:31,2025-10-28 10:31,1,F1,2,Missing,FSMD020-0603-R,,00000287_5.txt,2025-10-28 10:31,2025-10-28 10:31
MV-6E,IDS_9100_MAIN-TOP_250701,291,2025-10-28 10:33,2025-10-28 10:33,3,C3,0,Missing,10uF_6.3V_X5R_1005,,00000291_5.txt,2025-10-28 10:33,2025-10-28 10:33
MV-6E,IDS_9100_MAIN-TOP_250701,292,2025-10-28 10:33,2025-10-28 10:33,2,Q2,0,Tilt,KRC102S,,00000292_5.txt,2025-10-28 10:33,2025-10-28 10:33
MV-6E,IDS_9100_MAIN-TOP_250701,292,2025-10-28 10:33,2025-10-28 10:33,3,DIM3,0,Missing,BIT1005BW-10K-02,,00000292_5.txt,2025-10-28 10:33,2025-10-28 10:33
MV-6E,IDS_9100_MAIN-TOP_250701,294,2025-10-28 10:35,2025-10-28 10:35,1,F1,1,InsufficientSolder,FSMD020-0603-R,,00000294_5.txt,2025-10-28 10:35,2025-10-28 10:35
MV-6E,IDS_9100_MAIN-TOP_250701,295,2025-10-28 10:35,2025-10-28 10:35,2,Q2,0,Tilt,KRC102S,,00000295_5.txt,2025-10-28 10:35,2025-10-28 10:35
MV-6E,IDS_9100_MAIN-TOP_250701,296,2025-10-28 10:36,2025-10-28 10:36,3,DIM3,0,Rotate,BIT1005BW-10K-02,,00000296_5.txt,2025-10-28 10:36,2025-10-28 10:36
MV-6E,IDS_9100_MAIN-TOP_250701,297,2025-10-28 10:36,2025-10-28 10:36,0,DIM4,1,InsufficientSolder,BIT1005BW-10K-02,,00000297_5.txt,2025-10-28 10:36,2025-10-28 10:36
MV-6E,IDS_9100_MAIN-TOP_250701,298,2025-10-28 10:37,2025-10-28 10:37,3,BD1,2,Bridge,MB24S,,00000298_5.txt,2025-10-28 10:37,2025-10-28 10:37
MV-6E,IDS_9100_MAIN-TOP_250701,298,2025-10-28 10:37,2025-10-28 10:37,3,DIM3,0,Missing,BIT1005BW-10K-02,,00000298_5.txt,2025-10-28 10:37,2025-10-28 10:37
MV-6E,IDS_9100_MAIN-TOP_250701,299,2025-10-28 10:38,2025-10-28 10:38,4,BZ1,0,Tilt,ALP-5533,,00000299_4.txt,2025-10-28 10:38,2025-10-28 10:38
MV-6E,IDS_9100_MAIN-TOP_250701,300,2025-10-28 10:38,2025-10-28 10:38,1,DIM3,0,Missing,BIT1005BW-10K-02,,00000300_4.txt,2025-10-28 10:38,2025-10-28 10:38
MV-6E,IDS_9100_MAIN-TOP_250701,300,2025-10-28 10:38,2025-10-28 10:38,1,DIM3,2,InsufficientSolder,BIT1005BW-10K-02,,00000300_4.txt,2025-10-28 10:38,2025-10-28 10:38
MV-6E,IDS_9100_MAIN-TOP_250701,300,2025-10-28 10:38,2025-10-28 10:38,3,DIM3,0,Rotate,BIT1005BW-10K-02,,00000300_4.txt,2025-10-28 10:38,2025-10-28 10:38
MV-6E,IDS_9100_MAIN-TOP_250701,300,2025-10-28 10:38,2025-10-28 10:38,3,DIM3,1,InsufficientSolder,BIT1005BW-10K-02,,00000300_4.txt,2025-10-28 10:38,2025-10-28 10:38
MV-6E,IDS_9100_MAIN-TOP_250701,302,2025-10-28 10:39,2025-10-28 10:39,1,DIM3,0,Missing,BIT1005BW-10K-02,,00000302_4.txt,2025-10-28 10:39,2025-10-28 10:39
MV-6E,IDS_9100_MAIN-TOP_250701,302,2025-10-28 10:39,2025-10-28 10:39,1,DIM4,0,Shift,BIT1005BW-10K-02,,00000302_4.txt,2025-10-28 10:39,2025-10-28 10:39
MV-6E,IDS_9100_MAIN-TOP_250701,302,2025-10-28 10:39,2025-10-28 10:39,2,DIM4,0,Shift,BIT1005BW-10K-02,,00000302_4.txt,2025-10-28 10:39,2025-10-28 10:39
MV-6E,IDS_9100_MAIN-TOP_250701,303,2025-10-28 10:40,2025-10-28 10:40,1,F1,2,Shift,FSMD020-0603-R,,00000303_4.txt,2025-10-28 10:40,2025-10-28 10:40
MV-6E,IDS_9100_MAIN-TOP_250701,303,2025-10-28 10:40,2025-10-28 10:40,2,F1,1,InsufficientSolder,FSMD020-0603-R,,00000303_4.txt,2025-10-28 10:40,2025-10-28 10:40
MV-6E,IDS_9100_MAIN-TOP_250701,303,2025-10-28 10:40,2025-10-28 10:40,2,F1,2,Shift,FSMD020-0603-R,,00000303_4.txt,2025-10-28 10:40,2025-10-28 10:40
MV-6E,IDS_9100_MAIN-TOP_250701,305,2025-10-28 10:41,2025-10-28 10:41,0,DIM2,0,Tomstone,BIT1005BW-10K-02,,00000305_4.txt,2025-10-28 10:41,2025-10-28 10:41
MV-6E,IDS_9100_MAIN-TOP_250701,306,2025-10-28 10:42,2025-10-28 10:42,0,DIM3,0,Rotate,BIT1005BW-10K-02,,00000306_4.txt,2025-10-28 10:42,2025-10-28 10:42
MV-6E,IDS_9100_MAIN-TOP_250701,306,2025-10-28 10:42,2025-10-28 10:42,3,DIM3,0,Missing,BIT1005BW-10K-02,,00000306_4.txt,2025-10-28 10:42,2025-10-28 10:42
MV-6E,IDS_9100_MAIN-TOP_250701,307,2025-10-28 10:42,2025-10-28 10:42,2,DIM2,1,InsufficientSolder,BIT1005BW-10K-02,,00000307_4.txt,2025-10-28 10:42,2025-10-28 10:42
MV-6E,IDS_9100_MAIN-TOP_250701,309,2025-10-28 10:43,2025-10-28 10:43,4,Q2,0,Tilt,KRC102S,,00000309_4.txt,2025-10-28 10:43,2025-10-28 10:43
MV-6E,IDS_9100_MAIN-TOP_250701,311,2025-10-28 10:44,2025-10-28 10:44,0,DIM2,0,Missing,BIT1005BW-10K-02,,00000311_4.txt,2025-10-28 10:44,2025-10-28 10:44
MV-6E,IDS_9100_MAIN-TOP_250701,311,2025-10-28 10:44,2025-10-28 10:44,0,DIM2,2,InsufficientSolder,BIT1005BW-10K-02,,00000311_4.txt,2025-10-28 10:44,2025-10-28 10:44
MV-6E,IDS_9100_MAIN-TOP_250701,311,2025-10-28 10:44,2025-10-28 10:44,4,DIM3,0,Missing,BIT1005BW-10K-02,,00000311_4.txt,2025-10-28 10:44,2025-10-28 10:44
MV-6E,IDS_9100_MAIN-TOP_250701,311,2025-10-28 10:44,2025-10-28 10:44,4,DIM3,2,InsufficientSolder,BIT1005BW-10K-02,,00000311_4.txt,2025-10-28 10:44,2025-10-28 10:44
MV-6E,IDS_9100_MAIN-TOP_250701,312,2025-10-28 10:45,2025-10-28 10:45,0,DIM2,0,Missing,BIT1005BW-10K-02,,00000312_4.txt,2025-10-28 10:45,2025-10-28 10:45
MV-6E,IDS_9100_MAIN-TOP_250701,312,2025-10-28 10:45,2025-10-28 10:45,0,DIM2,2,InsufficientSolder,BIT1005BW-10K-02,,00000312_4.txt,2025-10-28 10:45,2025-10-28 10:45
MV-6E,IDS_9100_MAIN-TOP_250701,312,2025-10-28 10:45,2025-10-28 10:45,2,R22,0,Tilt,100_ohm_J1005,,00000312_4.txt,2025-10-28 10:45,2025-10-28 10:45
MV-6E,IDS_9100_MAIN-TOP_250701,313,2025-10-28 10:46,2025-10-28 10:46,2,C20,0,Tomstone,0.1uF_6.3V_X5R_1005,,00000313_4.txt,2025-10-28 10:46,2025-10-28 10:46
MV-6E,IDS_9100_MAIN-TOP_250701,313,2025-10-28 10:46,2025-10-28 10:46,4,DIM3,0,Missing,BIT1005BW-10K-02,,00000313_4.txt,2025-10-28 10:46,2025-10-28 10:46
MV-6E,IDS_9100_MAIN-TOP_250701,313,2025-10-28 10:46,2025-10-28 10:46,4,DIM3,2,InsufficientSolder,BIT1005BW-10K-02,,00000313_4.txt,2025-10-28 10:46,2025-10-28 10:46
MV-6E,IDS_9100_MAIN-TOP_250701,315,2025-10-28 10:47,2025-10-28 10:47,2,DIM3,0,Missing,BIT1005BW-10K-02,,00000315_4.txt,2025-10-28 10:47,2025-10-28 10:47
MV-6E,IDS_9100_MAIN-TOP_250701,315,2025-10-28 10:47,2025-10-28 10:47,2,DIM3,2,InsufficientSolder,BIT1005BW-10K-02,,00000315_4.txt,2025-10-28 10:47,2025-10-28 10:47
MV-6E,IDS_9100_MAIN-TOP_250701,316,2025-10-28 10:47,2025-10-28 10:47,1,DIM4,0,DoubleChip,BIT1005BW-10K-02,,00000316_4.txt,2025-10-28 10:47,2025-10-28 10:47
MV-6E,IDS_9100_MAIN-TOP_250701,316,2025-10-28 10:47,2025-10-28 10:47,1,DIM4,2,InsufficientSolder,BIT1005BW-10K-02,,00000316_4.txt,2025-10-28 10:47,2025-10-28 10:47
MV-6E,IDS_9100_MAIN-TOP_250701,316,2025-10-28 10:47,2025-10-28 10:47,3,UV,0,Missing,BIT1005DNB-0,,00000316_4.txt,2025-10-28 10:47,2025-10-28 10:47
MV-6E,IDS_9100_MAIN-TOP_250701,317,2025-10-28 10:48,2025-10-28 10:48,2,R23,0,Missing,100_ohm_J1005,,00000317_4.txt,2025-10-28 10:48,2025-10-28 10:48
MV-6E,IDS_9100_MAIN-TOP_250701,318,2025-10-28 10:49,2025-10-28 10:49,0,F1,2,Rotate,FSMD020-0603-R,,00000318_4.txt,2025-10-28 10:49,2025-10-28 10:49
MV-6E,IDS_9100_MAIN-TOP_250701,318,2025-10-28 10:49,2025-10-28 10:49,0,PP,0,Tilt,BIT1005DLG-02_PURE,,00000318_4.txt,2025-10-28 10:49,2025-10-28 10:49
MV-6E,IDS_9100_MAIN-TOP_250701,320,2025-10-28 10:50,2025-10-28 10:50,1,Q2,0,Tilt,KRC102S,,00000320_4.txt,2025-10-28 10:50,2025-10-28 10:50
MV-6E,IDS_9100_MAIN-TOP_250701,323,2025-10-28 10:52,2025-10-28 10:52,1,UV,0,Missing,BIT1005DNB-0,,00000323_4.txt,2025-10-28 10:52,2025-10-28 10:52
MV-6E,IDS_9100_MAIN-TOP_250701,323,2025-10-28 10:52,2025-10-28 10:52,2,BZ1,0,Tilt,ALP-5533,,00000323_4.txt,2025-10-28 10:52,2025-10-28 10:52
MV-6E,IDS_9100_MAIN-TOP_250701,323,2025-10-28 10:52,2025-10-28 10:52,3,R23,0,Missing,100_ohm_J1005,,00000323_4.txt,2025-10-28 10:52,2025-10-28 10:52
MV-6E,IDS_9100_MAIN-TOP_250701,323,2025-10-28 10:52,2025-10-28 10:52,4,F1,1,InsufficientSolder,FSMD020-0603-R,,00000323_4.txt,2025-10-28 10:52,2025-10-28 10:52
MV-6E,IDS_9100_MAIN-TOP_250701,323,2025-10-28 10:52,2025-10-28 10:52,4,R23,0,Tilt,100_ohm_J1005,,00000323_4.txt,2025-10-28 10:52,2025-10-28 10:52
MV-6E,IDS_9100_MAIN-TOP_250701,324,2025-10-28 10:52,2025-10-28 10:52,0,DIM3,0,Rotate,BIT1005BW-10K-02,,00000324_4.txt,2025-10-28 10:52,2025-10-28 10:52
MV-6E,IDS_9100_MAIN-TOP_250701,325,2025-10-28 10:53,2025-10-28 10:53,2,F1,2,Rotate,FSMD020-0603-R,,00000325_4.txt,2025-10-28 10:53,2025-10-28 10:53
MV-6E,IDS_9100_MAIN-TOP_250701,325,2025-10-28 10:53,2025-10-28 10:53,2,DIM3,0,Rotate,BIT1005BW-10K-02,,00000325_4.txt,2025-10-28 10:53,2025-10-28 10:53
MV-6E,IDS_9100_MAIN-TOP_250701,326,2025-10-28 10:53,2025-10-28 10:53,0,DIM3,0,Shift,BIT1005BW-10K-02,,00000326_4.txt,2025-10-28 10:53,2025-10-28 10:53
MV-6E,IDS_9100_MAIN-TOP_250701,326,2025-10-28 10:53,2025-10-28 10:53,4,DIM3,0,Missing,BIT1005BW-10K-02,,00000326_4.txt,2025-10-28 10:53,2025-10-28 10:53
MV-6E,IDS_9100_MAIN-TOP_250701,326,2025-10-28 10:53,2025-10-28 10:53,4,DIM3,2,InsufficientSolder,BIT1005BW-10K-02,,00000326_4.txt,2025-10-28 10:53,2025-10-28 10:53
MV-6E,IDS_9100_MAIN-TOP_250701,326,2025-10-28 10:53,2025-10-28 10:53,4,Q2,0,Tilt,KRC102S,,00000326_4.txt,2025-10-28 10:53,2025-10-28 10:53
MV-6E,IDS_9100_MAIN-TOP_250701,327,2025-10-28 10:54,2025-10-28 10:54,0,DIM3,0,Rotate,BIT1005BW-10K-02,,00000327_4.txt,2025-10-28 10:54,2025-10-28 10:54
MV-6E,IDS_9100_MAIN-TOP_250701,328,2025-10-28 10:55,2025-10-28 10:55,0,DIM3,0,Missing,BIT1005BW-10K-02,,00000328_4.txt,2025-10-28 10:55,2025-10-28 10:55
MV-6E,IDS_9100_MAIN-TOP_250701,328,2025-10-28 10:55,2025-10-28 10:55,0,DIM3,2,InsufficientSolder,BIT1005BW-10K-02,,00000328_4.txt,2025-10-28 10:55,2025-10-28 10:55
MV-6E,IDS_9100_MAIN-TOP_250701,329,2025-10-28 10:55,2025-10-28 10:55,2,F1,1,InsufficientSolder,FSMD020-0603-R,,00000329_4.txt,2025-10-28 10:55,2025-10-28 10:55
MV-6E,IDS_9100_MAIN-TOP_250701,329,2025-10-28 10:55,2025-10-28 10:55,4,F1,2,Shift,FSMD020-0603-R,,00000329_4.txt,2025-10-28 10:55,2025-10-28 10:55
MV-6E,IDS_9100_MAIN-TOP_250701,330,2025-10-28 10:56,2025-10-28 10:56,2,DIM3,0,Missing,BIT1005BW-10K-02,,00000330_4.txt,2025-10-28 10:56,2025-10-28 10:56
MV-6E,IDS_9100_MAIN-TOP_250701,330,2025-10-28 10:56,2025-10-28 10:56,2,DIM3,2,InsufficientSolder,BIT1005BW-10K-02,,00000330_4.txt,2025-10-28 10:56,2025-10-28 10:56
MV-6E,IDS_9100_MAIN-TOP_250701,332,2025-10-28 10:57,2025-10-28 10:57,3,F1,2,Rotate,FSMD020-0603-R,,00000332_4.txt,2025-10-28 10:57,2025-10-28 10:57
MV-6E,IDS_9100_MAIN-TOP_250701,332,2025-10-28 10:57,2025-10-28 10:57,3,DIM3,0,Rotate,BIT1005BW-10K-02,,00000332_4.txt,2025-10-28 10:57,2025-10-28 10:57
MV-6E,IDS_9100_MAIN-TOP_250701,334,2025-10-28 10:58,2025-10-28 10:58,0,DIM1,0,Missing,BIT1005BW-10K-02,,00000334_4.txt,2025-10-28 10:58,2025-10-28 10:58
MV-6E,IDS_9100_MAIN-TOP_250701,336,2025-10-28 10:59,2025-10-28 10:59,0,DIM3,0,Missing,BIT1005BW-10K-02,,00000336_4.txt,2025-10-28 10:59,2025-10-28 10:59
MV-6E,IDS_9100_MAIN-TOP_250701,336,2025-10-28 10:59,2025-10-28 10:59,0,DIM3,2,InsufficientSolder,BIT1005BW-10K-02,,00000336_4.txt,2025-10-28 10:59,2025-10-28 10:59
MV-6E,IDS_9100_MAIN-TOP_250701,336,2025-10-28 10:59,2025-10-28 10:59,2,F1,1,InsufficientSolder,FSMD020-0603-R,,00000336_4.txt,2025-10-28 10:59,2025-10-28 10:59
MV-6E,IDS_9100_MAIN-TOP_250701,336,2025-10-28 10:59,2025-10-28 10:59,2,PP,0,Tilt,BIT1005DLG-02_PURE,,00000336_4.txt,2025-10-28 10:59,2025-10-28 10:59
MV-6E,IDS_9100_MAIN-TOP_250701,344,2025-10-28 11:05,2025-10-28 11:05,4,R20,0,Missing,47K_ohm_F1005,,00000344_4.txt,2025-10-28 11:05,2025-10-28 11:05
MV-6E,IDS_9100_MAIN-TOP_250701,344,2025-10-28 11:05,2025-10-28 11:05,4,R21,0,Missing,47K_ohm_F1005,,00000344_4.txt,2025-10-28 11:05,2025-10-28 11:05
MV-6E,IDS_9100_MAIN-TOP_250701,344,2025-10-28 11:05,2025-10-28 11:05,4,R21,2,InsufficientSolder,47K_ohm_F1005,,00000344_4.txt,2025-10-28 11:05,2025-10-28 11:05
MV-6E,IDS_9100_MAIN-TOP_250701,359,2025-10-28 11:15,2025-10-28 11:15,2,Q2,0,Tilt,KRC102S,,00000359_4.txt,2025-10-28 11:15,2025-10-28 11:15
MV-6E,IDS_9100_MAIN-TOP_250701,382,2025-10-28 12:09,2025-10-28 12:09,3,F1,1,InsufficientSolder,FSMD020-0603-R,,00000382_3.txt,2025-10-28 12:09,2025-10-28 12:09
MV-6E,IDS_9100_MAIN-TOP_250701,410,2025-10-28 12:30,2025-10-28 12:30,3,BAT3,0,Missing,BIT1005USO-02,,00000410_3.txt,2025-10-28 12:30,2025-10-28 12:30
MV-6E,IDS_9100_MAIN-BOT_250701,113,2025-10-28 13:30,2025-10-28 13:30,0,C24,0,Tomstone,0.1uF_6.3V_X5R_1005,,00000113_10.txt,2025-10-28 13:30,2025-10-28 13:30
MV-6E,IDS_9100_MAIN-BOT_250701,175,2025-10-28 14:07,2025-10-28 14:07,2,C24,0,Tomstone,0.1uF_6.3V_X5R_1005,,00000175_9.txt,2025-10-28 14:07,2025-10-28 14:07
MV-6E,IDS_9100_MAIN-BOT_250701,178,2025-10-28 14:09,2025-10-28 14:09,1,TVS1,0,Tilt,ESD5Z12T1G,,00000178_9.txt,2025-10-28 14:09,2025-10-28 14:09
MV-6E,IDS_9100_MAIN-BOT_250701,179,2025-10-28 14:09,2025-10-28 14:09,1,CON1,2,InsufficientSolder,1012-16F_USB-C,,00000179_9.txt,2025-10-28 14:09,2025-10-28 14:09
MV-6E,IDS_9100_MAIN-BOT_250701,181,2025-10-28 14:14,2025-10-28 14:14,2,TVS1,0,Rotate,ESD5Z12T1G,,00000181_9.txt,2025-10-28 14:14,2025-10-28 14:14
MV-6E,IDS_9100_MAIN-BOT_250701,181,2025-10-28 14:14,2025-10-28 14:14,2,TVS1,2,InsufficientSolder,ESD5Z12T1G,,00000181_9.txt,2025-10-28 14:14,2025-10-28 14:14
MV-6E,IDS_9100_MAIN-BOT_250701,183,2025-10-28 14:15,2025-10-28 14:15,0,TVS1,0,Rotate,ESD5Z12T1G,,00000183_9.txt,2025-10-28 14:15,2025-10-28 14:15
MV-6E,IDS_9100_MAIN-BOT_250701,183,2025-10-28 14:15,2025-10-28 14:15,0,TVS1,2,InsufficientSolder,ESD5Z12T1G,,00000183_9.txt,2025-10-28 14:15,2025-10-28 14:15
MV-6E,IDS_9100_MAIN-BOT_250701,185,2025-10-28 14:17,2025-10-28 14:17,1,CON1,5,InsufficientSolder,1012-16F_USB-C,,00000185_9.txt,2025-10-28 14:17,2025-10-28 14:17
MV-6E,IDS_9100_MAIN-BOT_250701,186,2025-10-28 14:17,2025-10-28 14:17,3,R2,0,Tilt,5.1K_ohm_J1005,,00000186_9.txt,2025-10-28 14:17,2025-10-28 14:17
MV-6E,IDS_9100_MAIN-BOT_250701,188,2025-10-28 14:18,2025-10-28 14:18,2,CON1,5,InsufficientSolder,1012-16F_USB-C,,00000188_9.txt,2025-10-28 14:18,2025-10-28 14:18
MV-6E,IDS_9100_MAIN-BOT_250701,191,2025-10-28 14:20,2025-10-28 14:20,3,CON1,5,InsufficientSolder,1012-16F_USB-C,,00000191_9.txt,2025-10-28 14:20,2025-10-28 14:20
MV-6E,IDS_9100_MAIN-BOT_250701,199,2025-10-28 14:25,2025-10-28 14:25,2,C24,0,Tomstone,0.1uF_6.3V_X5R_1005,,00000199_9.txt,2025-10-28 14:25,2025-10-28 14:25
MV-6E,IDS_9100_MAIN-BOT_250701,211,2025-10-28 14:32,2025-10-28 14:32,4,CON1,2,InsufficientSolder,1012-16F_USB-C,,00000211_9.txt,2025-10-28 14:32,2025-10-28 14:32
MV-6E,IDS_9100_MAIN-BOT_250701,213,2025-10-28 14:33,2025-10-28 14:33,0,C24,0,Tomstone,0.1uF_6.3V_X5R_1005,,00000213_9.txt,2025-10-28 14:33,2025-10-28 14:33
MV-6E,IDS_9100_MAIN-BOT_250701,213,2025-10-28 14:33,2025-10-28 14:33,2,C24,0,Tomstone,0.1uF_6.3V_X5R_1005,,00000213_9.txt,2025-10-28 14:33,2025-10-28 14:33
MV-6E,IDS_9100_MAIN-BOT_250701,215,2025-10-28 14:35,2025-10-28 14:35,2,CON1,2,InsufficientSolder,1012-16F_USB-C,,00000215_9.txt,2025-10-28 14:35,2025-10-28 14:35
MV-6E,IDS_9100_MAIN-BOT_250701,225,2025-10-28 14:41,2025-10-28 14:41,3,U6,0,Missing,MC96F6432AU,,00000225_7.txt,2025-10-28 14:41,2025-10-28 14:41
MV-6E,IDS_9100_MAIN-BOT_250701,227,2025-10-28 14:42,2025-10-28 14:42,3,R30,0,Missing,560_ohm_J1005,,00000227_7.txt,2025-10-28 14:42,2025-10-28 14:42
MV-6E,IDS_9100_MAIN-BOT_250701,227,2025-10-28 14:42,2025-10-28 14:42,3,S1,0,Missing,TAFG-13WQR,,00000227_7.txt,2025-10-28 14:42,2025-10-28 14:42
MV-6E,IDS_9100_MAIN-BOT_250701,230,2025-10-28 14:44,2025-10-28 14:44,4,CON1,5,InsufficientSolder,1012-16F_USB-C,,00000230_6.txt,2025-10-28 14:44,2025-10-28 14:44
MV-6E,IDS_9100_MAIN-BOT_250701,233,2025-10-28 14:45,2025-10-28 14:45,1,C24,0,Tomstone,0.1uF_6.3V_X5R_1005,,00000233_6.txt,2025-10-28 14:45,2025-10-28 14:45
MV-6E,IDS_9100_MAIN-BOT_250701,236,2025-10-28 14:47,2025-10-28 14:47,1,TVS1,0,Rotate,ESD5Z12T1G,,00000236_6.txt,2025-10-28 14:47,2025-10-28 14:47
MV-6E,IDS_9100_MAIN-BOT_250701,236,2025-10-28 14:47,2025-10-28 14:47,1,TVS1,2,InsufficientSolder,ESD5Z12T1G,,00000236_6.txt,2025-10-28 14:47,2025-10-28 14:47
MV-6E,IDS_9100_MAIN-BOT_250701,242,2025-10-28 14:51,2025-10-28 14:51,3,TVS1,0,Rotate,ESD5Z12T1G,,00000242_6.txt,2025-10-28 14:51,2025-10-28 14:51
MV-6E,IDS_9100_MAIN-BOT_250701,242,2025-10-28 14:51,2025-10-28 14:51,3,TVS1,2,InsufficientSolder,ESD5Z12T1G,,00000242_6.txt,2025-10-28 14:51,2025-10-28 14:51
MV-6E,IDS_9100_MAIN-BOT_250701,243,2025-10-28 14:51,2025-10-28 14:51,2,TVS1,0,Rotate,ESD5Z12T1G,,00000243_6.txt,2025-10-28 14:51,2025-10-28 14:51
MV-6E,IDS_9100_MAIN-BOT_250701,243,2025-10-28 14:51,2025-10-28 14:51,2,TVS1,2,InsufficientSolder,ESD5Z12T1G,,00000243_6.txt,2025-10-28 14:51,2025-10-28 14:51
MV-6E,IDS_9100_MAIN-BOT_250701,245,2025-10-28 14:52,2025-10-28 14:52,0,TVS1,0,Rotate,ESD5Z12T1G,,00000245_6.txt,2025-10-28 14:52,2025-10-28 14:52
MV-6E,IDS_9100_MAIN-BOT_250701,245,2025-10-28 14:52,2025-10-28 14:52,0,TVS1,2,InsufficientSolder,ESD5Z12T1G,,00000245_6.txt,2025-10-28 14:52,2025-10-28 14:52
MV-6E,IDS_9100_MAIN-BOT_250701,247,2025-10-28 14:54,2025-10-28 14:54,1,CON1,2,InsufficientSolder,1012-16F_USB-C,,00000247_5.txt,2025-10-28 14:54,2025-10-28 14:54
MV-6E,IDS_9100_MAIN-BOT_250701,250,2025-10-28 14:55,2025-10-28 14:55,0,C24,0,Tomstone,0.1uF_6.3V_X5R_1005,,00000250_6.txt,2025-10-28 14:55,2025-10-28 14:55
MV-6E,IDS_9100_MAIN-BOT_250701,251,2025-10-28 14:56,2025-10-28 14:56,2,C24,0,Tomstone,0.1uF_6.3V_X5R_1005,,00000251_6.txt,2025-10-28 14:56,2025-10-28 14:56
MV-6E,IDS_9100_MAIN-BOT_250701,255,2025-10-28 14:58,2025-10-28 14:58,2,TVS1,0,Rotate,ESD5Z12T1G,,00000255_6.txt,2025-10-28 14:58,2025-10-28 14:58
MV-6E,IDS_9100_MAIN-BOT_250701,255,2025-10-28 14:58,2025-10-28 14:58,2,TVS1,2,InsufficientSolder,ESD5Z12T1G,,00000255_6.txt,2025-10-28 14:58,2025-10-28 14:58
MV-6E,IDS_9100_MAIN-BOT_250701,261,2025-10-28 15:02,2025-10-28 15:02,0,TVS1,0,Rotate,ESD5Z12T1G,,00000261_6.txt,2025-10-28 15:02,2025-10-28 15:02
MV-6E,IDS_9100_MAIN-BOT_250701,261,2025-10-28 15:02,2025-10-28 15:02,0,TVS1,2,InsufficientSolder,ESD5Z12T1G,,00000261_6.txt,2025-10-28 15:02,2025-10-28 15:02
MV-6E,IDS_9100_MAIN-BOT_250701,261,2025-10-28 15:02,2025-10-28 15:02,4,TVS1,0,Tilt,ESD5Z12T1G,,00000261_6.txt,2025-10-28 15:02,2025-10-28 15:02
MV-6E,IDS_9100_MAIN-BOT_250701,261,2025-10-28 15:02,2025-10-28 15:02,4,TVS1,2,InsufficientSolder,ESD5Z12T1G,,00000261_6.txt,2025-10-28 15:02,2025-10-28 15:02
MV-6E,IDS_9100_MAIN-BOT_250701,263,2025-10-28 15:03,2025-10-28 15:03,1,R34,0,Rotate,560_ohm_J1005,,00000263_6.txt,2025-10-28 15:03,2025-10-28 15:03
MV-6E,IDS_9100_MAIN-BOT_250701,267,2025-10-28 15:06,2025-10-28 15:06,2,TVS1,0,Rotate,ESD5Z12T1G,,00000267_6.txt,2025-10-28 15:06,2025-10-28 15:06
MV-6E,IDS_9100_MAIN-BOT_250701,267,2025-10-28 15:06,2025-10-28 15:06,2,TVS1,2,InsufficientSolder,ESD5Z12T1G,,00000267_6.txt,2025-10-28 15:06,2025-10-28 15:06
MV-6E,IDS_9100_MAIN-BOT_250701,273,2025-10-28 15:09,2025-10-28 15:09,2,C24,0,Tomstone,0.1uF_6.3V_X5R_1005,,00000273_6.txt,2025-10-28 15:09,2025-10-28 15:09
MV-6E,IDS_9100_MAIN-BOT_250701,273,2025-10-28 15:09,2025-10-28 15:09,4,TVS1,0,Rotate,ESD5Z12T1G,,00000273_6.txt,2025-10-28 15:09,2025-10-28 15:09
MV-6E,IDS_9100_MAIN-BOT_250701,273,2025-10-28 15:09,2025-10-28 15:09,4,TVS1,2,InsufficientSolder,ESD5Z12T1G,,00000273_6.txt,2025-10-28 15:09,2025-10-28 15:09
MV-6E,IDS_9100_MAIN-BOT_250701,275,2025-10-28 15:10,2025-10-28 15:10,2,S1,0,Shift,TAFG-13WQR,,00000275_6.txt,2025-10-28 15:10,2025-10-28 15:10
MV-6E,IDS_9100_MAIN-BOT_250701,278,2025-10-28 15:12,2025-10-28 15:12,4,CON1,5,InsufficientSolder,1012-16F_USB-C,,00000278_6.txt,2025-10-28 15:12,2025-10-28 15:12
MV-6E,IDS_9100_MAIN-BOT_250701,285,2025-10-28 15:16,2025-10-28 15:16,0,S2,0,Shift,TAFG-13WQR,,00000285_6.txt,2025-10-28 15:16,2025-10-28 15:16
MV-6E,IDS_9100_MAIN-BOT_250701,286,2025-10-28 15:17,2025-10-28 15:17,4,C24,0,Tomstone,0.1uF_6.3V_X5R_1005,,00000286_6.txt,2025-10-28 15:17,2025-10-28 15:17
MV-6E,IDS_9100_MAIN-BOT_250701,288,2025-10-28 15:18,2025-10-28 15:18,1,TVS1,0,Rotate,ESD5Z12T1G,,00000288_6.txt,2025-10-28 15:18,2025-10-28 15:18
MV-6E,IDS_9100_MAIN-BOT_250701,288,2025-10-28 15:18,2025-10-28 15:18,1,TVS1,2,InsufficientSolder,ESD5Z12T1G,,00000288_6.txt,2025-10-28 15:18,2025-10-28 15:18
MV-6E,IDS_9100_MAIN-BOT_250701,288,2025-10-28 15:18,2025-10-28 15:18,1,CON1,5,InsufficientSolder,1012-16F_USB-C,,00000288_6.txt,2025-10-28 15:18,2025-10-28 15:18
MV-6E,IDS_9100_MAIN-BOT_250701,297,2025-10-28 15:24,2025-10-28 15:24,3,CON1,2,InsufficientSolder,1012-16F_USB-C,,00000297_6.txt,2025-10-28 15:24,2025-10-28 15:24
MV-6E,IDS_9100_MAIN-BOT_250701,298,2025-10-28 15:24,2025-10-28 15:24,3,CON1,5,InsufficientSolder,1012-16F_USB-C,,00000298_6.txt,2025-10-28 15:24,2025-10-28 15:24
MV-6E,IDS_9100_MAIN-BOT_250701,302,2025-10-28 15:27,2025-10-28 15:27,0,CON1,5,InsufficientSolder,1012-16F_USB-C,,00000302_5.txt,2025-10-28 15:27,2025-10-28 15:27
MV-6E,IDS_9100_MAIN-BOT_250701,309,2025-10-28 15:31,2025-10-28 15:31,3,CON1,2,InsufficientSolder,1012-16F_USB-C,,00000309_5.txt,2025-10-28 15:31,2025-10-28 15:31
MV-6E,IDS_9100_MAIN-BOT_250701,311,2025-10-28 15:33,2025-10-28 15:33,3,CON1,5,InsufficientSolder,1012-16F_USB-C,,00000311_5.txt,2025-10-28 15:33,2025-10-28 15:33
MV-6E,IDS_9100_MAIN-BOT_250701,311,2025-10-28 15:33,2025-10-28 15:33,4,C24,0,Tomstone,0.1uF_6.3V_X5R_1005,,00000311_5.txt,2025-10-28 15:33,2025-10-28 15:33
MV-6E,IDS_9100_MAIN-BOT_250701,312,2025-10-28 15:33,2025-10-28 15:33,4,C24,0,Tomstone,0.1uF_6.3V_X5R_1005,,00000312_5.txt,2025-10-28 15:33,2025-10-28 15:33
MV-6E,IDS_9100_MAIN-BOT_250701,314,2025-10-28 15:34,2025-10-28 15:34,3,TVS1,0,Rotate,ESD5Z12T1G,,00000314_5.txt,2025-10-28 15:34,2025-10-28 15:34
MV-6E,IDS_9100_MAIN-BOT_250701,314,2025-10-28 15:34,2025-10-28 15:34,3,TVS1,2,InsufficientSolder,ESD5Z12T1G,,00000314_5.txt,2025-10-28 15:34,2025-10-28 15:34
MV-6E,IDS_9100_MAIN-BOT_250701,323,2025-10-28 15:40,2025-10-28 15:40,2,S2,0,LiftedPackage,TAFG-13WQR,,00000323_5.txt,2025-10-28 15:40,2025-10-28 15:40
MV-6E,IDS_9100_MAIN-BOT_250701,324,2025-10-28 15:40,2025-10-28 15:40,1,TVS1,0,Rotate,ESD5Z12T1G,,00000324_5.txt,2025-10-28 15:40,2025-10-28 15:40
MV-6E,IDS_9100_MAIN-BOT_250701,324,2025-10-28 15:40,2025-10-28 15:40,1,TVS1,2,InsufficientSolder,ESD5Z12T1G,,00000324_5.txt,2025-10-28 15:40,2025-10-28 15:40
MV-6E,IDS_9100_SUB-BOT,14,2025-10-28 16:21,2025-10-28 16:21,5,J5,1,InsufficientSolder,TM0520-0006A,,00000014_10.txt,2025-10-28 16:21,2025-10-28 16:21
MV-6E,IDS_9100_SUB-BOT,48,2025-10-28 16:40,2025-10-28 16:40,6,J5,0,LiftedPackage,TM0520-0006A,,00000048_10.txt,2025-10-28 16:40,2025-10-28 16:40
MV-6E,IDS_9100_SUB-BOT,53,2025-10-28 16:42,2025-10-28 16:42,0,J5,0,LiftedPackage,TM0520-0006A,,00000053_10.txt,2025-10-28 16:42,2025-10-28 16:42
MV-6E,IDS_9100_SUB-BOT,85,2025-10-28 16:58,2025-10-28 16:58,1,J5,0,LiftedPackage,TM0520-0006A,,00000085_10.txt,2025-10-28 16:58,2025-10-28 16:58
MV-6E,IDS_9100_SUB-BOT,85,2025-10-28 16:58,2025-10-28 16:58,7,J5,0,LiftedPackage,TM0520-0006A,,00000085_10.txt,2025-10-28 16:58,2025-10-28 16:58
MV-6E,IDS_9100_SUB-BOT,93,2025-10-28 17:03,2025-10-28 17:03,4,J5,0,LiftedPackage,TM0520-0006A,,00000093_10.txt,2025-10-28 17:03,2025-10-28 17:03
MV-6E,IDS_9100_SUB-BOT,104,2025-10-28 17:08,2025-10-28 17:08,1,J5,0,LiftedPackage,TM0520-0006A,,00000104_10.txt,2025-10-28 17:08,2025-10-28 17:08
MV-6E,IDS_9100_SUB-TOP_251028,11,2025-10-29 9:33,2025-10-29 9:33,3,C11,0,Tilt,2.2uF_6.3V_X5R_1005,,00000011_10.txt,2025-10-29 9:33,2025-10-29 9:33
MV-6E,IDS_9100_SUB-TOP_251028,12,2025-10-29 9:34,2025-10-29 9:34,3,L1,0,LiftedPackage,YCDM5020CT-220,,00000012_10.txt,2025-10-29 9:34,2025-10-29 9:34
MV-6E,IDS_9100_SUB-TOP_251028,12,2025-10-29 9:34,2025-10-29 9:34,4,R25,0,Missing,1K_ohm_J1005,,00000012_10.txt,2025-10-29 9:34,2025-10-29 9:34
MV-6E,IDS_9100_SUB-TOP_251028,20,2025-10-29 9:39,2025-10-29 9:39,5,U5,1,InsufficientSolder,TPS61161A,,00000020_10.txt,2025-10-29 9:39,2025-10-29 9:39
MV-6E,IDS_9100_SUB-TOP_251028,20,2025-10-29 9:39,2025-10-29 9:39,7,U5,1,InsufficientSolder,TPS61161A,,00000020_10.txt,2025-10-29 9:39,2025-10-29 9:39
MV-6E,IDS_9100_SUB-TOP_251028,56,2025-10-29 10:04,2025-10-29 10:04,2,R40,2,InsufficientSolder,294K_ohm_J1005,,00000056_10.txt,2025-10-29 10:04,2025-10-29 10:04
MV-6E,IDS_9100_SUB-TOP_251028,82,2025-10-29 10:22,2025-10-29 10:22,3,D2,3,LiftedPackage,SS1040,,00000082_10.txt,2025-10-29 10:22,2025-10-29 10:22
MV-6E,IDS_9100_SUB-TOP_251028,97,2025-10-29 10:33,2025-10-29 10:33,4,R40,2,InsufficientSolder,294K_ohm_J1005,,00000097_10.txt,2025-10-29 10:33,2025-10-29 10:33
MV-6E,IDS_9100_SUB-TOP_251028,106,2025-10-29 10:39,2025-10-29 10:39,2,L3,0,LiftedPackage,YCDM5020CT-100MS,,00000106_10.txt,2025-10-29 10:39,2025-10-29 10:39
MV-6E,AIRDEEP_R+C_TYPE_TOP,75,2025-11-05 14:34,2025-11-05 14:34,0,LED1,0,Missing,BIT1608DNB-02,,00000075_10.txt,2025-11-05 14:34,2025-11-05 14:34
MV-6E,AIRDEEP_R+C_TYPE_TOP,132,2025-11-05 15:03,2025-11-05 15:03,1,LED3,0,Missing,BIT1608UHR-02,,00000132_10.txt,2025-11-05 15:03,2025-11-05 15:03
MV-6E,AIRDEEP_R+C_TYPE_TOP,146,2025-11-05 15:10,2025-11-05 15:10,2,Q104,4,WrongPart,DTC123JKA,,00000146_10.txt,2025-11-05 15:10,2025-11-05 15:10
MV-6E,AIRDEEP_R+C_TYPE_TOP,168,2025-11-05 15:18,2025-11-05 15:18,2,C10,0,Missing,1uF_50V_1608,,00000168_10.txt,2025-11-05 15:18,2025-11-05 15:18
MV-6E,AIRDEEP_R+C_TYPE_TOP,168,2025-11-05 15:18,2025-11-05 15:18,2,LED1,0,Missing,BIT1608DNB-02,,00000168_10.txt,2025-11-05 15:18,2025-11-05 15:18
MV-6E,AIRDEEP_R+C_TYPE_TOP,168,2025-11-05 15:18,2025-11-05 15:18,2,LED2,0,Missing,BIT1608DLG-02,,00000168_10.txt,2025-11-05 15:18,2025-11-05 15:18
MV-6E,AIRDEEP_R+C_TYPE_TOP,168,2025-11-05 15:18,2025-11-05 15:18,2,LED3,0,Missing,BIT1608UHR-02,,00000168_10.txt,2025-11-05 15:18,2025-11-05 15:18
MV-6E,AIRDEEP_R+C_TYPE_TOP,168,2025-11-05 15:18,2025-11-05 15:18,2,R101,0,Missing,10_ohm_1608,,00000168_10.txt,2025-11-05 15:18,2025-11-05 15:18
MV-6E,AIRDEEP_R+C_TYPE_TOP,168,2025-11-05 15:18,2025-11-05 15:18,2,R101,3,WrongPart,10_ohm_1608,,00000168_10.txt,2025-11-05 15:18,2025-11-05 15:18
MV-6E,AIRDEEP_R+C_TYPE_TOP,168,2025-11-05 15:18,2025-11-05 15:18,2,Q104,0,Missing,DTC123JKA,,00000168_10.txt,2025-11-05 15:18,2025-11-05 15:18
MV-6E,AIRDEEP_R+C_TYPE_TOP,168,2025-11-05 15:18,2025-11-05 15:18,2,Q104,4,WrongPart,DTC123JKA,,00000168_10.txt,2025-11-05 15:18,2025-11-05 15:18
MV-6E,AIRDEEP_R+C_TYPE_TOP,168,2025-11-05 15:18,2025-11-05 15:18,2,U2,0,Missing,SHT40-AD1B,,00000168_10.txt,2025-11-05 15:18,2025-11-05 15:18
MV-6E,AIRDEEP_R+C_TYPE_BOT,51,2025-11-05 16:40,2025-11-05 16:40,2,REG2,1,InsufficientSolder,FR1117S-3.3,,00000051_10.txt,2025-11-05 16:40,2025-11-05 16:40
MV-6E,AIRDEEP_R+C_TYPE_BOT,61,2025-11-05 17:01,2025-11-05 17:01,0,R2,3,WrongPart,5.1K_ohm_1608,,00000061_10.txt,2025-11-05 17:01,2025-11-05 17:01
MV-6E,AIRDEEP_R+C_TYPE_BOT,61,2025-11-05 17:01,2025-11-05 17:01,1,R2,3,WrongPart,5.1K_ohm_1608,,00000061_10.txt,2025-11-05 17:01,2025-11-05 17:01
MV-6E,AIRDEEP_R+C_TYPE_BOT,63,2025-11-05 17:03,2025-11-05 17:03,1,R3,3,WrongPart,5.1K_ohm_1608,,00000063_10.txt,2025-11-05 17:03,2025-11-05 17:03
MV-6E,AIRDEEP_R+C_TYPE_BOT,81,2025-11-05 17:19,2025-11-05 17:19,0,R2,3,WrongPart,5.1K_ohm_1608,,00000081_10.txt,2025-11-05 17:19,2025-11-05 17:19
MV-6E,AIRDEEP_R+C_TYPE_BOT,89,2025-11-05 17:24,2025-11-05 17:24,1,U9,0,Shift,ESP32-WROOM-32UE,,00000089_10.txt,2025-11-05 17:24,2025-11-05 17:24
MV-6E,AIRDEEP_R+C_TYPE_BOT,99,2025-11-05 17:30,2025-11-05 17:30,1,R2,3,WrongPart,5.1K_ohm_1608,,00000099_10.txt,2025-11-05 17:30,2025-11-05 17:30
MV-6E,AIRDEEP_R+C_TYPE_BOT,100,2025-11-05 17:30,2025-11-05 17:30,1,U9,0,Shift,ESP32-WROOM-32UE,,00000100_10.txt,2025-11-05 17:30,2025-11-05 17:30
MV-6E,AIRDEEP_R+C_TYPE_BOT,108,2025-11-05 17:36,2025-11-05 17:36,0,R2,3,WrongPart,5.1K_ohm_1608,,00000108_10.txt,2025-11-05 17:36,2025-11-05 17:36
MV-6E,AIRDEEP_R+C_TYPE_BOT,108,2025-11-05 17:36,2025-11-05 17:36,1,R3,3,WrongPart,5.1K_ohm_1608,,00000108_10.txt,2025-11-05 17:36,2025-11-05 17:36
MV-6E,AIRDEEP_R+C_TYPE_BOT,124,2025-11-05 17:47,2025-11-05 17:47,1,U9,0,Shift,ESP32-WROOM-32UE,,00000124_10.txt,2025-11-05 17:47,2025-11-05 17:47
MV-6E,AIRDEEP_R+C_TYPE_BOT,126,2025-11-05 17:48,2025-11-05 17:48,1,U9,0,Shift,ESP32-WROOM-32UE,,00000126_10.txt,2025-11-05 17:48,2025-11-05 17:48
MV-6E,AIRDEEP_R+C_TYPE_BOT,126,2025-11-05 17:48,2025-11-05 17:48,2,U9,0,Shift,ESP32-WROOM-32UE,,00000126_10.txt,2025-11-05 17:48,2025-11-05 17:48
MV-6E,AIRDEEP_R+C_TYPE_BOT,131,2025-11-05 17:51,2025-11-05 17:51,0,D5,3,WrongPart,SS14,,00000131_10.txt,2025-11-05 17:51,2025-11-05 17:51
MV-6E,AIRDEEP_R+C_TYPE_BOT,136,2025-11-05 17:56,2025-11-05 17:56,2,R4,0,Tilt,0_ohm_3216,,00000136_10.txt,2025-11-05 17:56,2025-11-05 17:56
MV-6E,AIRDEEP_R+C_TYPE_BOT,136,2025-11-05 17:56,2025-11-05 17:56,2,D5,3,WrongPart,SS14,,00000136_10.txt,2025-11-05 17:56,2025-11-05 17:56
MV-6E,AIRDEEP_R+C_TYPE_BOT,139,2025-11-05 17:57,2025-11-05 17:57,1,D5,3,WrongPart,SS14,,00000139_10.txt,2025-11-05 17:57,2025-11-05 17:57
MV-6E,AIRDEEP_R+C_TYPE_BOT,140,2025-11-05 17:58,2025-11-05 17:58,0,D5,3,WrongPart,SS14,,00000140_10.txt,2025-11-05 17:58,2025-11-05 17:58
MV-6E,AIRDEEP_R+C_TYPE_BOT,140,2025-11-05 17:58,2025-11-05 17:58,1,D5,3,WrongPart,SS14,,00000140_10.txt,2025-11-05 17:58,2025-11-05 17:58
MV-6E,AIRDEEP_R+C_TYPE_BOT,142,2025-11-05 17:59,2025-11-05 17:59,2,D5,3,WrongPart,SS14,,00000142_10.txt,2025-11-05 17:59,2025-11-05 17:59
MV-6E,AIRDEEP_R+C_TYPE_BOT,144,2025-11-05 18:00,2025-11-05 18:00,1,D5,3,WrongPart,SS14,,00000144_10.txt,2025-11-05 18:00,2025-11-05 18:00
MV-6E,AIRDEEP_R+C_TYPE_BOT,144,2025-11-05 18:00,2025-11-05 18:00,2,U9,0,Shift,ESP32-WROOM-32UE,,00000144_10.txt,2025-11-05 18:00,2025-11-05 18:00
MV-6E,AIRDEEP_R+C_TYPE_BOT,145,2025-11-05 18:01,2025-11-05 18:01,1,U9,0,Shift,ESP32-WROOM-32UE,,00000145_10.txt,2025-11-05 18:01,2025-11-05 18:01
MV-6E,AIRDEEP_R+C_TYPE_BOT,148,2025-11-05 18:04,2025-11-05 18:04,0,D5,3,WrongPart,SS14,,00000148_10.txt,2025-11-05 18:04,2025-11-05 18:04
MV-6E,AIRDEEP_R+C_TYPE_BOT,154,2025-11-05 18:08,2025-11-05 18:08,1,D5,3,WrongPart,SS14,,00000154_10.txt,2025-11-05 18:08,2025-11-05 18:08
MV-6E,AIRDEEP_R+C_TYPE_BOT,154,2025-11-05 18:08,2025-11-05 18:08,2,D5,3,WrongPart,SS14,,00000154_10.txt,2025-11-05 18:08,2025-11-05 18:08
MV-6E,AIRDEEP_R+C_TYPE_BOT,156,2025-11-05 18:10,2025-11-05 18:10,1,D5,3,WrongPart,SS14,,00000156_10.txt,2025-11-05 18:10,2025-11-05 18:10
MV-6E,AIRDEEP_R+C_TYPE_BOT,157,2025-11-05 18:12,2025-11-05 18:12,1,R4,0,Tilt,0_ohm_3216,,00000157_10.txt,2025-11-05 18:12,2025-11-05 18:12
MV-6E,AIRDEEP_R+C_TYPE_BOT,159,2025-11-05 18:13,2025-11-05 18:13,0,C3,0,Missing,10uF_6.3V_3216,,00000159_10.txt,2025-11-05 18:13,2025-11-05 18:13
MV-6E,AIRDEEP_R+C_TYPE_BOT,159,2025-11-05 18:13,2025-11-05 18:13,0,D5,3,WrongPart,SS14,,00000159_10.txt,2025-11-05 18:13,2025-11-05 18:13
MV-6E,AIRDEEP_R+C_TYPE_BOT,159,2025-11-05 18:13,2025-11-05 18:13,1,C3,0,Missing,10uF_6.3V_3216,,00000159_10.txt,2025-11-05 18:13,2025-11-05 18:13
MV-6E,AIRDEEP_R+C_TYPE_BOT,159,2025-11-05 18:13,2025-11-05 18:13,2,C3,0,Missing,10uF_6.3V_3216,,00000159_10.txt,2025-11-05 18:13,2025-11-05 18:13
MV-6E,AIRDEEP_R+C_TYPE_BOT,161,2025-11-05 18:14,2025-11-05 18:14,0,D5,3,WrongPart,SS14,,00000161_10.txt,2025-11-05 18:14,2025-11-05 18:14
MV-6E,AIRDEEP_R+C_TYPE_BOT,162,2025-11-05 18:15,2025-11-05 18:15,0,R2,3,WrongPart,5.1K_ohm_1608,,00000162_10.txt,2025-11-05 18:15,2025-11-05 18:15
MV-6E,AIRDEEP_R+C_TYPE_BOT,162,2025-11-05 18:15,2025-11-05 18:15,2,D5,3,WrongPart,SS14,,00000162_10.txt,2025-11-05 18:15,2025-11-05 18:15
MV-6E,AIRDEEP_R+C_TYPE_BOT,171,2025-11-05 18:21,2025-11-05 18:21,0,R2,0,Missing,5.1K_ohm_1608,,00000171_10.txt,2025-11-05 18:21,2025-11-05 18:21
MV-6E,AIRDEEP_R+C_TYPE_BOT,171,2025-11-05 18:21,2025-11-05 18:21,0,R2,3,WrongPart,5.1K_ohm_1608,,00000171_10.txt,2025-11-05 18:21,2025-11-05 18:21
MV-6E,AIRDEEP_R+C_TYPE_BOT,171,2025-11-05 18:21,2025-11-05 18:21,0,C8,0,Missing,0.1uF_50V_1608,,00000171_10.txt,2025-11-05 18:21,2025-11-05 18:21
MV-6E,AIRDEEP_R+C_TYPE_BOT,171,2025-11-05 18:21,2025-11-05 18:21,0,C8,1,InsufficientSolder,0.1uF_50V_1608,,00000171_10.txt,2025-11-05 18:21,2025-11-05 18:21
MV-6E,AIRDEEP_R+C_TYPE_BOT,171,2025-11-05 18:21,2025-11-05 18:21,0,V8,0,Missing,TVM1G5R5M761R,,00000171_10.txt,2025-11-05 18:21,2025-11-05 18:21
MV-6E,AIRDEEP_R+C_TYPE_BOT,171,2025-11-05 18:21,2025-11-05 18:21,0,V8,1,InsufficientSolder,TVM1G5R5M761R,,00000171_10.txt,2025-11-05 18:21,2025-11-05 18:21
MV-6E,AIRDEEP_R+C_TYPE_BOT,171,2025-11-05 18:21,2025-11-05 18:21,0,V8,2,InsufficientSolder,TVM1G5R5M761R,,00000171_10.txt,2025-11-05 18:21,2025-11-05 18:21
MV-6E,AIRDEEP_R+C_TYPE_BOT,171,2025-11-05 18:21,2025-11-05 18:21,0,R15,0,Missing,330_ohm_1608,,00000171_10.txt,2025-11-05 18:21,2025-11-05 18:21
MV-6E,AIRDEEP_R+C_TYPE_BOT,171,2025-11-05 18:21,2025-11-05 18:21,0,R15,3,WrongPart,330_ohm_1608,,00000171_10.txt,2025-11-05 18:21,2025-11-05 18:21
MV-6E,AIRDEEP_R+C_TYPE_BOT,171,2025-11-05 18:21,2025-11-05 18:21,0,C2,0,Missing,1uF_50V_1608,,00000171_10.txt,2025-11-05 18:21,2025-11-05 18:21
MV-6E,AIRDEEP_R+C_TYPE_BOT,171,2025-11-05 18:21,2025-11-05 18:21,0,C2,1,NoSolder,1uF_50V_1608,,00000171_10.txt,2025-11-05 18:21,2025-11-05 18:21
MV-6E,AIRDEEP_R+C_TYPE_BOT,171,2025-11-05 18:21,2025-11-05 18:21,0,C3,0,Missing,10uF_6.3V_3216,,00000171_10.txt,2025-11-05 18:21,2025-11-05 18:21
MV-6E,AIRDEEP_R+C_TYPE_BOT,171,2025-11-05 18:21,2025-11-05 18:21,0,C14,0,Missing,22uF_50V_3216,,00000171_10.txt,2025-11-05 18:21,2025-11-05 18:21
MV-6E,AIRDEEP_R+C_TYPE_BOT,171,2025-11-05 18:21,2025-11-05 18:21,0,U9,0,Missing,ESP32-WROOM-32UE,,00000171_10.txt,2025-11-05 18:21,2025-11-05 18:21
MV-6E,AIRDEEP_R+C_TYPE_BOT,171,2025-11-05 18:21,2025-11-05 18:21,0,C1,0,Missing,0.1uF_50V_1608,,00000171_10.txt,2025-11-05 18:21,2025-11-05 18:21
MV-6E,AIRDEEP_R+C_TYPE_BOT,171,2025-11-05 18:21,2025-11-05 18:21,0,C1,1,InsufficientSolder,0.1uF_50V_1608,,00000171_10.txt,2025-11-05 18:21,2025-11-05 18:21
MV-6E,AIRDEEP_R+C_TYPE_BOT,171,2025-11-05 18:21,2025-11-05 18:21,0,V6,0,Missing,TVM1G5R5M761R,,00000171_10.txt,2025-11-05 18:21,2025-11-05 18:21
MV-6E,AIRDEEP_R+C_TYPE_BOT,171,2025-11-05 18:21,2025-11-05 18:21,0,V6,1,InsufficientSolder,TVM1G5R5M761R,,00000171_10.txt,2025-11-05 18:21,2025-11-05 18:21
MV-6E,AIRDEEP_R+C_TYPE_BOT,171,2025-11-05 18:21,2025-11-05 18:21,0,V6,2,InsufficientSolder,TVM1G5R5M761R,,00000171_10.txt,2025-11-05 18:21,2025-11-05 18:21
MV-6E,AIRDEEP_R+C_TYPE_BOT,171,2025-11-05 18:21,2025-11-05 18:21,0,R14,0,Missing,330_ohm_1608,,00000171_10.txt,2025-11-05 18:21,2025-11-05 18:21
MV-6E,AIRDEEP_R+C_TYPE_BOT,171,2025-11-05 18:21,2025-11-05 18:21,0,R14,3,WrongPart,330_ohm_1608,,00000171_10.txt,2025-11-05 18:21,2025-11-05 18:21
MV-6E,AIRDEEP_R+C_TYPE_BOT,171,2025-11-05 18:21,2025-11-05 18:21,0,C11,0,Missing,0.1uF_50V_2012,,00000171_10.txt,2025-11-05 18:21,2025-11-05 18:21
MV-6E,AIRDEEP_R+C_TYPE_BOT,171,2025-11-05 18:21,2025-11-05 18:21,0,RV103,0,Missing,TVM1G5R5M761R,,00000171_10.txt,2025-11-05 18:21,2025-11-05 18:21
MV-6E,AIRDEEP_R+C_TYPE_BOT,171,2025-11-05 18:21,2025-11-05 18:21,0,RV103,1,InsufficientSolder,TVM1G5R5M761R,,00000171_10.txt,2025-11-05 18:21,2025-11-05 18:21
MV-6E,AIRDEEP_R+C_TYPE_BOT,171,2025-11-05 18:21,2025-11-05 18:21,0,RV103,2,InsufficientSolder,TVM1G5R5M761R,,00000171_10.txt,2025-11-05 18:21,2025-11-05 18:21
MV-6E,AIRDEEP_R+C_TYPE_BOT,171,2025-11-05 18:21,2025-11-05 18:21,0,R13,0,Missing,330_ohm_1608,,00000171_10.txt,2025-11-05 18:21,2025-11-05 18:21
MV-6E,AIRDEEP_R+C_TYPE_BOT,171,2025-11-05 18:21,2025-11-05 18:21,0,R13,3,WrongPart,330_ohm_1608,,00000171_10.txt,2025-11-05 18:21,2025-11-05 18:21
MV-6E,AIRDEEP_R+C_TYPE_BOT,171,2025-11-05 18:21,2025-11-05 18:21,0,R4,0,Missing,0_ohm_3216,,00000171_10.txt,2025-11-05 18:21,2025-11-05 18:21
MV-6E,AIRDEEP_R+C_TYPE_BOT,171,2025-11-05 18:21,2025-11-05 18:21,0,R16,0,Missing,4.99K_ohm_F1608,,00000171_10.txt,2025-11-05 18:21,2025-11-05 18:21
MV-6E,AIRDEEP_R+C_TYPE_BOT,171,2025-11-05 18:21,2025-11-05 18:21,0,R16,3,WrongPart,4.99K_ohm_F1608,,00000171_10.txt,2025-11-05 18:21,2025-11-05 18:21
MV-6E,AIRDEEP_R+C_TYPE_BOT,171,2025-11-05 18:21,2025-11-05 18:21,0,USB1,0,Missing,1012-16F_USB-C,,00000171_10.txt,2025-11-05 18:21,2025-11-05 18:21
MV-6E,AIRDEEP_R+C_TYPE_BOT,171,2025-11-05 18:21,2025-11-05 18:21,0,V7,0,Missing,TVM1G5R5M761R,,00000171_10.txt,2025-11-05 18:21,2025-11-05 18:21
MV-6E,AIRDEEP_R+C_TYPE_BOT,171,2025-11-05 18:21,2025-11-05 18:21,0,V7,1,InsufficientSolder,TVM1G5R5M761R,,00000171_10.txt,2025-11-05 18:21,2025-11-05 18:21
MV-6E,AIRDEEP_R+C_TYPE_BOT,171,2025-11-05 18:21,2025-11-05 18:21,0,V5,0,Missing,TVM1G5R5M761R,,00000171_10.txt,2025-11-05 18:21,2025-11-05 18:21
MV-6E,AIRDEEP_R+C_TYPE_BOT,171,2025-11-05 18:21,2025-11-05 18:21,0,V5,1,InsufficientSolder,TVM1G5R5M761R,,00000171_10.txt,2025-11-05 18:21,2025-11-05 18:21
MV-6E,AIRDEEP_R+C_TYPE_BOT,171,2025-11-05 18:21,2025-11-05 18:21,0,R3,0,Missing,5.1K_ohm_1608,,00000171_10.txt,2025-11-05 18:21,2025-11-05 18:21
MV-6E,AIRDEEP_R+C_TYPE_BOT,171,2025-11-05 18:21,2025-11-05 18:21,0,R3,3,WrongPart,5.1K_ohm_1608,,00000171_10.txt,2025-11-05 18:21,2025-11-05 18:21
MV-6E,AIRDEEP_R+C_TYPE_BOT,171,2025-11-05 18:21,2025-11-05 18:21,0,C5,0,Missing,0.1uF_50V_1608,,00000171_10.txt,2025-11-05 18:21,2025-11-05 18:21
MV-6E,AIRDEEP_R+C_TYPE_BOT,171,2025-11-05 18:21,2025-11-05 18:21,0,C5,1,InsufficientSolder,0.1uF_50V_1608,,00000171_10.txt,2025-11-05 18:21,2025-11-05 18:21
MV-6E,AIRDEEP_R+C_TYPE_BOT,171,2025-11-05 18:21,2025-11-05 18:21,0,V4,0,Missing,TVM1G5R5M761R,,00000171_10.txt,2025-11-05 18:21,2025-11-05 18:21
MV-6E,AIRDEEP_R+C_TYPE_BOT,171,2025-11-05 18:21,2025-11-05 18:21,0,V4,1,InsufficientSolder,TVM1G5R5M761R,,00000171_10.txt,2025-11-05 18:21,2025-11-05 18:21
MV-6E,AIRDEEP_R+C_TYPE_BOT,171,2025-11-05 18:21,2025-11-05 18:21,0,V4,2,InsufficientSolder,TVM1G5R5M761R,,00000171_10.txt,2025-11-05 18:21,2025-11-05 18:21
MV-6E,AIRDEEP_R+C_TYPE_BOT,171,2025-11-05 18:21,2025-11-05 18:21,0,D5,0,Missing,SS14,,00000171_10.txt,2025-11-05 18:21,2025-11-05 18:21
MV-6E,AIRDEEP_R+C_TYPE_BOT,171,2025-11-05 18:21,2025-11-05 18:21,0,D5,3,WrongPart,SS14,,00000171_10.txt,2025-11-05 18:21,2025-11-05 18:21
MV-6E,AIRDEEP_R+C_TYPE_BOT,171,2025-11-05 18:21,2025-11-05 18:21,0,R17,0,Missing,12K_ohm_1608,,00000171_10.txt,2025-11-05 18:21,2025-11-05 18:21
MV-6E,AIRDEEP_R+C_TYPE_BOT,171,2025-11-05 18:21,2025-11-05 18:21,0,R17,3,WrongPart,12K_ohm_1608,,00000171_10.txt,2025-11-05 18:21,2025-11-05 18:21
MV-6E,AIRDEEP_R+C_TYPE_BOT,171,2025-11-05 18:21,2025-11-05 18:21,0,REG2,0,Missing,FR1117S-3.3,,00000171_10.txt,2025-11-05 18:21,2025-11-05 18:21
MV-6E,AIRDEEP_R+C_TYPE_BOT,171,2025-11-05 18:21,2025-11-05 18:21,0,REG2,3,WrongPart,FR1117S-3.3,,00000171_10.txt,2025-11-05 18:21,2025-11-05 18:21
MV-6E,ROOMCON_INI_241121,957,2025-11-06 15:58,2025-11-06 15:58,0,U4,0,Missing,GTC08L-SO,,00000957_2.txt,2025-11-06 15:58,2025-11-06 15:58
MV-6E,ROOMCON_INI_241121,957,2025-11-06 15:58,2025-11-06 15:58,0,U4,1,Bridge,GTC08L-SO,,00000957_2.txt,2025-11-06 15:58,2025-11-06 15:58
MV-6E,ROOMCON_INI_241121,957,2025-11-06 15:58,2025-11-06 15:58,0,U4,2,Bridge,GTC08L-SO,,00000957_2.txt,2025-11-06 15:58,2025-11-06 15:58
MV-6E,ROOMCON_INI_241121,957,2025-11-06 15:58,2025-11-06 15:58,0,U4,3,WrongPart,GTC08L-SO,,00000957_2.txt,2025-11-06 15:58,2025-11-06 15:58
MV-6E,ROOMCON_INI_241121,957,2025-11-06 15:58,2025-11-06 15:58,0,U2,0,Missing,IL1117C-5.0V,,00000957_2.txt,2025-11-06 15:58,2025-11-06 15:58
MV-6E,ROOMCON_INI_241121,957,2025-11-06 15:58,2025-11-06 15:58,0,U2,1,Bridge,IL1117C-5.0V,,00000957_2.txt,2025-11-06 15:58,2025-11-06 15:58
MV-6E,ROOMCON_INI_241121,957,2025-11-06 15:58,2025-11-06 15:58,0,U2,2,InsufficientSolder,IL1117C-5.0V,,00000957_2.txt,2025-11-06 15:58,2025-11-06 15:58
MV-6E,ROOMCON_INI_241121,957,2025-11-06 15:58,2025-11-06 15:58,0,U2,3,WrongPart,IL1117C-5.0V,,00000957_2.txt,2025-11-06 15:58,2025-11-06 15:58
MV-6E,ROOMCON_INI_241121,957,2025-11-06 15:58,2025-11-06 15:58,0,U1,0,Missing,MC96F6432Q,,00000957_2.txt,2025-11-06 15:58,2025-11-06 15:58
MV-6E,ROOMCON_INI_241121,957,2025-11-06 15:58,2025-11-06 15:58,0,U1,1,Bridge,MC96F6432Q,,00000957_2.txt,2025-11-06 15:58,2025-11-06 15:58
MV-6E,ROOMCON_INI_241121,957,2025-11-06 15:58,2025-11-06 15:58,0,U1,2,Bridge,MC96F6432Q,,00000957_2.txt,2025-11-06 15:58,2025-11-06 15:58
MV-6E,ROOMCON_INI_241121,957,2025-11-06 15:58,2025-11-06 15:58,0,U1,3,Bridge,MC96F6432Q,,00000957_2.txt,2025-11-06 15:58,2025-11-06 15:58
MV-6E,ROOMCON_INI_241121,957,2025-11-06 15:58,2025-11-06 15:58,0,U1,4,Bridge,MC96F6432Q,,00000957_2.txt,2025-11-06 15:58,2025-11-06 15:58
MV-6E,ROOMCON_INI_241121,957,2025-11-06 15:58,2025-11-06 15:58,0,U1,5,WrongPart,MC96F6432Q,,00000957_2.txt,2025-11-06 15:58,2025-11-06 15:58
MV-6E,ROOMCON_INI_241121,957,2025-11-06 15:58,2025-11-06 15:58,0,R9,0,Missing,R1608-J10K_OHM,,00000957_2.txt,2025-11-06 15:58,2025-11-06 15:58
MV-6E,ROOMCON_INI_241121,957,2025-11-06 15:58,2025-11-06 15:58,0,R9,1,InsufficientSolder,R1608-J10K_OHM,,00000957_2.txt,2025-11-06 15:58,2025-11-06 15:58
MV-6E,ROOMCON_INI_241121,957,2025-11-06 15:58,2025-11-06 15:58,0,R9,2,InsufficientSolder,R1608-J10K_OHM,,00000957_2.txt,2025-11-06 15:58,2025-11-06 15:58
MV-6E,ROOMCON_INI_241121,957,2025-11-06 15:58,2025-11-06 15:58,0,R9,3,WrongPart,R1608-J10K_OHM,,00000957_2.txt,2025-11-06 15:58,2025-11-06 15:58
MV-6E,ROOMCON_INI_241121,957,2025-11-06 15:58,2025-11-06 15:58,0,R8,0,Missing,R2012-J330_OHM,,00000957_2.txt,2025-11-06 15:58,2025-11-06 15:58
MV-6E,ROOMCON_INI_241121,957,2025-11-06 15:58,2025-11-06 15:58,0,R8,1,NoSolder,R2012-J330_OHM,,00000957_2.txt,2025-11-06 15:58,2025-11-06 15:58
MV-6E,ROOMCON_INI_241121,957,2025-11-06 15:58,2025-11-06 15:58,0,R8,2,NoSolder,R2012-J330_OHM,,00000957_2.txt,2025-11-06 15:58,2025-11-06 15:58
MV-6E,ROOMCON_INI_241121,957,2025-11-06 15:58,2025-11-06 15:58,0,R8,3,WrongPart,R2012-J330_OHM,,00000957_2.txt,2025-11-06 15:58,2025-11-06 15:58
MV-6E,ROOMCON_INI_241121,957,2025-11-06 15:58,2025-11-06 15:58,0,R41,0,Missing,R1608-J560_OHM,,00000957_2.txt,2025-11-06 15:58,2025-11-06 15:58
MV-6E,ROOMCON_INI_241121,957,2025-11-06 15:58,2025-11-06 15:58,0,R41,1,InsufficientSolder,R1608-J560_OHM,,00000957_2.txt,2025-11-06 15:58,2025-11-06 15:58
MV-6E,ROOMCON_INI_241121,957,2025-11-06 15:58,2025-11-06 15:58,0,R41,2,InsufficientSolder,R1608-J560_OHM,,00000957_2.txt,2025-11-06 15:58,2025-11-06 15:58
MV-6E,ROOMCON_INI_241121,957,2025-11-06 15:58,2025-11-06 15:58,0,R41,3,WrongPart,R1608-J560_OHM,,00000957_2.txt,2025-11-06 15:58,2025-11-06 15:58
MV-6E,ROOMCON_INI_241121,957,2025-11-06 15:58,2025-11-06 15:58,0,R36,0,Missing,R1608-J560_OHM,,00000957_2.txt,2025-11-06 15:58,2025-11-06 15:58
MV-6E,ROOMCON_INI_241121,957,2025-11-06 15:58,2025-11-06 15:58,0,R36,1,InsufficientSolder,R1608-J560_OHM,,00000957_2.txt,2025-11-06 15:58,2025-11-06 15:58
MV-6E,ROOMCON_INI_241121,957,2025-11-06 15:58,2025-11-06 15:58,0,R36,2,InsufficientSolder,R1608-J560_OHM,,00000957_2.txt,2025-11-06 15:58,2025-11-06 15:58
MV-6E,ROOMCON_INI_241121,957,2025-11-06 15:58,2025-11-06 15:58,0,R36,3,WrongPart,R1608-J560_OHM,,00000957_2.txt,2025-11-06 15:58,2025-11-06 15:58
MV-6E,ROOMCON_INI_241121,957,2025-11-06 15:58,2025-11-06 15:58,0,R35,0,Missing,R1608-J560_OHM,,00000957_2.txt,2025-11-06 15:58,2025-11-06 15:58
MV-6E,ROOMCON_INI_241121,957,2025-11-06 15:58,2025-11-06 15:58,0,R35,1,InsufficientSolder,R1608-J560_OHM,,00000957_2.txt,2025-11-06 15:58,2025-11-06 15:58
MV-6E,ROOMCON_INI_241121,957,2025-11-06 15:58,2025-11-06 15:58,0,R35,2,InsufficientSolder,R1608-J560_OHM,,00000957_2.txt,2025-11-06 15:58,2025-11-06 15:58
MV-6E,ROOMCON_INI_241121,957,2025-11-06 15:58,2025-11-06 15:58,0,R35,3,WrongPart,R1608-J560_OHM,,00000957_2.txt,2025-11-06 15:58,2025-11-06 15:58
MV-6E,ROOMCON_INI_241121,957,2025-11-06 15:58,2025-11-06 15:58,0,R34,0,Missing,R1608-J560_OHM,,00000957_2.txt,2025-11-06 15:58,2025-11-06 15:58
MV-6E,ROOMCON_INI_241121,957,2025-11-06 15:58,2025-11-06 15:58,0,R34,1,InsufficientSolder,R1608-J560_OHM,,00000957_2.txt,2025-11-06 15:58,2025-11-06 15:58
MV-6E,ROOMCON_INI_241121,957,2025-11-06 15:58,2025-11-06 15:58,0,R34,2,InsufficientSolder,R1608-J560_OHM,,00000957_2.txt,2025-11-06 15:58,2025-11-06 15:58
MV-6E,ROOMCON_INI_241121,957,2025-11-06 15:58,2025-11-06 15:58,0,R34,3,WrongPart,R1608-J560_OHM,,00000957_2.txt,2025-11-06 15:58,2025-11-06 15:58
MV-6E,ROOMCON_INI_241121,957,2025-11-06 15:58,2025-11-06 15:58,0,R33,0,Missing,R1608-J560_OHM,,00000957_2.txt,2025-11-06 15:58,2025-11-06 15:58
MV-6E,ROOMCON_INI_241121,957,2025-11-06 15:58,2025-11-06 15:58,0,R33,1,InsufficientSolder,R1608-J560_OHM,,00000957_2.txt,2025-11-06 15:58,2025-11-06 15:58
MV-6E,ROOMCON_INI_241121,957,2025-11-06 15:58,2025-11-06 15:58,0,R33,2,InsufficientSolder,R1608-J560_OHM,,00000957_2.txt,2025-11-06 15:58,2025-11-06 15:58
MV-6E,ROOMCON_INI_241121,957,2025-11-06 15:58,2025-11-06 15:58,0,R33,3,WrongPart,R1608-J560_OHM,,00000957_2.txt,2025-11-06 15:58,2025-11-06 15:58
MV-6E,ROOMCON_INI_241121,957,2025-11-06 15:58,2025-11-06 15:58,0,R32,0,Missing,R1608-J560_OHM,,00000957_2.txt,2025-11-06 15:58,2025-11-06 15:58
MV-6E,ROOMCON_INI_241121,957,2025-11-06 15:58,2025-11-06 15:58,0,R32,1,InsufficientSolder,R1608-J560_OHM,,00000957_2.txt,2025-11-06 15:58,2025-11-06 15:58
MV-6E,ROOMCON_INI_241121,957,2025-11-06 15:58,2025-11-06 15:58,0,R32,2,InsufficientSolder,R1608-J560_OHM,,00000957_2.txt,2025-11-06 15:58,2025-11-06 15:58
MV-6E,ROOMCON_INI_241121,957,2025-11-06 15:58,2025-11-06 15:58,0,R32,3,WrongPart,R1608-J560_OHM,,00000957_2.txt,2025-11-06 15:58,2025-11-06 15:58
MV-6E,ROOMCON_INI_241121,957,2025-11-06 15:58,2025-11-06 15:58,0,R31,0,Missing,R1608-J560_OHM,,00000957_2.txt,2025-11-06 15:58,2025-11-06 15:58
MV-6E,ROOMCON_INI_241121,957,2025-11-06 15:58,2025-11-06 15:58,0,R31,1,InsufficientSolder,R1608-J560_OHM,,00000957_2.txt,2025-11-06 15:58,2025-11-06 15:58
MV-6E,ROOMCON_INI_241121,957,2025-11-06 15:58,2025-11-06 15:58,0,R31,2,InsufficientSolder,R1608-J560_OHM,,00000957_2.txt,2025-11-06 15:58,2025-11-06 15:58
MV-6E,ROOMCON_INI_241121,957,2025-11-06 15:58,2025-11-06 15:58,0,R31,3,WrongPart,R1608-J560_OHM,,00000957_2.txt,2025-11-06 15:58,2025-11-06 15:58
MV-6E,ROOMCON_INI_241121,957,2025-11-06 15:58,2025-11-06 15:58,0,R30,0,Missing,R1608-J560_OHM,,00000957_2.txt,2025-11-06 15:58,2025-11-06 15:58
MV-6E,ROOMCON_INI_241121,957,2025-11-06 15:58,2025-11-06 15:58,0,R30,1,InsufficientSolder,R1608-J560_OHM,,00000957_2.txt,2025-11-06 15:58,2025-11-06 15:58
MV-6E,ROOMCON_INI_241121,957,2025-11-06 15:58,2025-11-06 15:58,0,R30,2,InsufficientSolder,R1608-J560_OHM,,00000957_2.txt,2025-11-06 15:58,2025-11-06 15:58
MV-6E,ROOMCON_INI_241121,957,2025-11-06 15:58,2025-11-06 15:58,0,R30,3,WrongPart,R1608-J560_OHM,,00000957_2.txt,2025-11-06 15:58,2025-11-06 15:58
MV-6E,ROOMCON_INI_241121,957,2025-11-06 15:58,2025-11-06 15:58,0,R22,0,Missing,R2012-J4.7_OHM,,00000957_2.txt,2025-11-06 15:58,2025-11-06 15:58
MV-6E,ROOMCON_INI_241121,957,2025-11-06 15:58,2025-11-06 15:58,0,R22,1,NoSolder,R2012-J4.7_OHM,,00000957_2.txt,2025-11-06 15:58,2025-11-06 15:58
MV-6E,ROOMCON_INI_241121,957,2025-11-06 15:58,2025-11-06 15:58,0,R22,2,InsufficientSolder,R2012-J4.7_OHM,,00000957_2.txt,2025-11-06 15:58,2025-11-06 15:58
MV-6E,ROOMCON_INI_241121,957,2025-11-06 15:58,2025-11-06 15:58,0,R22,3,WrongPart,R2012-J4.7_OHM,,00000957_2.txt,2025-11-06 15:58,2025-11-06 15:58
MV-6E,ROOMCON_INI_241121,957,2025-11-06 15:58,2025-11-06 15:58,0,R21,0,Missing,R1608-J2K_OHM,,00000957_2.txt,2025-11-06 15:58,2025-11-06 15:58
MV-6E,ROOMCON_INI_241121,957,2025-11-06 15:58,2025-11-06 15:58,0,R21,1,InsufficientSolder,R1608-J2K_OHM,,00000957_2.txt,2025-11-06 15:58,2025-11-06 15:58
MV-6E,ROOMCON_INI_241121,957,2025-11-06 15:58,2025-11-06 15:58,0,R21,2,InsufficientSolder,R1608-J2K_OHM,,00000957_2.txt,2025-11-06 15:58,2025-11-06 15:58
MV-6E,ROOMCON_INI_241121,957,2025-11-06 15:58,2025-11-06 15:58,0,R21,3,WrongPart,R1608-J2K_OHM,,00000957_2.txt,2025-11-06 15:58,2025-11-06 15:58
MV-6E,ROOMCON_INI_241121,957,2025-11-06 15:58,2025-11-06 15:58,0,R19,0,Missing,R1608-J10K_OHM,,00000957_2.txt,2025-11-06 15:58,2025-11-06 15:58
MV-6E,ROOMCON_INI_241121,957,2025-11-06 15:58,2025-11-06 15:58,0,R19,1,InsufficientSolder,R1608-J10K_OHM,,00000957_2.txt,2025-11-06 15:58,2025-11-06 15:58
MV-6E,ROOMCON_INI_241121,957,2025-11-06 15:58,2025-11-06 15:58,0,R19,2,InsufficientSolder,R1608-J10K_OHM,,00000957_2.txt,2025-11-06 15:58,2025-11-06 15:58
MV-6E,ROOMCON_INI_241121,957,2025-11-06 15:58,2025-11-06 15:58,0,R19,3,WrongPart,R1608-J10K_OHM,,00000957_2.txt,2025-11-06 15:58,2025-11-06 15:58
MV-6E,ROOMCON_INI_241121,957,2025-11-06 15:58,2025-11-06 15:58,0,R15,0,Missing,R1608-J2K_OHM,,00000957_2.txt,2025-11-06 15:58,2025-11-06 15:58
MV-6E,ROOMCON_INI_241121,957,2025-11-06 15:58,2025-11-06 15:58,0,R15,1,InsufficientSolder,R1608-J2K_OHM,,00000957_2.txt,2025-11-06 15:58,2025-11-06 15:58
MV-6E,ROOMCON_INI_241121,957,2025-11-06 15:58,2025-11-06 15:58,0,R15,2,InsufficientSolder,R1608-J2K_OHM,,00000957_2.txt,2025-11-06 15:58,2025-11-06 15:58
MV-6E,ROOMCON_INI_241121,957,2025-11-06 15:58,2025-11-06 15:58,0,R15,3,WrongPart,R1608-J2K_OHM,,00000957_2.txt,2025-11-06 15:58,2025-11-06 15:58
MV-6E,ROOMCON_INI_241121,957,2025-11-06 15:58,2025-11-06 15:58,0,R14,0,Missing,R1608-100K_OHM,,00000957_2.txt,2025-11-06 15:58,2025-11-06 15:58
MV-6E,ROOMCON_INI_241121,957,2025-11-06 15:58,2025-11-06 15:58,0,R14,1,NoSolder,R1608-100K_OHM,,00000957_2.txt,2025-11-06 15:58,2025-11-06 15:58
MV-6E,ROOMCON_INI_241121,957,2025-11-06 15:58,2025-11-06 15:58,0,R14,2,NoSolder,R1608-100K_OHM,,00000957_2.txt,2025-11-06 15:58,2025-11-06 15:58
MV-6E,ROOMCON_INI_241121,957,2025-11-06 15:58,2025-11-06 15:58,0,R14,3,WrongPart,R1608-100K_OHM,,00000957_2.txt,2025-11-06 15:58,2025-11-06 15:58
MV-6E,ROOMCON_INI_241121,957,2025-11-06 15:58,2025-11-06 15:58,0,R11,0,Missing,R1608-J10K_OHM,,00000957_2.txt,2025-11-06 15:58,2025-11-06 15:58
MV-6E,ROOMCON_INI_241121,957,2025-11-06 15:58,2025-11-06 15:58,0,R11,1,InsufficientSolder,R1608-J10K_OHM,,00000957_2.txt,2025-11-06 15:58,2025-11-06 15:58
MV-6E,ROOMCON_INI_241121,957,2025-11-06 15:58,2025-11-06 15:58,0,R11,2,InsufficientSolder,R1608-J10K_OHM,,00000957_2.txt,2025-11-06 15:58,2025-11-06 15:58
MV-6E,ROOMCON_INI_241121,957,2025-11-06 15:58,2025-11-06 15:58,0,R11,3,WrongPart,R1608-J10K_OHM,,00000957_2.txt,2025-11-06 15:58,2025-11-06 15:58
MV-6E,ROOMCON_INI_241121,957,2025-11-06 15:58,2025-11-06 15:58,0,R1,0,Missing,R1608-J10K_OHM,,00000957_2.txt,2025-11-06 15:58,2025-11-06 15:58
MV-6E,ROOMCON_INI_241121,957,2025-11-06 15:58,2025-11-06 15:58,0,R1,1,InsufficientSolder,R1608-J10K_OHM,,00000957_2.txt,2025-11-06 15:58,2025-11-06 15:58
MV-6E,ROOMCON_INI_241121,957,2025-11-06 15:58,2025-11-06 15:58,0,R1,2,InsufficientSolder,R1608-J10K_OHM,,00000957_2.txt,2025-11-06 15:58,2025-11-06 15:58
MV-6E,ROOMCON_INI_241121,957,2025-11-06 15:58,2025-11-06 15:58,0,R1,3,WrongPart,R1608-J10K_OHM,,00000957_2.txt,2025-11-06 15:58,2025-11-06 15:58
MV-6E,ROOMCON_INI_241121,957,2025-11-06 15:58,2025-11-06 15:58,0,Q1,0,Missing,KRC102S,,00000957_2.txt,2025-11-06 15:58,2025-11-06 15:58
MV-6E,ROOMCON_INI_241121,957,2025-11-06 15:58,2025-11-06 15:58,0,Q1,1,InsufficientSolder,KRC102S,,00000957_2.txt,2025-11-06 15:58,2025-11-06 15:58
MV-6E,ROOMCON_INI_241121,957,2025-11-06 15:58,2025-11-06 15:58,0,Q1,2,InsufficientSolder,KRC102S,,00000957_2.txt,2025-11-06 15:58,2025-11-06 15:58
MV-6E,ROOMCON_INI_241121,957,2025-11-06 15:58,2025-11-06 15:58,0,Q1,3,InsufficientSolder,KRC102S,,00000957_2.txt,2025-11-06 15:58,2025-11-06 15:58
MV-6E,ROOMCON_INI_241121,957,2025-11-06 15:58,2025-11-06 15:58,0,Q1,4,WrongPart,KRC102S,,00000957_2.txt,2025-11-06 15:58,2025-11-06 15:58
MV-6E,ROOMCON_INI_241121,957,2025-11-06 15:58,2025-11-06 15:58,0,LD1,0,Missing,LED2012_RED,,00000957_2.txt,2025-11-06 15:58,2025-11-06 15:58
MV-6E,ROOMCON_INI_241121,957,2025-11-06 15:58,2025-11-06 15:58,0,LD1,1,InsufficientSolder,LED2012_RED,,00000957_2.txt,2025-11-06 15:58,2025-11-06 15:58
MV-6E,ROOMCON_INI_241121,957,2025-11-06 15:58,2025-11-06 15:58,0,LD1,2,InsufficientSolder,LED2012_RED,,00000957_2.txt,2025-11-06 15:58,2025-11-06 15:58
MV-6E,ROOMCON_INI_241121,957,2025-11-06 15:58,2025-11-06 15:58,0,FET1,0,Missing,RU207C,,00000957_2.txt,2025-11-06 15:58,2025-11-06 15:58
MV-6E,ROOMCON_INI_241121,957,2025-11-06 15:58,2025-11-06 15:58,0,FET1,1,InsufficientSolder,RU207C,,00000957_2.txt,2025-11-06 15:58,2025-11-06 15:58
MV-6E,ROOMCON_INI_241121,957,2025-11-06 15:58,2025-11-06 15:58,0,FET1,2,InsufficientSolder,RU207C,,00000957_2.txt,2025-11-06 15:58,2025-11-06 15:58
MV-6E,ROOMCON_INI_241121,957,2025-11-06 15:58,2025-11-06 15:58,0,FET1,3,InsufficientSolder,RU207C,,00000957_2.txt,2025-11-06 15:58,2025-11-06 15:58
MV-6E,ROOMCON_INI_241121,957,2025-11-06 15:58,2025-11-06 15:58,0,D7,0,Missing,LL4148,,00000957_2.txt,2025-11-06 15:58,2025-11-06 15:58
MV-6E,ROOMCON_INI_241121,957,2025-11-06 15:58,2025-11-06 15:58,0,D7,2,NoSolder,LL4148,,00000957_2.txt,2025-11-06 15:58,2025-11-06 15:58
MV-6E,ROOMCON_INI_241121,957,2025-11-06 15:58,2025-11-06 15:58,0,D6,0,Missing,LL4148,,00000957_2.txt,2025-11-06 15:58,2025-11-06 15:58
MV-6E,ROOMCON_INI_241121,957,2025-11-06 15:58,2025-11-06 15:58,0,D6,2,NoSolder,LL4148,,00000957_2.txt,2025-11-06 15:58,2025-11-06 15:58
MV-6E,ROOMCON_INI_241121,957,2025-11-06 15:58,2025-11-06 15:58,0,D5,0,Missing,LL4148,,00000957_2.txt,2025-11-06 15:58,2025-11-06 15:58
MV-6E,ROOMCON_INI_241121,957,2025-11-06 15:58,2025-11-06 15:58,0,D5,2,NoSolder,LL4148,,00000957_2.txt,2025-11-06 15:58,2025-11-06 15:58
MV-6E,ROOMCON_INI_241121,957,2025-11-06 15:58,2025-11-06 15:58,0,D4,0,Missing,M4,,00000957_2.txt,2025-11-06 15:58,2025-11-06 15:58
MV-6E,ROOMCON_INI_241121,957,2025-11-06 15:58,2025-11-06 15:58,0,D4,1,InsufficientSolder,M4,,00000957_2.txt,2025-11-06 15:58,2025-11-06 15:58
MV-6E,ROOMCON_INI_241121,957,2025-11-06 15:58,2025-11-06 15:58,0,D4,2,InsufficientSolder,M4,,00000957_2.txt,2025-11-06 15:58,2025-11-06 15:58
MV-6E,ROOMCON_INI_241121,957,2025-11-06 15:58,2025-11-06 15:58,0,D3,0,Missing,M4,,00000957_2.txt,2025-11-06 15:58,2025-11-06 15:58
MV-6E,ROOMCON_INI_241121,957,2025-11-06 15:58,2025-11-06 15:58,0,D3,1,InsufficientSolder,M4,,00000957_2.txt,2025-11-06 15:58,2025-11-06 15:58
MV-6E,ROOMCON_INI_241121,957,2025-11-06 15:58,2025-11-06 15:58,0,D3,2,InsufficientSolder,M4,,00000957_2.txt,2025-11-06 15:58,2025-11-06 15:58
MV-6E,ROOMCON_INI_241121,957,2025-11-06 15:58,2025-11-06 15:58,0,D2,0,Missing,M4,,00000957_2.txt,2025-11-06 15:58,2025-11-06 15:58
MV-6E,ROOMCON_INI_241121,957,2025-11-06 15:58,2025-11-06 15:58,0,D2,1,InsufficientSolder,M4,,00000957_2.txt,2025-11-06 15:58,2025-11-06 15:58
MV-6E,ROOMCON_INI_241121,957,2025-11-06 15:58,2025-11-06 15:58,0,D2,2,InsufficientSolder,M4,,00000957_2.txt,2025-11-06 15:58,2025-11-06 15:58
MV-6E,ROOMCON_INI_241121,957,2025-11-06 15:58,2025-11-06 15:58,0,D1,0,Missing,M4,,00000957_2.txt,2025-11-06 15:58,2025-11-06 15:58
MV-6E,ROOMCON_INI_241121,957,2025-11-06 15:58,2025-11-06 15:58,0,D1,1,InsufficientSolder,M4,,00000957_2.txt,2025-11-06 15:58,2025-11-06 15:58
MV-6E,ROOMCON_INI_241121,957,2025-11-06 15:58,2025-11-06 15:58,0,D1,2,InsufficientSolder,M4,,00000957_2.txt,2025-11-06 15:58,2025-11-06 15:58
MV-6E,ROOMCON_INI_241121,957,2025-11-06 15:58,2025-11-06 15:58,0,C9,0,Missing,C1608-100nF_50V_10%,,00000957_2.txt,2025-11-06 15:58,2025-11-06 15:58
MV-6E,ROOMCON_INI_241121,957,2025-11-06 15:58,2025-11-06 15:58,0,C9,1,NoSolder,C1608-100nF_50V_10%,,00000957_2.txt,2025-11-06 15:58,2025-11-06 15:58
MV-6E,ROOMCON_INI_241121,957,2025-11-06 15:58,2025-11-06 15:58,0,C9,2,NoSolder,C1608-100nF_50V_10%,,00000957_2.txt,2025-11-06 15:58,2025-11-06 15:58
MV-6E,ROOMCON_INI_241121,957,2025-11-06 15:58,2025-11-06 15:58,0,C6,0,Missing,C2012-10uF_16V_10%,,00000957_2.txt,2025-11-06 15:58,2025-11-06 15:58
MV-6E,ROOMCON_INI_241121,957,2025-11-06 15:58,2025-11-06 15:58,0,C6,1,NoSolder,C2012-10uF_16V_10%,,00000957_2.txt,2025-11-06 15:58,2025-11-06 15:58
MV-6E,ROOMCON_INI_241121,957,2025-11-06 15:58,2025-11-06 15:58,0,C6,2,NoSolder,C2012-10uF_16V_10%,,00000957_2.txt,2025-11-06 15:58,2025-11-06 15:58
MV-6E,ROOMCON_INI_241121,957,2025-11-06 15:58,2025-11-06 15:58,0,C5,0,Missing,C1608-3pF_50V_10%,,00000957_2.txt,2025-11-06 15:58,2025-11-06 15:58
MV-6E,ROOMCON_INI_241121,957,2025-11-06 15:58,2025-11-06 15:58,0,C5,1,NoSolder,C1608-3pF_50V_10%,,00000957_2.txt,2025-11-06 15:58,2025-11-06 15:58
MV-6E,ROOMCON_INI_241121,957,2025-11-06 15:58,2025-11-06 15:58,0,C5,2,NoSolder,C1608-3pF_50V_10%,,00000957_2.txt,2025-11-06 15:58,2025-11-06 15:58
MV-6E,ROOMCON_INI_241121,957,2025-11-06 15:58,2025-11-06 15:58,0,C4,0,Missing,C2012-10uF_16V_10%,,00000957_2.txt,2025-11-06 15:58,2025-11-06 15:58
MV-6E,ROOMCON_INI_241121,957,2025-11-06 15:58,2025-11-06 15:58,0,C4,1,NoSolder,C2012-10uF_16V_10%,,00000957_2.txt,2025-11-06 15:58,2025-11-06 15:58
MV-6E,ROOMCON_INI_241121,957,2025-11-06 15:58,2025-11-06 15:58,0,C4,2,NoSolder,C2012-10uF_16V_10%,,00000957_2.txt,2025-11-06 15:58,2025-11-06 15:58
MV-6E,ROOMCON_INI_241121,957,2025-11-06 15:58,2025-11-06 15:58,0,C3,0,Missing,C1608-100nF_50V_10%,,00000957_2.txt,2025-11-06 15:58,2025-11-06 15:58
MV-6E,ROOMCON_INI_241121,957,2025-11-06 15:58,2025-11-06 15:58,0,C3,1,NoSolder,C1608-100nF_50V_10%,,00000957_2.txt,2025-11-06 15:58,2025-11-06 15:58
MV-6E,ROOMCON_INI_241121,957,2025-11-06 15:58,2025-11-06 15:58,0,C3,2,NoSolder,C1608-100nF_50V_10%,,00000957_2.txt,2025-11-06 15:58,2025-11-06 15:58
MV-6E,ROOMCON_INI_241121,957,2025-11-06 15:58,2025-11-06 15:58,0,C2,0,Missing,C1608-100nF_50V_10%,,00000957_2.txt,2025-11-06 15:58,2025-11-06 15:58
MV-6E,ROOMCON_INI_241121,957,2025-11-06 15:58,2025-11-06 15:58,0,C2,1,NoSolder,C1608-100nF_50V_10%,,00000957_2.txt,2025-11-06 15:58,2025-11-06 15:58
MV-6E,ROOMCON_INI_241121,957,2025-11-06 15:58,2025-11-06 15:58,0,C2,2,NoSolder,C1608-100nF_50V_10%,,00000957_2.txt,2025-11-06 15:58,2025-11-06 15:58
MV-6E,ROOMCON_INI_241121,957,2025-11-06 15:58,2025-11-06 15:58,0,C10,0,Missing,C1608-100nF_50V_10%,,00000957_2.txt,2025-11-06 15:58,2025-11-06 15:58
MV-6E,ROOMCON_INI_241121,957,2025-11-06 15:58,2025-11-06 15:58,0,C10,1,NoSolder,C1608-100nF_50V_10%,,00000957_2.txt,2025-11-06 15:58,2025-11-06 15:58
MV-6E,ROOMCON_INI_241121,957,2025-11-06 15:58,2025-11-06 15:58,0,C10,2,NoSolder,C1608-100nF_50V_10%,,00000957_2.txt,2025-11-06 15:58,2025-11-06 15:58
MV-6E,ROOMCON_INI_241121,957,2025-11-06 15:58,2025-11-06 15:58,0,C1,0,Missing,C1608-100nF_50V_10%,,00000957_2.txt,2025-11-06 15:58,2025-11-06 15:58
MV-6E,ROOMCON_INI_241121,957,2025-11-06 15:58,2025-11-06 15:58,0,C1,1,NoSolder,C1608-100nF_50V_10%,,00000957_2.txt,2025-11-06 15:58,2025-11-06 15:58
MV-6E,ROOMCON_INI_241121,957,2025-11-06 15:58,2025-11-06 15:58,0,C1,2,NoSolder,C1608-100nF_50V_10%,,00000957_2.txt,2025-11-06 15:58,2025-11-06 15:58
MV-6E,ROOMCON_INI_241121,957,2025-11-06 15:58,2025-11-06 15:58,1,U4,0,Missing,GTC08L-SO,,00000957_2.txt,2025-11-06 15:58,2025-11-06 15:58
MV-6E,ROOMCON_INI_241121,957,2025-11-06 15:58,2025-11-06 15:58,1,U4,1,LiftedLead,GTC08L-SO,,00000957_2.txt,2025-11-06 15:58,2025-11-06 15:58
MV-6E,ROOMCON_INI_241121,957,2025-11-06 15:58,2025-11-06 15:58,1,U4,2,Bridge,GTC08L-SO,,00000957_2.txt,2025-11-06 15:58,2025-11-06 15:58
MV-6E,ROOMCON_INI_241121,957,2025-11-06 15:58,2025-11-06 15:58,1,U4,3,WrongPart,GTC08L-SO,,00000957_2.txt,2025-11-06 15:58,2025-11-06 15:58
MV-6E,ROOMCON_INI_241121,957,2025-11-06 15:58,2025-11-06 15:58,1,U2,0,Missing,IL1117C-5.0V,,00000957_2.txt,2025-11-06 15:58,2025-11-06 15:58
MV-6E,ROOMCON_INI_241121,957,2025-11-06 15:58,2025-11-06 15:58,1,U2,1,Bridge,IL1117C-5.0V,,00000957_2.txt,2025-11-06 15:58,2025-11-06 15:58
MV-6E,ROOMCON_INI_241121,957,2025-11-06 15:58,2025-11-06 15:58,1,U2,2,InsufficientSolder,IL1117C-5.0V,,00000957_2.txt,2025-11-06 15:58,2025-11-06 15:58
MV-6E,ROOMCON_INI_241121,957,2025-11-06 15:58,2025-11-06 15:58,1,U2,3,WrongPart,IL1117C-5.0V,,00000957_2.txt,2025-11-06 15:58,2025-11-06 15:58
MV-6E,ROOMCON_INI_241121,957,2025-11-06 15:58,2025-11-06 15:58,1,U1,0,Missing,MC96F6432Q,,00000957_2.txt,2025-11-06 15:58,2025-11-06 15:58
MV-6E,ROOMCON_INI_241121,957,2025-11-06 15:58,2025-11-06 15:58,1,U1,1,Bridge,MC96F6432Q,,00000957_2.txt,2025-11-06 15:58,2025-11-06 15:58
MV-6E,ROOMCON_INI_241121,957,2025-11-06 15:58,2025-11-06 15:58,1,U1,2,Bridge,MC96F6432Q,,00000957_2.txt,2025-11-06 15:58,2025-11-06 15:58
MV-6E,ROOMCON_INI_241121,957,2025-11-06 15:58,2025-11-06 15:58,1,U1,3,Bridge,MC96F6432Q,,00000957_2.txt,2025-11-06 15:58,2025-11-06 15:58
MV-6E,ROOMCON_INI_241121,957,2025-11-06 15:58,2025-11-06 15:58,1,U1,4,Bridge,MC96F6432Q,,00000957_2.txt,2025-11-06 15:58,2025-11-06 15:58
MV-6E,ROOMCON_INI_241121,957,2025-11-06 15:58,2025-11-06 15:58,1,U1,5,WrongPart,MC96F6432Q,,00000957_2.txt,2025-11-06 15:58,2025-11-06 15:58
MV-6E,ROOMCON_INI_241121,957,2025-11-06 15:58,2025-11-06 15:58,1,R9,0,Missing,R1608-J10K_OHM,,00000957_2.txt,2025-11-06 15:58,2025-11-06 15:58
MV-6E,ROOMCON_INI_241121,957,2025-11-06 15:58,2025-11-06 15:58,1,R9,1,InsufficientSolder,R1608-J10K_OHM,,00000957_2.txt,2025-11-06 15:58,2025-11-06 15:58
MV-6E,ROOMCON_INI_241121,957,2025-11-06 15:58,2025-11-06 15:58,1,R9,2,InsufficientSolder,R1608-J10K_OHM,,00000957_2.txt,2025-11-06 15:58,2025-11-06 15:58
MV-6E,ROOMCON_INI_241121,957,2025-11-06 15:58,2025-11-06 15:58,1,R9,3,WrongPart,R1608-J10K_OHM,,00000957_2.txt,2025-11-06 15:58,2025-11-06 15:58
MV-6E,ROOMCON_INI_241121,957,2025-11-06 15:58,2025-11-06 15:58,1,R8,0,Missing,R2012-J330_OHM,,00000957_2.txt,2025-11-06 15:58,2025-11-06 15:58
MV-6E,ROOMCON_INI_241121,957,2025-11-06 15:58,2025-11-06 15:58,1,R8,1,NoSolder,R2012-J330_OHM,,00000957_2.txt,2025-11-06 15:58,2025-11-06 15:58
MV-6E,ROOMCON_INI_241121,957,2025-11-06 15:58,2025-11-06 15:58,1,R8,2,NoSolder,R2012-J330_OHM,,00000957_2.txt,2025-11-06 15:58,2025-11-06 15:58
MV-6E,ROOMCON_INI_241121,957,2025-11-06 15:58,2025-11-06 15:58,1,R8,3,WrongPart,R2012-J330_OHM,,00000957_2.txt,2025-11-06 15:58,2025-11-06 15:58
MV-6E,ROOMCON_INI_241121,957,2025-11-06 15:58,2025-11-06 15:58,1,R41,0,Missing,R1608-J560_OHM,,00000957_2.txt,2025-11-06 15:58,2025-11-06 15:58
MV-6E,ROOMCON_INI_241121,957,2025-11-06 15:58,2025-11-06 15:58,1,R41,1,InsufficientSolder,R1608-J560_OHM,,00000957_2.txt,2025-11-06 15:58,2025-11-06 15:58
MV-6E,ROOMCON_INI_241121,957,2025-11-06 15:58,2025-11-06 15:58,1,R41,2,InsufficientSolder,R1608-J560_OHM,,00000957_2.txt,2025-11-06 15:58,2025-11-06 15:58
MV-6E,ROOMCON_INI_241121,957,2025-11-06 15:58,2025-11-06 15:58,1,R41,3,WrongPart,R1608-J560_OHM,,00000957_2.txt,2025-11-06 15:58,2025-11-06 15:58
MV-6E,ROOMCON_INI_241121,957,2025-11-06 15:58,2025-11-06 15:58,1,R36,0,Missing,R1608-J560_OHM,,00000957_2.txt,2025-11-06 15:58,2025-11-06 15:58
MV-6E,ROOMCON_INI_241121,957,2025-11-06 15:58,2025-11-06 15:58,1,R36,1,InsufficientSolder,R1608-J560_OHM,,00000957_2.txt,2025-11-06 15:58,2025-11-06 15:58
MV-6E,ROOMCON_INI_241121,957,2025-11-06 15:58,2025-11-06 15:58,1,R36,2,InsufficientSolder,R1608-J560_OHM,,00000957_2.txt,2025-11-06 15:58,2025-11-06 15:58
MV-6E,ROOMCON_INI_241121,957,2025-11-06 15:58,2025-11-06 15:58,1,R36,3,WrongPart,R1608-J560_OHM,,00000957_2.txt,2025-11-06 15:58,2025-11-06 15:58
MV-6E,ROOMCON_INI_241121,957,2025-11-06 15:58,2025-11-06 15:58,1,R35,0,Missing,R1608-J560_OHM,,00000957_2.txt,2025-11-06 15:58,2025-11-06 15:58
MV-6E,ROOMCON_INI_241121,957,2025-11-06 15:58,2025-11-06 15:58,1,R35,1,InsufficientSolder,R1608-J560_OHM,,00000957_2.txt,2025-11-06 15:58,2025-11-06 15:58
MV-6E,ROOMCON_INI_241121,957,2025-11-06 15:58,2025-11-06 15:58,1,R35,2,InsufficientSolder,R1608-J560_OHM,,00000957_2.txt,2025-11-06 15:58,2025-11-06 15:58
MV-6E,ROOMCON_INI_241121,957,2025-11-06 15:58,2025-11-06 15:58,1,R35,3,WrongPart,R1608-J560_OHM,,00000957_2.txt,2025-11-06 15:58,2025-11-06 15:58
MV-6E,ROOMCON_INI_241121,957,2025-11-06 15:58,2025-11-06 15:58,1,R34,0,Missing,R1608-J560_OHM,,00000957_2.txt,2025-11-06 15:58,2025-11-06 15:58
MV-6E,ROOMCON_INI_241121,957,2025-11-06 15:58,2025-11-06 15:58,1,R34,1,InsufficientSolder,R1608-J560_OHM,,00000957_2.txt,2025-11-06 15:58,2025-11-06 15:58
MV-6E,ROOMCON_INI_241121,957,2025-11-06 15:58,2025-11-06 15:58,1,R34,2,InsufficientSolder,R1608-J560_OHM,,00000957_2.txt,2025-11-06 15:58,2025-11-06 15:58
MV-6E,ROOMCON_INI_241121,957,2025-11-06 15:58,2025-11-06 15:58,1,R34,3,WrongPart,R1608-J560_OHM,,00000957_2.txt,2025-11-06 15:58,2025-11-06 15:58
MV-6E,ROOMCON_INI_241121,957,2025-11-06 15:58,2025-11-06 15:58,1,R33,0,Missing,R1608-J560_OHM,,00000957_2.txt,2025-11-06 15:58,2025-11-06 15:58
MV-6E,ROOMCON_INI_241121,957,2025-11-06 15:58,2025-11-06 15:58,1,R33,1,InsufficientSolder,R1608-J560_OHM,,00000957_2.txt,2025-11-06 15:58,2025-11-06 15:58
MV-6E,ROOMCON_INI_241121,957,2025-11-06 15:58,2025-11-06 15:58,1,R33,2,InsufficientSolder,R1608-J560_OHM,,00000957_2.txt,2025-11-06 15:58,2025-11-06 15:58
MV-6E,ROOMCON_INI_241121,957,2025-11-06 15:58,2025-11-06 15:58,1,R33,3,WrongPart,R1608-J560_OHM,,00000957_2.txt,2025-11-06 15:58,2025-11-06 15:58
MV-6E,ROOMCON_INI_241121,957,2025-11-06 15:58,2025-11-06 15:58,1,R32,0,Missing,R1608-J560_OHM,,00000957_2.txt,2025-11-06 15:58,2025-11-06 15:58
MV-6E,ROOMCON_INI_241121,957,2025-11-06 15:58,2025-11-06 15:58,1,R32,1,InsufficientSolder,R1608-J560_OHM,,00000957_2.txt,2025-11-06 15:58,2025-11-06 15:58
MV-6E,ROOMCON_INI_241121,957,2025-11-06 15:58,2025-11-06 15:58,1,R32,2,InsufficientSolder,R1608-J560_OHM,,00000957_2.txt,2025-11-06 15:58,2025-11-06 15:58
MV-6E,ROOMCON_INI_241121,957,2025-11-06 15:58,2025-11-06 15:58,1,R32,3,WrongPart,R1608-J560_OHM,,00000957_2.txt,2025-11-06 15:58,2025-11-06 15:58
MV-6E,ROOMCON_INI_241121,957,2025-11-06 15:58,2025-11-06 15:58,1,R31,0,Missing,R1608-J560_OHM,,00000957_2.txt,2025-11-06 15:58,2025-11-06 15:58
MV-6E,ROOMCON_INI_241121,957,2025-11-06 15:58,2025-11-06 15:58,1,R31,1,InsufficientSolder,R1608-J560_OHM,,00000957_2.txt,2025-11-06 15:58,2025-11-06 15:58
MV-6E,ROOMCON_INI_241121,957,2025-11-06 15:58,2025-11-06 15:58,1,R31,2,InsufficientSolder,R1608-J560_OHM,,00000957_2.txt,2025-11-06 15:58,2025-11-06 15:58
MV-6E,ROOMCON_INI_241121,957,2025-11-06 15:58,2025-11-06 15:58,1,R31,3,WrongPart,R1608-J560_OHM,,00000957_2.txt,2025-11-06 15:58,2025-11-06 15:58
MV-6E,ROOMCON_INI_241121,957,2025-11-06 15:58,2025-11-06 15:58,1,R30,0,Missing,R1608-J560_OHM,,00000957_2.txt,2025-11-06 15:58,2025-11-06 15:58
MV-6E,ROOMCON_INI_241121,957,2025-11-06 15:58,2025-11-06 15:58,1,R30,1,InsufficientSolder,R1608-J560_OHM,,00000957_2.txt,2025-11-06 15:58,2025-11-06 15:58
MV-6E,ROOMCON_INI_241121,957,2025-11-06 15:58,2025-11-06 15:58,1,R30,2,InsufficientSolder,R1608-J560_OHM,,00000957_2.txt,2025-11-06 15:58,2025-11-06 15:58
MV-6E,ROOMCON_INI_241121,957,2025-11-06 15:58,2025-11-06 15:58,1,R30,3,WrongPart,R1608-J560_OHM,,00000957_2.txt,2025-11-06 15:58,2025-11-06 15:58
MV-6E,ROOMCON_INI_241121,957,2025-11-06 15:58,2025-11-06 15:58,1,R22,0,Missing,R2012-J4.7_OHM,,00000957_2.txt,2025-11-06 15:58,2025-11-06 15:58
MV-6E,ROOMCON_INI_241121,957,2025-11-06 15:58,2025-11-06 15:58,1,R22,1,NoSolder,R2012-J4.7_OHM,,00000957_2.txt,2025-11-06 15:58,2025-11-06 15:58
MV-6E,ROOMCON_INI_241121,957,2025-11-06 15:58,2025-11-06 15:58,1,R22,2,InsufficientSolder,R2012-J4.7_OHM,,00000957_2.txt,2025-11-06 15:58,2025-11-06 15:58
MV-6E,ROOMCON_INI_241121,957,2025-11-06 15:58,2025-11-06 15:58,1,R22,3,WrongPart,R2012-J4.7_OHM,,00000957_2.txt,2025-11-06 15:58,2025-11-06 15:58
MV-6E,ROOMCON_INI_241121,957,2025-11-06 15:58,2025-11-06 15:58,1,R21,0,Missing,R1608-J2K_OHM,,00000957_2.txt,2025-11-06 15:58,2025-11-06 15:58
MV-6E,ROOMCON_INI_241121,957,2025-11-06 15:58,2025-11-06 15:58,1,R21,1,InsufficientSolder,R1608-J2K_OHM,,00000957_2.txt,2025-11-06 15:58,2025-11-06 15:58
MV-6E,ROOMCON_INI_241121,957,2025-11-06 15:58,2025-11-06 15:58,1,R21,2,InsufficientSolder,R1608-J2K_OHM,,00000957_2.txt,2025-11-06 15:58,2025-11-06 15:58
MV-6E,ROOMCON_INI_241121,957,2025-11-06 15:58,2025-11-06 15:58,1,R21,3,WrongPart,R1608-J2K_OHM,,00000957_2.txt,2025-11-06 15:58,2025-11-06 15:58
MV-6E,ROOMCON_INI_241121,957,2025-11-06 15:58,2025-11-06 15:58,1,R19,0,Missing,R1608-J10K_OHM,,00000957_2.txt,2025-11-06 15:58,2025-11-06 15:58
MV-6E,ROOMCON_INI_241121,957,2025-11-06 15:58,2025-11-06 15:58,1,R19,1,InsufficientSolder,R1608-J10K_OHM,,00000957_2.txt,2025-11-06 15:58,2025-11-06 15:58
MV-6E,ROOMCON_INI_241121,957,2025-11-06 15:58,2025-11-06 15:58,1,R19,2,InsufficientSolder,R1608-J10K_OHM,,00000957_2.txt,2025-11-06 15:58,2025-11-06 15:58
MV-6E,ROOMCON_INI_241121,957,2025-11-06 15:58,2025-11-06 15:58,1,R19,3,WrongPart,R1608-J10K_OHM,,00000957_2.txt,2025-11-06 15:58,2025-11-06 15:58
MV-6E,ROOMCON_INI_241121,957,2025-11-06 15:58,2025-11-06 15:58,1,R15,0,Missing,R1608-J2K_OHM,,00000957_2.txt,2025-11-06 15:58,2025-11-06 15:58
MV-6E,ROOMCON_INI_241121,957,2025-11-06 15:58,2025-11-06 15:58,1,R15,1,InsufficientSolder,R1608-J2K_OHM,,00000957_2.txt,2025-11-06 15:58,2025-11-06 15:58
MV-6E,ROOMCON_INI_241121,957,2025-11-06 15:58,2025-11-06 15:58,1,R15,2,InsufficientSolder,R1608-J2K_OHM,,00000957_2.txt,2025-11-06 15:58,2025-11-06 15:58
MV-6E,ROOMCON_INI_241121,957,2025-11-06 15:58,2025-11-06 15:58,1,R15,3,WrongPart,R1608-J2K_OHM,,00000957_2.txt,2025-11-06 15:58,2025-11-06 15:58
MV-6E,ROOMCON_INI_241121,957,2025-11-06 15:58,2025-11-06 15:58,1,R14,0,Missing,R1608-100K_OHM,,00000957_2.txt,2025-11-06 15:58,2025-11-06 15:58
MV-6E,ROOMCON_INI_241121,957,2025-11-06 15:58,2025-11-06 15:58,1,R14,1,NoSolder,R1608-100K_OHM,,00000957_2.txt,2025-11-06 15:58,2025-11-06 15:58
MV-6E,ROOMCON_INI_241121,957,2025-11-06 15:58,2025-11-06 15:58,1,R14,2,NoSolder,R1608-100K_OHM,,00000957_2.txt,2025-11-06 15:58,2025-11-06 15:58
MV-6E,ROOMCON_INI_241121,957,2025-11-06 15:58,2025-11-06 15:58,1,R14,3,WrongPart,R1608-100K_OHM,,00000957_2.txt,2025-11-06 15:58,2025-11-06 15:58
MV-6E,ROOMCON_INI_241121,957,2025-11-06 15:58,2025-11-06 15:58,1,R1,0,Missing,R1608-J10K_OHM,,00000957_2.txt,2025-11-06 15:58,2025-11-06 15:58
MV-6E,ROOMCON_INI_241121,957,2025-11-06 15:58,2025-11-06 15:58,1,R1,1,InsufficientSolder,R1608-J10K_OHM,,00000957_2.txt,2025-11-06 15:58,2025-11-06 15:58
MV-6E,ROOMCON_INI_241121,957,2025-11-06 15:58,2025-11-06 15:58,1,R1,2,InsufficientSolder,R1608-J10K_OHM,,00000957_2.txt,2025-11-06 15:58,2025-11-06 15:58
MV-6E,ROOMCON_INI_241121,957,2025-11-06 15:58,2025-11-06 15:58,1,R1,3,WrongPart,R1608-J10K_OHM,,00000957_2.txt,2025-11-06 15:58,2025-11-06 15:58
MV-6E,ROOMCON_INI_241121,957,2025-11-06 15:58,2025-11-06 15:58,1,Q1,0,Missing,KRC102S,,00000957_2.txt,2025-11-06 15:58,2025-11-06 15:58
MV-6E,ROOMCON_INI_241121,957,2025-11-06 15:58,2025-11-06 15:58,1,Q1,1,InsufficientSolder,KRC102S,,00000957_2.txt,2025-11-06 15:58,2025-11-06 15:58
MV-6E,ROOMCON_INI_241121,957,2025-11-06 15:58,2025-11-06 15:58,1,Q1,2,InsufficientSolder,KRC102S,,00000957_2.txt,2025-11-06 15:58,2025-11-06 15:58
MV-6E,ROOMCON_INI_241121,957,2025-11-06 15:58,2025-11-06 15:58,1,Q1,3,InsufficientSolder,KRC102S,,00000957_2.txt,2025-11-06 15:58,2025-11-06 15:58
MV-6E,ROOMCON_INI_241121,957,2025-11-06 15:58,2025-11-06 15:58,1,Q1,4,WrongPart,KRC102S,,00000957_2.txt,2025-11-06 15:58,2025-11-06 15:58
MV-6E,ROOMCON_INI_241121,957,2025-11-06 15:58,2025-11-06 15:58,1,FET1,0,Missing,RU207C,,00000957_2.txt,2025-11-06 15:58,2025-11-06 15:58
MV-6E,ROOMCON_INI_241121,957,2025-11-06 15:58,2025-11-06 15:58,1,FET1,1,InsufficientSolder,RU207C,,00000957_2.txt,2025-11-06 15:58,2025-11-06 15:58
MV-6E,ROOMCON_INI_241121,957,2025-11-06 15:58,2025-11-06 15:58,1,FET1,2,InsufficientSolder,RU207C,,00000957_2.txt,2025-11-06 15:58,2025-11-06 15:58
MV-6E,ROOMCON_INI_241121,957,2025-11-06 15:58,2025-11-06 15:58,1,FET1,3,InsufficientSolder,RU207C,,00000957_2.txt,2025-11-06 15:58,2025-11-06 15:58
MV-6E,ROOMCON_INI_241121,957,2025-11-06 15:58,2025-11-06 15:58,1,D7,0,Missing,LL4148,,00000957_2.txt,2025-11-06 15:58,2025-11-06 15:58
MV-6E,ROOMCON_INI_241121,957,2025-11-06 15:58,2025-11-06 15:58,1,D7,2,NoSolder,LL4148,,00000957_2.txt,2025-11-06 15:58,2025-11-06 15:58
MV-6E,ROOMCON_INI_241121,957,2025-11-06 15:58,2025-11-06 15:58,1,D6,0,Missing,LL4148,,00000957_2.txt,2025-11-06 15:58,2025-11-06 15:58
MV-6E,ROOMCON_INI_241121,957,2025-11-06 15:58,2025-11-06 15:58,1,D6,2,NoSolder,LL4148,,00000957_2.txt,2025-11-06 15:58,2025-11-06 15:58
MV-6E,ROOMCON_INI_241121,957,2025-11-06 15:58,2025-11-06 15:58,1,D5,0,Missing,LL4148,,00000957_2.txt,2025-11-06 15:58,2025-11-06 15:58
MV-6E,ROOMCON_INI_241121,957,2025-11-06 15:58,2025-11-06 15:58,1,D5,2,NoSolder,LL4148,,00000957_2.txt,2025-11-06 15:58,2025-11-06 15:58
MV-6E,ROOMCON_INI_241121,957,2025-11-06 15:58,2025-11-06 15:58,1,D4,0,Missing,M4,,00000957_2.txt,2025-11-06 15:58,2025-11-06 15:58
MV-6E,ROOMCON_INI_241121,957,2025-11-06 15:58,2025-11-06 15:58,1,D4,1,InsufficientSolder,M4,,00000957_2.txt,2025-11-06 15:58,2025-11-06 15:58
MV-6E,ROOMCON_INI_241121,957,2025-11-06 15:58,2025-11-06 15:58,1,D4,2,InsufficientSolder,M4,,00000957_2.txt,2025-11-06 15:58,2025-11-06 15:58
MV-6E,ROOMCON_INI_241121,957,2025-11-06 15:58,2025-11-06 15:58,1,D3,0,Missing,M4,,00000957_2.txt,2025-11-06 15:58,2025-11-06 15:58
MV-6E,ROOMCON_INI_241121,957,2025-11-06 15:58,2025-11-06 15:58,1,D3,1,InsufficientSolder,M4,,00000957_2.txt,2025-11-06 15:58,2025-11-06 15:58
MV-6E,ROOMCON_INI_241121,957,2025-11-06 15:58,2025-11-06 15:58,1,D3,2,InsufficientSolder,M4,,00000957_2.txt,2025-11-06 15:58,2025-11-06 15:58
MV-6E,ROOMCON_INI_241121,957,2025-11-06 15:58,2025-11-06 15:58,1,D2,0,Missing,M4,,00000957_2.txt,2025-11-06 15:58,2025-11-06 15:58
MV-6E,ROOMCON_INI_241121,957,2025-11-06 15:58,2025-11-06 15:58,1,D2,1,InsufficientSolder,M4,,00000957_2.txt,2025-11-06 15:58,2025-11-06 15:58
MV-6E,ROOMCON_INI_241121,957,2025-11-06 15:58,2025-11-06 15:58,1,D2,2,InsufficientSolder,M4,,00000957_2.txt,2025-11-06 15:58,2025-11-06 15:58
MV-6E,ROOMCON_INI_241121,957,2025-11-06 15:58,2025-11-06 15:58,1,D1,0,Missing,M4,,00000957_2.txt,2025-11-06 15:58,2025-11-06 15:58
MV-6E,ROOMCON_INI_241121,957,2025-11-06 15:58,2025-11-06 15:58,1,D1,1,InsufficientSolder,M4,,00000957_2.txt,2025-11-06 15:58,2025-11-06 15:58
MV-6E,ROOMCON_INI_241121,957,2025-11-06 15:58,2025-11-06 15:58,1,D1,2,InsufficientSolder,M4,,00000957_2.txt,2025-11-06 15:58,2025-11-06 15:58
MV-6E,ROOMCON_INI_241121,957,2025-11-06 15:58,2025-11-06 15:58,1,C9,0,Missing,C1608-100nF_50V_10%,,00000957_2.txt,2025-11-06 15:58,2025-11-06 15:58
MV-6E,ROOMCON_INI_241121,957,2025-11-06 15:58,2025-11-06 15:58,1,C9,1,NoSolder,C1608-100nF_50V_10%,,00000957_2.txt,2025-11-06 15:58,2025-11-06 15:58
MV-6E,ROOMCON_INI_241121,957,2025-11-06 15:58,2025-11-06 15:58,1,C9,2,NoSolder,C1608-100nF_50V_10%,,00000957_2.txt,2025-11-06 15:58,2025-11-06 15:58
MV-6E,ROOMCON_INI_241121,957,2025-11-06 15:58,2025-11-06 15:58,1,C6,0,Missing,C2012-10uF_16V_10%,,00000957_2.txt,2025-11-06 15:58,2025-11-06 15:58
MV-6E,ROOMCON_INI_241121,957,2025-11-06 15:58,2025-11-06 15:58,1,C6,1,NoSolder,C2012-10uF_16V_10%,,00000957_2.txt,2025-11-06 15:58,2025-11-06 15:58
MV-6E,ROOMCON_INI_241121,957,2025-11-06 15:58,2025-11-06 15:58,1,C6,2,NoSolder,C2012-10uF_16V_10%,,00000957_2.txt,2025-11-06 15:58,2025-11-06 15:58
MV-6E,ROOMCON_INI_241121,957,2025-11-06 15:58,2025-11-06 15:58,1,C5,0,Missing,C1608-3pF_50V_10%,,00000957_2.txt,2025-11-06 15:58,2025-11-06 15:58
MV-6E,ROOMCON_INI_241121,957,2025-11-06 15:58,2025-11-06 15:58,1,C5,1,NoSolder,C1608-3pF_50V_10%,,00000957_2.txt,2025-11-06 15:58,2025-11-06 15:58
MV-6E,ROOMCON_INI_241121,957,2025-11-06 15:58,2025-11-06 15:58,1,C5,2,NoSolder,C1608-3pF_50V_10%,,00000957_2.txt,2025-11-06 15:58,2025-11-06 15:58
MV-6E,ROOMCON_INI_241121,957,2025-11-06 15:58,2025-11-06 15:58,1,C4,0,Missing,C2012-10uF_16V_10%,,00000957_2.txt,2025-11-06 15:58,2025-11-06 15:58
MV-6E,ROOMCON_INI_241121,957,2025-11-06 15:58,2025-11-06 15:58,1,C4,1,NoSolder,C2012-10uF_16V_10%,,00000957_2.txt,2025-11-06 15:58,2025-11-06 15:58
MV-6E,ROOMCON_INI_241121,957,2025-11-06 15:58,2025-11-06 15:58,1,C4,2,NoSolder,C2012-10uF_16V_10%,,00000957_2.txt,2025-11-06 15:58,2025-11-06 15:58
MV-6E,ROOMCON_INI_241121,957,2025-11-06 15:58,2025-11-06 15:58,1,C3,0,Missing,C1608-100nF_50V_10%,,00000957_2.txt,2025-11-06 15:58,2025-11-06 15:58
MV-6E,ROOMCON_INI_241121,957,2025-11-06 15:58,2025-11-06 15:58,1,C3,1,NoSolder,C1608-100nF_50V_10%,,00000957_2.txt,2025-11-06 15:58,2025-11-06 15:58
MV-6E,ROOMCON_INI_241121,957,2025-11-06 15:58,2025-11-06 15:58,1,C3,2,NoSolder,C1608-100nF_50V_10%,,00000957_2.txt,2025-11-06 15:58,2025-11-06 15:58
MV-6E,ROOMCON_INI_241121,957,2025-11-06 15:58,2025-11-06 15:58,1,C2,0,Missing,C1608-100nF_50V_10%,,00000957_2.txt,2025-11-06 15:58,2025-11-06 15:58
MV-6E,ROOMCON_INI_241121,957,2025-11-06 15:58,2025-11-06 15:58,1,C2,1,NoSolder,C1608-100nF_50V_10%,,00000957_2.txt,2025-11-06 15:58,2025-11-06 15:58
MV-6E,ROOMCON_INI_241121,957,2025-11-06 15:58,2025-11-06 15:58,1,C2,2,NoSolder,C1608-100nF_50V_10%,,00000957_2.txt,2025-11-06 15:58,2025-11-06 15:58
MV-6E,ROOMCON_INI_241121,957,2025-11-06 15:58,2025-11-06 15:58,1,C10,0,Missing,C1608-100nF_50V_10%,,00000957_2.txt,2025-11-06 15:58,2025-11-06 15:58
MV-6E,ROOMCON_INI_241121,957,2025-11-06 15:58,2025-11-06 15:58,1,C10,1,NoSolder,C1608-100nF_50V_10%,,00000957_2.txt,2025-11-06 15:58,2025-11-06 15:58
MV-6E,ROOMCON_INI_241121,957,2025-11-06 15:58,2025-11-06 15:58,1,C10,2,NoSolder,C1608-100nF_50V_10%,,00000957_2.txt,2025-11-06 15:58,2025-11-06 15:58
MV-6E,ROOMCON_INI_241121,957,2025-11-06 15:58,2025-11-06 15:58,1,C1,0,Missing,C1608-100nF_50V_10%,,00000957_2.txt,2025-11-06 15:58,2025-11-06 15:58
MV-6E,ROOMCON_INI_241121,957,2025-11-06 15:58,2025-11-06 15:58,1,C1,1,NoSolder,C1608-100nF_50V_10%,,00000957_2.txt,2025-11-06 15:58,2025-11-06 15:58
MV-6E,ROOMCON_INI_241121,957,2025-11-06 15:58,2025-11-06 15:58,1,C1,2,NoSolder,C1608-100nF_50V_10%,,00000957_2.txt,2025-11-06 15:58,2025-11-06 15:58
MV-6E,ROOMCON_INI_241121,957,2025-11-06 15:58,2025-11-06 15:58,1,R11,0,Missing,R1608-J10K_OHM,,00000957_2.txt,2025-11-06 15:58,2025-11-06 15:58
MV-6E,ROOMCON_INI_241121,957,2025-11-06 15:58,2025-11-06 15:58,1,R11,1,InsufficientSolder,R1608-J10K_OHM,,00000957_2.txt,2025-11-06 15:58,2025-11-06 15:58
MV-6E,ROOMCON_INI_241121,957,2025-11-06 15:58,2025-11-06 15:58,1,R11,2,InsufficientSolder,R1608-J10K_OHM,,00000957_2.txt,2025-11-06 15:58,2025-11-06 15:58
MV-6E,ROOMCON_INI_241121,957,2025-11-06 15:58,2025-11-06 15:58,1,R11,3,WrongPart,R1608-J10K_OHM,,00000957_2.txt,2025-11-06 15:58,2025-11-06 15:58
MV-6E,ROOMCON_INI_241121,957,2025-11-06 15:58,2025-11-06 15:58,1,LD1,0,Missing,LED2012_RED,,00000957_2.txt,2025-11-06 15:58,2025-11-06 15:58
MV-6E,ROOMCON_INI_241121,957,2025-11-06 15:58,2025-11-06 15:58,1,LD1,1,InsufficientSolder,LED2012_RED,,00000957_2.txt,2025-11-06 15:58,2025-11-06 15:58
MV-6E,ROOMCON_INI_241121,957,2025-11-06 15:58,2025-11-06 15:58,1,LD1,2,InsufficientSolder,LED2012_RED,,00000957_2.txt,2025-11-06 15:58,2025-11-06 15:58
MV-6E,ROOMCON_INI_241121,957,2025-11-06 15:58,2025-11-06 15:58,2,U4,0,Missing,GTC08L-SO,,00000957_2.txt,2025-11-06 15:58,2025-11-06 15:58
MV-6E,ROOMCON_INI_241121,957,2025-11-06 15:58,2025-11-06 15:58,2,U4,1,LiftedLead,GTC08L-SO,,00000957_2.txt,2025-11-06 15:58,2025-11-06 15:58
MV-6E,ROOMCON_INI_241121,957,2025-11-06 15:58,2025-11-06 15:58,2,U4,2,Bridge,GTC08L-SO,,00000957_2.txt,2025-11-06 15:58,2025-11-06 15:58
MV-6E,ROOMCON_INI_241121,957,2025-11-06 15:58,2025-11-06 15:58,2,U4,3,WrongPart,GTC08L-SO,,00000957_2.txt,2025-11-06 15:58,2025-11-06 15:58
MV-6E,ROOMCON_INI_241121,957,2025-11-06 15:58,2025-11-06 15:58,2,U2,0,Missing,IL1117C-5.0V,,00000957_2.txt,2025-11-06 15:58,2025-11-06 15:58
MV-6E,ROOMCON_INI_241121,957,2025-11-06 15:58,2025-11-06 15:58,2,U2,1,Bridge,IL1117C-5.0V,,00000957_2.txt,2025-11-06 15:58,2025-11-06 15:58
MV-6E,ROOMCON_INI_241121,957,2025-11-06 15:58,2025-11-06 15:58,2,U2,2,InsufficientSolder,IL1117C-5.0V,,00000957_2.txt,2025-11-06 15:58,2025-11-06 15:58
MV-6E,ROOMCON_INI_241121,957,2025-11-06 15:58,2025-11-06 15:58,2,U2,3,WrongPart,IL1117C-5.0V,,00000957_2.txt,2025-11-06 15:58,2025-11-06 15:58
MV-6E,ROOMCON_INI_241121,957,2025-11-06 15:58,2025-11-06 15:58,2,U1,0,Missing,MC96F6432Q,,00000957_2.txt,2025-11-06 15:58,2025-11-06 15:58
MV-6E,ROOMCON_INI_241121,957,2025-11-06 15:58,2025-11-06 15:58,2,U1,1,Bridge,MC96F6432Q,,00000957_2.txt,2025-11-06 15:58,2025-11-06 15:58
MV-6E,ROOMCON_INI_241121,957,2025-11-06 15:58,2025-11-06 15:58,2,U1,2,Bridge,MC96F6432Q,,00000957_2.txt,2025-11-06 15:58,2025-11-06 15:58
MV-6E,ROOMCON_INI_241121,957,2025-11-06 15:58,2025-11-06 15:58,2,U1,3,Bridge,MC96F6432Q,,00000957_2.txt,2025-11-06 15:58,2025-11-06 15:58
MV-6E,ROOMCON_INI_241121,957,2025-11-06 15:58,2025-11-06 15:58,2,U1,4,Bridge,MC96F6432Q,,00000957_2.txt,2025-11-06 15:58,2025-11-06 15:58
MV-6E,ROOMCON_INI_241121,957,2025-11-06 15:58,2025-11-06 15:58,2,U1,5,WrongPart,MC96F6432Q,,00000957_2.txt,2025-11-06 15:58,2025-11-06 15:58
MV-6E,ROOMCON_INI_241121,957,2025-11-06 15:58,2025-11-06 15:58,2,R9,0,Missing,R1608-J10K_OHM,,00000957_2.txt,2025-11-06 15:58,2025-11-06 15:58
MV-6E,ROOMCON_INI_241121,957,2025-11-06 15:58,2025-11-06 15:58,2,R9,1,InsufficientSolder,R1608-J10K_OHM,,00000957_2.txt,2025-11-06 15:58,2025-11-06 15:58
MV-6E,ROOMCON_INI_241121,957,2025-11-06 15:58,2025-11-06 15:58,2,R9,2,InsufficientSolder,R1608-J10K_OHM,,00000957_2.txt,2025-11-06 15:58,2025-11-06 15:58
MV-6E,ROOMCON_INI_241121,957,2025-11-06 15:58,2025-11-06 15:58,2,R9,3,WrongPart,R1608-J10K_OHM,,00000957_2.txt,2025-11-06 15:58,2025-11-06 15:58
MV-6E,ROOMCON_INI_241121,957,2025-11-06 15:58,2025-11-06 15:58,2,R8,0,Missing,R2012-J330_OHM,,00000957_2.txt,2025-11-06 15:58,2025-11-06 15:58
MV-6E,ROOMCON_INI_241121,957,2025-11-06 15:58,2025-11-06 15:58,2,R8,1,NoSolder,R2012-J330_OHM,,00000957_2.txt,2025-11-06 15:58,2025-11-06 15:58
MV-6E,ROOMCON_INI_241121,957,2025-11-06 15:58,2025-11-06 15:58,2,R8,2,NoSolder,R2012-J330_OHM,,00000957_2.txt,2025-11-06 15:58,2025-11-06 15:58
MV-6E,ROOMCON_INI_241121,957,2025-11-06 15:58,2025-11-06 15:58,2,R8,3,WrongPart,R2012-J330_OHM,,00000957_2.txt,2025-11-06 15:58,2025-11-06 15:58
MV-6E,ROOMCON_INI_241121,957,2025-11-06 15:58,2025-11-06 15:58,2,R41,0,Missing,R1608-J560_OHM,,00000957_2.txt,2025-11-06 15:58,2025-11-06 15:58
MV-6E,ROOMCON_INI_241121,957,2025-11-06 15:58,2025-11-06 15:58,2,R41,1,InsufficientSolder,R1608-J560_OHM,,00000957_2.txt,2025-11-06 15:58,2025-11-06 15:58
MV-6E,ROOMCON_INI_241121,957,2025-11-06 15:58,2025-11-06 15:58,2,R41,2,InsufficientSolder,R1608-J560_OHM,,00000957_2.txt,2025-11-06 15:58,2025-11-06 15:58
MV-6E,ROOMCON_INI_241121,957,2025-11-06 15:58,2025-11-06 15:58,2,R41,3,WrongPart,R1608-J560_OHM,,00000957_2.txt,2025-11-06 15:58,2025-11-06 15:58
MV-6E,ROOMCON_INI_241121,957,2025-11-06 15:58,2025-11-06 15:58,2,R36,0,Missing,R1608-J560_OHM,,00000957_2.txt,2025-11-06 15:58,2025-11-06 15:58
MV-6E,ROOMCON_INI_241121,957,2025-11-06 15:58,2025-11-06 15:58,2,R36,1,InsufficientSolder,R1608-J560_OHM,,00000957_2.txt,2025-11-06 15:58,2025-11-06 15:58
MV-6E,ROOMCON_INI_241121,957,2025-11-06 15:58,2025-11-06 15:58,2,R36,2,InsufficientSolder,R1608-J560_OHM,,00000957_2.txt,2025-11-06 15:58,2025-11-06 15:58
MV-6E,ROOMCON_INI_241121,957,2025-11-06 15:58,2025-11-06 15:58,2,R36,3,WrongPart,R1608-J560_OHM,,00000957_2.txt,2025-11-06 15:58,2025-11-06 15:58
MV-6E,ROOMCON_INI_241121,957,2025-11-06 15:58,2025-11-06 15:58,2,R35,0,Missing,R1608-J560_OHM,,00000957_2.txt,2025-11-06 15:58,2025-11-06 15:58
MV-6E,ROOMCON_INI_241121,957,2025-11-06 15:58,2025-11-06 15:58,2,R35,1,InsufficientSolder,R1608-J560_OHM,,00000957_2.txt,2025-11-06 15:58,2025-11-06 15:58
MV-6E,ROOMCON_INI_241121,957,2025-11-06 15:58,2025-11-06 15:58,2,R35,2,InsufficientSolder,R1608-J560_OHM,,00000957_2.txt,2025-11-06 15:58,2025-11-06 15:58
MV-6E,ROOMCON_INI_241121,957,2025-11-06 15:58,2025-11-06 15:58,2,R35,3,WrongPart,R1608-J560_OHM,,00000957_2.txt,2025-11-06 15:58,2025-11-06 15:58
MV-6E,ROOMCON_INI_241121,957,2025-11-06 15:58,2025-11-06 15:58,2,R34,0,Missing,R1608-J560_OHM,,00000957_2.txt,2025-11-06 15:58,2025-11-06 15:58
MV-6E,ROOMCON_INI_241121,957,2025-11-06 15:58,2025-11-06 15:58,2,R34,1,InsufficientSolder,R1608-J560_OHM,,00000957_2.txt,2025-11-06 15:58,2025-11-06 15:58
MV-6E,ROOMCON_INI_241121,957,2025-11-06 15:58,2025-11-06 15:58,2,R34,2,InsufficientSolder,R1608-J560_OHM,,00000957_2.txt,2025-11-06 15:58,2025-11-06 15:58
MV-6E,ROOMCON_INI_241121,957,2025-11-06 15:58,2025-11-06 15:58,2,R34,3,WrongPart,R1608-J560_OHM,,00000957_2.txt,2025-11-06 15:58,2025-11-06 15:58
MV-6E,ROOMCON_INI_241121,957,2025-11-06 15:58,2025-11-06 15:58,2,R33,0,Missing,R1608-J560_OHM,,00000957_2.txt,2025-11-06 15:58,2025-11-06 15:58
MV-6E,ROOMCON_INI_241121,957,2025-11-06 15:58,2025-11-06 15:58,2,R33,1,InsufficientSolder,R1608-J560_OHM,,00000957_2.txt,2025-11-06 15:58,2025-11-06 15:58
MV-6E,ROOMCON_INI_241121,957,2025-11-06 15:58,2025-11-06 15:58,2,R33,2,InsufficientSolder,R1608-J560_OHM,,00000957_2.txt,2025-11-06 15:58,2025-11-06 15:58
MV-6E,ROOMCON_INI_241121,957,2025-11-06 15:58,2025-11-06 15:58,2,R33,3,WrongPart,R1608-J560_OHM,,00000957_2.txt,2025-11-06 15:58,2025-11-06 15:58
MV-6E,ROOMCON_INI_241121,957,2025-11-06 15:58,2025-11-06 15:58,2,R32,0,Missing,R1608-J560_OHM,,00000957_2.txt,2025-11-06 15:58,2025-11-06 15:58
MV-6E,ROOMCON_INI_241121,957,2025-11-06 15:58,2025-11-06 15:58,2,R32,1,InsufficientSolder,R1608-J560_OHM,,00000957_2.txt,2025-11-06 15:58,2025-11-06 15:58
MV-6E,ROOMCON_INI_241121,957,2025-11-06 15:58,2025-11-06 15:58,2,R32,2,InsufficientSolder,R1608-J560_OHM,,00000957_2.txt,2025-11-06 15:58,2025-11-06 15:58
MV-6E,ROOMCON_INI_241121,957,2025-11-06 15:58,2025-11-06 15:58,2,R32,3,WrongPart,R1608-J560_OHM,,00000957_2.txt,2025-11-06 15:58,2025-11-06 15:58
MV-6E,ROOMCON_INI_241121,957,2025-11-06 15:58,2025-11-06 15:58,2,R31,0,Missing,R1608-J560_OHM,,00000957_2.txt,2025-11-06 15:58,2025-11-06 15:58
MV-6E,ROOMCON_INI_241121,957,2025-11-06 15:58,2025-11-06 15:58,2,R31,1,InsufficientSolder,R1608-J560_OHM,,00000957_2.txt,2025-11-06 15:58,2025-11-06 15:58
MV-6E,ROOMCON_INI_241121,957,2025-11-06 15:58,2025-11-06 15:58,2,R31,2,InsufficientSolder,R1608-J560_OHM,,00000957_2.txt,2025-11-06 15:58,2025-11-06 15:58
MV-6E,ROOMCON_INI_241121,957,2025-11-06 15:58,2025-11-06 15:58,2,R31,3,WrongPart,R1608-J560_OHM,,00000957_2.txt,2025-11-06 15:58,2025-11-06 15:58
MV-6E,ROOMCON_INI_241121,957,2025-11-06 15:58,2025-11-06 15:58,2,R30,0,Missing,R1608-J560_OHM,,00000957_2.txt,2025-11-06 15:58,2025-11-06 15:58
MV-6E,ROOMCON_INI_241121,957,2025-11-06 15:58,2025-11-06 15:58,2,R30,1,InsufficientSolder,R1608-J560_OHM,,00000957_2.txt,2025-11-06 15:58,2025-11-06 15:58
MV-6E,ROOMCON_INI_241121,957,2025-11-06 15:58,2025-11-06 15:58,2,R30,2,InsufficientSolder,R1608-J560_OHM,,00000957_2.txt,2025-11-06 15:58,2025-11-06 15:58
MV-6E,ROOMCON_INI_241121,957,2025-11-06 15:58,2025-11-06 15:58,2,R30,3,WrongPart,R1608-J560_OHM,,00000957_2.txt,2025-11-06 15:58,2025-11-06 15:58
MV-6E,ROOMCON_INI_241121,957,2025-11-06 15:58,2025-11-06 15:58,2,R22,0,Missing,R2012-J4.7_OHM,,00000957_2.txt,2025-11-06 15:58,2025-11-06 15:58
MV-6E,ROOMCON_INI_241121,957,2025-11-06 15:58,2025-11-06 15:58,2,R22,1,NoSolder,R2012-J4.7_OHM,,00000957_2.txt,2025-11-06 15:58,2025-11-06 15:58
MV-6E,ROOMCON_INI_241121,957,2025-11-06 15:58,2025-11-06 15:58,2,R22,2,InsufficientSolder,R2012-J4.7_OHM,,00000957_2.txt,2025-11-06 15:58,2025-11-06 15:58
MV-6E,ROOMCON_INI_241121,957,2025-11-06 15:58,2025-11-06 15:58,2,R22,3,WrongPart,R2012-J4.7_OHM,,00000957_2.txt,2025-11-06 15:58,2025-11-06 15:58
MV-6E,ROOMCON_INI_241121,957,2025-11-06 15:58,2025-11-06 15:58,2,R21,0,Missing,R1608-J2K_OHM,,00000957_2.txt,2025-11-06 15:58,2025-11-06 15:58
MV-6E,ROOMCON_INI_241121,957,2025-11-06 15:58,2025-11-06 15:58,2,R21,1,InsufficientSolder,R1608-J2K_OHM,,00000957_2.txt,2025-11-06 15:58,2025-11-06 15:58
MV-6E,ROOMCON_INI_241121,957,2025-11-06 15:58,2025-11-06 15:58,2,R21,2,InsufficientSolder,R1608-J2K_OHM,,00000957_2.txt,2025-11-06 15:58,2025-11-06 15:58
MV-6E,ROOMCON_INI_241121,957,2025-11-06 15:58,2025-11-06 15:58,2,R21,3,WrongPart,R1608-J2K_OHM,,00000957_2.txt,2025-11-06 15:58,2025-11-06 15:58
MV-6E,ROOMCON_INI_241121,957,2025-11-06 15:58,2025-11-06 15:58,2,R19,0,Missing,R1608-J10K_OHM,,00000957_2.txt,2025-11-06 15:58,2025-11-06 15:58
MV-6E,ROOMCON_INI_241121,957,2025-11-06 15:58,2025-11-06 15:58,2,R19,1,InsufficientSolder,R1608-J10K_OHM,,00000957_2.txt,2025-11-06 15:58,2025-11-06 15:58
MV-6E,ROOMCON_INI_241121,957,2025-11-06 15:58,2025-11-06 15:58,2,R19,2,InsufficientSolder,R1608-J10K_OHM,,00000957_2.txt,2025-11-06 15:58,2025-11-06 15:58
MV-6E,ROOMCON_INI_241121,957,2025-11-06 15:58,2025-11-06 15:58,2,R19,3,WrongPart,R1608-J10K_OHM,,00000957_2.txt,2025-11-06 15:58,2025-11-06 15:58
MV-6E,ROOMCON_INI_241121,957,2025-11-06 15:58,2025-11-06 15:58,2,R15,0,Missing,R1608-J2K_OHM,,00000957_2.txt,2025-11-06 15:58,2025-11-06 15:58
MV-6E,ROOMCON_INI_241121,957,2025-11-06 15:58,2025-11-06 15:58,2,R15,1,InsufficientSolder,R1608-J2K_OHM,,00000957_2.txt,2025-11-06 15:58,2025-11-06 15:58
MV-6E,ROOMCON_INI_241121,957,2025-11-06 15:58,2025-11-06 15:58,2,R15,2,InsufficientSolder,R1608-J2K_OHM,,00000957_2.txt,2025-11-06 15:58,2025-11-06 15:58
MV-6E,ROOMCON_INI_241121,957,2025-11-06 15:58,2025-11-06 15:58,2,R15,3,WrongPart,R1608-J2K_OHM,,00000957_2.txt,2025-11-06 15:58,2025-11-06 15:58
MV-6E,ROOMCON_INI_241121,957,2025-11-06 15:58,2025-11-06 15:58,2,R14,0,Missing,R1608-100K_OHM,,00000957_2.txt,2025-11-06 15:58,2025-11-06 15:58
MV-6E,ROOMCON_INI_241121,957,2025-11-06 15:58,2025-11-06 15:58,2,R14,1,NoSolder,R1608-100K_OHM,,00000957_2.txt,2025-11-06 15:58,2025-11-06 15:58
MV-6E,ROOMCON_INI_241121,957,2025-11-06 15:58,2025-11-06 15:58,2,R14,2,NoSolder,R1608-100K_OHM,,00000957_2.txt,2025-11-06 15:58,2025-11-06 15:58
MV-6E,ROOMCON_INI_241121,957,2025-11-06 15:58,2025-11-06 15:58,2,R14,3,WrongPart,R1608-100K_OHM,,00000957_2.txt,2025-11-06 15:58,2025-11-06 15:58
MV-6E,ROOMCON_INI_241121,957,2025-11-06 15:58,2025-11-06 15:58,2,R1,0,Missing,R1608-J10K_OHM,,00000957_2.txt,2025-11-06 15:58,2025-11-06 15:58
MV-6E,ROOMCON_INI_241121,957,2025-11-06 15:58,2025-11-06 15:58,2,R1,1,InsufficientSolder,R1608-J10K_OHM,,00000957_2.txt,2025-11-06 15:58,2025-11-06 15:58
MV-6E,ROOMCON_INI_241121,957,2025-11-06 15:58,2025-11-06 15:58,2,R1,2,InsufficientSolder,R1608-J10K_OHM,,00000957_2.txt,2025-11-06 15:58,2025-11-06 15:58
MV-6E,ROOMCON_INI_241121,957,2025-11-06 15:58,2025-11-06 15:58,2,R1,3,WrongPart,R1608-J10K_OHM,,00000957_2.txt,2025-11-06 15:58,2025-11-06 15:58
MV-6E,ROOMCON_INI_241121,957,2025-11-06 15:58,2025-11-06 15:58,2,Q1,0,Missing,KRC102S,,00000957_2.txt,2025-11-06 15:58,2025-11-06 15:58
MV-6E,ROOMCON_INI_241121,957,2025-11-06 15:58,2025-11-06 15:58,2,Q1,1,InsufficientSolder,KRC102S,,00000957_2.txt,2025-11-06 15:58,2025-11-06 15:58
MV-6E,ROOMCON_INI_241121,957,2025-11-06 15:58,2025-11-06 15:58,2,Q1,4,WrongPart,KRC102S,,00000957_2.txt,2025-11-06 15:58,2025-11-06 15:58
MV-6E,ROOMCON_INI_241121,957,2025-11-06 15:58,2025-11-06 15:58,2,FET1,0,Missing,RU207C,,00000957_2.txt,2025-11-06 15:58,2025-11-06 15:58
MV-6E,ROOMCON_INI_241121,957,2025-11-06 15:58,2025-11-06 15:58,2,FET1,1,InsufficientSolder,RU207C,,00000957_2.txt,2025-11-06 15:58,2025-11-06 15:58
MV-6E,ROOMCON_INI_241121,957,2025-11-06 15:58,2025-11-06 15:58,2,FET1,2,InsufficientSolder,RU207C,,00000957_2.txt,2025-11-06 15:58,2025-11-06 15:58
MV-6E,ROOMCON_INI_241121,957,2025-11-06 15:58,2025-11-06 15:58,2,FET1,3,InsufficientSolder,RU207C,,00000957_2.txt,2025-11-06 15:58,2025-11-06 15:58
MV-6E,ROOMCON_INI_241121,957,2025-11-06 15:58,2025-11-06 15:58,2,D7,0,Missing,LL4148,,00000957_2.txt,2025-11-06 15:58,2025-11-06 15:58
MV-6E,ROOMCON_INI_241121,957,2025-11-06 15:58,2025-11-06 15:58,2,D7,2,NoSolder,LL4148,,00000957_2.txt,2025-11-06 15:58,2025-11-06 15:58
MV-6E,ROOMCON_INI_241121,957,2025-11-06 15:58,2025-11-06 15:58,2,D6,0,Missing,LL4148,,00000957_2.txt,2025-11-06 15:58,2025-11-06 15:58
MV-6E,ROOMCON_INI_241121,957,2025-11-06 15:58,2025-11-06 15:58,2,D6,2,NoSolder,LL4148,,00000957_2.txt,2025-11-06 15:58,2025-11-06 15:58
MV-6E,ROOMCON_INI_241121,957,2025-11-06 15:58,2025-11-06 15:58,2,D5,0,Missing,LL4148,,00000957_2.txt,2025-11-06 15:58,2025-11-06 15:58
MV-6E,ROOMCON_INI_241121,957,2025-11-06 15:58,2025-11-06 15:58,2,D5,2,NoSolder,LL4148,,00000957_2.txt,2025-11-06 15:58,2025-11-06 15:58
MV-6E,ROOMCON_INI_241121,957,2025-11-06 15:58,2025-11-06 15:58,2,D4,0,Missing,M4,,00000957_2.txt,2025-11-06 15:58,2025-11-06 15:58
MV-6E,ROOMCON_INI_241121,957,2025-11-06 15:58,2025-11-06 15:58,2,D4,1,InsufficientSolder,M4,,00000957_2.txt,2025-11-06 15:58,2025-11-06 15:58
MV-6E,ROOMCON_INI_241121,957,2025-11-06 15:58,2025-11-06 15:58,2,D4,2,InsufficientSolder,M4,,00000957_2.txt,2025-11-06 15:58,2025-11-06 15:58
MV-6E,ROOMCON_INI_241121,957,2025-11-06 15:58,2025-11-06 15:58,2,D3,0,Missing,M4,,00000957_2.txt,2025-11-06 15:58,2025-11-06 15:58
MV-6E,ROOMCON_INI_241121,957,2025-11-06 15:58,2025-11-06 15:58,2,D3,1,InsufficientSolder,M4,,00000957_2.txt,2025-11-06 15:58,2025-11-06 15:58
MV-6E,ROOMCON_INI_241121,957,2025-11-06 15:58,2025-11-06 15:58,2,D3,2,InsufficientSolder,M4,,00000957_2.txt,2025-11-06 15:58,2025-11-06 15:58
MV-6E,ROOMCON_INI_241121,957,2025-11-06 15:58,2025-11-06 15:58,2,D2,0,Missing,M4,,00000957_2.txt,2025-11-06 15:58,2025-11-06 15:58
MV-6E,ROOMCON_INI_241121,957,2025-11-06 15:58,2025-11-06 15:58,2,D2,1,InsufficientSolder,M4,,00000957_2.txt,2025-11-06 15:58,2025-11-06 15:58
MV-6E,ROOMCON_INI_241121,957,2025-11-06 15:58,2025-11-06 15:58,2,D2,2,InsufficientSolder,M4,,00000957_2.txt,2025-11-06 15:58,2025-11-06 15:58
MV-6E,ROOMCON_INI_241121,957,2025-11-06 15:58,2025-11-06 15:58,2,D1,0,Missing,M4,,00000957_2.txt,2025-11-06 15:58,2025-11-06 15:58
MV-6E,ROOMCON_INI_241121,957,2025-11-06 15:58,2025-11-06 15:58,2,D1,1,InsufficientSolder,M4,,00000957_2.txt,2025-11-06 15:58,2025-11-06 15:58
MV-6E,ROOMCON_INI_241121,957,2025-11-06 15:58,2025-11-06 15:58,2,D1,2,InsufficientSolder,M4,,00000957_2.txt,2025-11-06 15:58,2025-11-06 15:58
MV-6E,ROOMCON_INI_241121,957,2025-11-06 15:58,2025-11-06 15:58,2,C9,0,Missing,C1608-100nF_50V_10%,,00000957_2.txt,2025-11-06 15:58,2025-11-06 15:58
MV-6E,ROOMCON_INI_241121,957,2025-11-06 15:58,2025-11-06 15:58,2,C9,1,NoSolder,C1608-100nF_50V_10%,,00000957_2.txt,2025-11-06 15:58,2025-11-06 15:58
MV-6E,ROOMCON_INI_241121,957,2025-11-06 15:58,2025-11-06 15:58,2,C9,2,NoSolder,C1608-100nF_50V_10%,,00000957_2.txt,2025-11-06 15:58,2025-11-06 15:58
MV-6E,ROOMCON_INI_241121,957,2025-11-06 15:58,2025-11-06 15:58,2,C6,0,Missing,C2012-10uF_16V_10%,,00000957_2.txt,2025-11-06 15:58,2025-11-06 15:58
MV-6E,ROOMCON_INI_241121,957,2025-11-06 15:58,2025-11-06 15:58,2,C6,1,NoSolder,C2012-10uF_16V_10%,,00000957_2.txt,2025-11-06 15:58,2025-11-06 15:58
MV-6E,ROOMCON_INI_241121,957,2025-11-06 15:58,2025-11-06 15:58,2,C6,2,NoSolder,C2012-10uF_16V_10%,,00000957_2.txt,2025-11-06 15:58,2025-11-06 15:58
MV-6E,ROOMCON_INI_241121,957,2025-11-06 15:58,2025-11-06 15:58,2,C5,0,Missing,C1608-3pF_50V_10%,,00000957_2.txt,2025-11-06 15:58,2025-11-06 15:58
MV-6E,ROOMCON_INI_241121,957,2025-11-06 15:58,2025-11-06 15:58,2,C5,1,NoSolder,C1608-3pF_50V_10%,,00000957_2.txt,2025-11-06 15:58,2025-11-06 15:58
MV-6E,ROOMCON_INI_241121,957,2025-11-06 15:58,2025-11-06 15:58,2,C5,2,NoSolder,C1608-3pF_50V_10%,,00000957_2.txt,2025-11-06 15:58,2025-11-06 15:58
MV-6E,ROOMCON_INI_241121,957,2025-11-06 15:58,2025-11-06 15:58,2,C4,0,Missing,C2012-10uF_16V_10%,,00000957_2.txt,2025-11-06 15:58,2025-11-06 15:58
MV-6E,ROOMCON_INI_241121,957,2025-11-06 15:58,2025-11-06 15:58,2,C4,1,NoSolder,C2012-10uF_16V_10%,,00000957_2.txt,2025-11-06 15:58,2025-11-06 15:58
MV-6E,ROOMCON_INI_241121,957,2025-11-06 15:58,2025-11-06 15:58,2,C4,2,NoSolder,C2012-10uF_16V_10%,,00000957_2.txt,2025-11-06 15:58,2025-11-06 15:58
MV-6E,ROOMCON_INI_241121,957,2025-11-06 15:58,2025-11-06 15:58,2,C3,0,Missing,C1608-100nF_50V_10%,,00000957_2.txt,2025-11-06 15:58,2025-11-06 15:58
MV-6E,ROOMCON_INI_241121,957,2025-11-06 15:58,2025-11-06 15:58,2,C3,1,NoSolder,C1608-100nF_50V_10%,,00000957_2.txt,2025-11-06 15:58,2025-11-06 15:58
MV-6E,ROOMCON_INI_241121,957,2025-11-06 15:58,2025-11-06 15:58,2,C3,2,NoSolder,C1608-100nF_50V_10%,,00000957_2.txt,2025-11-06 15:58,2025-11-06 15:58
MV-6E,ROOMCON_INI_241121,957,2025-11-06 15:58,2025-11-06 15:58,2,C2,0,Missing,C1608-100nF_50V_10%,,00000957_2.txt,2025-11-06 15:58,2025-11-06 15:58
MV-6E,ROOMCON_INI_241121,957,2025-11-06 15:58,2025-11-06 15:58,2,C2,1,NoSolder,C1608-100nF_50V_10%,,00000957_2.txt,2025-11-06 15:58,2025-11-06 15:58
MV-6E,ROOMCON_INI_241121,957,2025-11-06 15:58,2025-11-06 15:58,2,C2,2,NoSolder,C1608-100nF_50V_10%,,00000957_2.txt,2025-11-06 15:58,2025-11-06 15:58
MV-6E,ROOMCON_INI_241121,957,2025-11-06 15:58,2025-11-06 15:58,2,C10,0,Missing,C1608-100nF_50V_10%,,00000957_2.txt,2025-11-06 15:58,2025-11-06 15:58
MV-6E,ROOMCON_INI_241121,957,2025-11-06 15:58,2025-11-06 15:58,2,C10,1,NoSolder,C1608-100nF_50V_10%,,00000957_2.txt,2025-11-06 15:58,2025-11-06 15:58
MV-6E,ROOMCON_INI_241121,957,2025-11-06 15:58,2025-11-06 15:58,2,C10,2,NoSolder,C1608-100nF_50V_10%,,00000957_2.txt,2025-11-06 15:58,2025-11-06 15:58
MV-6E,ROOMCON_INI_241121,957,2025-11-06 15:58,2025-11-06 15:58,2,C1,0,Missing,C1608-100nF_50V_10%,,00000957_2.txt,2025-11-06 15:58,2025-11-06 15:58
MV-6E,ROOMCON_INI_241121,957,2025-11-06 15:58,2025-11-06 15:58,2,C1,1,NoSolder,C1608-100nF_50V_10%,,00000957_2.txt,2025-11-06 15:58,2025-11-06 15:58
MV-6E,ROOMCON_INI_241121,957,2025-11-06 15:58,2025-11-06 15:58,2,C1,2,NoSolder,C1608-100nF_50V_10%,,00000957_2.txt,2025-11-06 15:58,2025-11-06 15:58
MV-6E,ROOMCON_INI_241121,957,2025-11-06 15:58,2025-11-06 15:58,2,R11,0,Missing,R1608-J10K_OHM,,00000957_2.txt,2025-11-06 15:58,2025-11-06 15:58
MV-6E,ROOMCON_INI_241121,957,2025-11-06 15:58,2025-11-06 15:58,2,R11,1,InsufficientSolder,R1608-J10K_OHM,,00000957_2.txt,2025-11-06 15:58,2025-11-06 15:58
MV-6E,ROOMCON_INI_241121,957,2025-11-06 15:58,2025-11-06 15:58,2,R11,2,InsufficientSolder,R1608-J10K_OHM,,00000957_2.txt,2025-11-06 15:58,2025-11-06 15:58
MV-6E,ROOMCON_INI_241121,957,2025-11-06 15:58,2025-11-06 15:58,2,R11,3,WrongPart,R1608-J10K_OHM,,00000957_2.txt,2025-11-06 15:58,2025-11-06 15:58
MV-6E,ROOMCON_INI_241121,957,2025-11-06 15:58,2025-11-06 15:58,2,LD1,0,Missing,LED2012_RED,,00000957_2.txt,2025-11-06 15:58,2025-11-06 15:58
MV-6E,ROOMCON_INI_241121,957,2025-11-06 15:58,2025-11-06 15:58,2,LD1,1,InsufficientSolder,LED2012_RED,,00000957_2.txt,2025-11-06 15:58,2025-11-06 15:58
MV-6E,ROOMCON_INI_241121,957,2025-11-06 15:58,2025-11-06 15:58,2,LD1,2,InsufficientSolder,LED2012_RED,,00000957_2.txt,2025-11-06 15:58,2025-11-06 15:58
MV-6E,ROOMCON_INI_241121,958,2025-11-06 16:05,2025-11-06 16:05,0,U4,0,Missing,GTC08L-SO,,00000958_2.txt,2025-11-06 16:05,2025-11-06 16:05
MV-6E,ROOMCON_INI_241121,958,2025-11-06 16:05,2025-11-06 16:05,0,U4,1,Bridge,GTC08L-SO,,00000958_2.txt,2025-11-06 16:05,2025-11-06 16:05
MV-6E,ROOMCON_INI_241121,958,2025-11-06 16:05,2025-11-06 16:05,0,U4,2,Bridge,GTC08L-SO,,00000958_2.txt,2025-11-06 16:05,2025-11-06 16:05
MV-6E,ROOMCON_INI_241121,958,2025-11-06 16:05,2025-11-06 16:05,0,U4,3,WrongPart,GTC08L-SO,,00000958_2.txt,2025-11-06 16:05,2025-11-06 16:05
MV-6E,ROOMCON_INI_241121,958,2025-11-06 16:05,2025-11-06 16:05,0,U2,0,Missing,IL1117C-5.0V,,00000958_2.txt,2025-11-06 16:05,2025-11-06 16:05
MV-6E,ROOMCON_INI_241121,958,2025-11-06 16:05,2025-11-06 16:05,0,U2,1,Bridge,IL1117C-5.0V,,00000958_2.txt,2025-11-06 16:05,2025-11-06 16:05
MV-6E,ROOMCON_INI_241121,958,2025-11-06 16:05,2025-11-06 16:05,0,U2,2,InsufficientSolder,IL1117C-5.0V,,00000958_2.txt,2025-11-06 16:05,2025-11-06 16:05
MV-6E,ROOMCON_INI_241121,958,2025-11-06 16:05,2025-11-06 16:05,0,U2,3,WrongPart,IL1117C-5.0V,,00000958_2.txt,2025-11-06 16:05,2025-11-06 16:05
MV-6E,ROOMCON_INI_241121,958,2025-11-06 16:05,2025-11-06 16:05,0,U1,0,Missing,MC96F6432Q,,00000958_2.txt,2025-11-06 16:05,2025-11-06 16:05
MV-6E,ROOMCON_INI_241121,958,2025-11-06 16:05,2025-11-06 16:05,0,U1,1,Bridge,MC96F6432Q,,00000958_2.txt,2025-11-06 16:05,2025-11-06 16:05
MV-6E,ROOMCON_INI_241121,958,2025-11-06 16:05,2025-11-06 16:05,0,U1,2,Bridge,MC96F6432Q,,00000958_2.txt,2025-11-06 16:05,2025-11-06 16:05
MV-6E,ROOMCON_INI_241121,958,2025-11-06 16:05,2025-11-06 16:05,0,U1,3,Bridge,MC96F6432Q,,00000958_2.txt,2025-11-06 16:05,2025-11-06 16:05
MV-6E,ROOMCON_INI_241121,958,2025-11-06 16:05,2025-11-06 16:05,0,U1,4,Bridge,MC96F6432Q,,00000958_2.txt,2025-11-06 16:05,2025-11-06 16:05
MV-6E,ROOMCON_INI_241121,958,2025-11-06 16:05,2025-11-06 16:05,0,U1,5,WrongPart,MC96F6432Q,,00000958_2.txt,2025-11-06 16:05,2025-11-06 16:05
MV-6E,ROOMCON_INI_241121,958,2025-11-06 16:05,2025-11-06 16:05,0,R9,0,Missing,R1608-J10K_OHM,,00000958_2.txt,2025-11-06 16:05,2025-11-06 16:05
MV-6E,ROOMCON_INI_241121,958,2025-11-06 16:05,2025-11-06 16:05,0,R9,1,InsufficientSolder,R1608-J10K_OHM,,00000958_2.txt,2025-11-06 16:05,2025-11-06 16:05
MV-6E,ROOMCON_INI_241121,958,2025-11-06 16:05,2025-11-06 16:05,0,R9,2,InsufficientSolder,R1608-J10K_OHM,,00000958_2.txt,2025-11-06 16:05,2025-11-06 16:05
MV-6E,ROOMCON_INI_241121,958,2025-11-06 16:05,2025-11-06 16:05,0,R9,3,WrongPart,R1608-J10K_OHM,,00000958_2.txt,2025-11-06 16:05,2025-11-06 16:05
MV-6E,ROOMCON_INI_241121,958,2025-11-06 16:05,2025-11-06 16:05,0,R8,0,Missing,R2012-J330_OHM,,00000958_2.txt,2025-11-06 16:05,2025-11-06 16:05
MV-6E,ROOMCON_INI_241121,958,2025-11-06 16:05,2025-11-06 16:05,0,R8,1,NoSolder,R2012-J330_OHM,,00000958_2.txt,2025-11-06 16:05,2025-11-06 16:05
MV-6E,ROOMCON_INI_241121,958,2025-11-06 16:05,2025-11-06 16:05,0,R8,2,NoSolder,R2012-J330_OHM,,00000958_2.txt,2025-11-06 16:05,2025-11-06 16:05
MV-6E,ROOMCON_INI_241121,958,2025-11-06 16:05,2025-11-06 16:05,0,R8,3,WrongPart,R2012-J330_OHM,,00000958_2.txt,2025-11-06 16:05,2025-11-06 16:05
MV-6E,ROOMCON_INI_241121,958,2025-11-06 16:05,2025-11-06 16:05,0,R41,0,Missing,R1608-J560_OHM,,00000958_2.txt,2025-11-06 16:05,2025-11-06 16:05
MV-6E,ROOMCON_INI_241121,958,2025-11-06 16:05,2025-11-06 16:05,0,R41,1,InsufficientSolder,R1608-J560_OHM,,00000958_2.txt,2025-11-06 16:05,2025-11-06 16:05
MV-6E,ROOMCON_INI_241121,958,2025-11-06 16:05,2025-11-06 16:05,0,R41,2,InsufficientSolder,R1608-J560_OHM,,00000958_2.txt,2025-11-06 16:05,2025-11-06 16:05
MV-6E,ROOMCON_INI_241121,958,2025-11-06 16:05,2025-11-06 16:05,0,R41,3,WrongPart,R1608-J560_OHM,,00000958_2.txt,2025-11-06 16:05,2025-11-06 16:05
MV-6E,ROOMCON_INI_241121,958,2025-11-06 16:05,2025-11-06 16:05,0,R36,0,Missing,R1608-J560_OHM,,00000958_2.txt,2025-11-06 16:05,2025-11-06 16:05
MV-6E,ROOMCON_INI_241121,958,2025-11-06 16:05,2025-11-06 16:05,0,R36,1,InsufficientSolder,R1608-J560_OHM,,00000958_2.txt,2025-11-06 16:05,2025-11-06 16:05
MV-6E,ROOMCON_INI_241121,958,2025-11-06 16:05,2025-11-06 16:05,0,R36,2,InsufficientSolder,R1608-J560_OHM,,00000958_2.txt,2025-11-06 16:05,2025-11-06 16:05
MV-6E,ROOMCON_INI_241121,958,2025-11-06 16:05,2025-11-06 16:05,0,R36,3,WrongPart,R1608-J560_OHM,,00000958_2.txt,2025-11-06 16:05,2025-11-06 16:05
MV-6E,ROOMCON_INI_241121,958,2025-11-06 16:05,2025-11-06 16:05,0,R35,0,Missing,R1608-J560_OHM,,00000958_2.txt,2025-11-06 16:05,2025-11-06 16:05
MV-6E,ROOMCON_INI_241121,958,2025-11-06 16:05,2025-11-06 16:05,0,R35,1,InsufficientSolder,R1608-J560_OHM,,00000958_2.txt,2025-11-06 16:05,2025-11-06 16:05
MV-6E,ROOMCON_INI_241121,958,2025-11-06 16:05,2025-11-06 16:05,0,R35,2,InsufficientSolder,R1608-J560_OHM,,00000958_2.txt,2025-11-06 16:05,2025-11-06 16:05
MV-6E,ROOMCON_INI_241121,958,2025-11-06 16:05,2025-11-06 16:05,0,R35,3,WrongPart,R1608-J560_OHM,,00000958_2.txt,2025-11-06 16:05,2025-11-06 16:05
MV-6E,ROOMCON_INI_241121,958,2025-11-06 16:05,2025-11-06 16:05,0,R34,0,Missing,R1608-J560_OHM,,00000958_2.txt,2025-11-06 16:05,2025-11-06 16:05
MV-6E,ROOMCON_INI_241121,958,2025-11-06 16:05,2025-11-06 16:05,0,R34,1,InsufficientSolder,R1608-J560_OHM,,00000958_2.txt,2025-11-06 16:05,2025-11-06 16:05
MV-6E,ROOMCON_INI_241121,958,2025-11-06 16:05,2025-11-06 16:05,0,R34,2,InsufficientSolder,R1608-J560_OHM,,00000958_2.txt,2025-11-06 16:05,2025-11-06 16:05
MV-6E,ROOMCON_INI_241121,958,2025-11-06 16:05,2025-11-06 16:05,0,R34,3,WrongPart,R1608-J560_OHM,,00000958_2.txt,2025-11-06 16:05,2025-11-06 16:05
MV-6E,ROOMCON_INI_241121,958,2025-11-06 16:05,2025-11-06 16:05,0,R33,0,Missing,R1608-J560_OHM,,00000958_2.txt,2025-11-06 16:05,2025-11-06 16:05
MV-6E,ROOMCON_INI_241121,958,2025-11-06 16:05,2025-11-06 16:05,0,R33,1,InsufficientSolder,R1608-J560_OHM,,00000958_2.txt,2025-11-06 16:05,2025-11-06 16:05
MV-6E,ROOMCON_INI_241121,958,2025-11-06 16:05,2025-11-06 16:05,0,R33,2,InsufficientSolder,R1608-J560_OHM,,00000958_2.txt,2025-11-06 16:05,2025-11-06 16:05
MV-6E,ROOMCON_INI_241121,958,2025-11-06 16:05,2025-11-06 16:05,0,R33,3,WrongPart,R1608-J560_OHM,,00000958_2.txt,2025-11-06 16:05,2025-11-06 16:05
MV-6E,ROOMCON_INI_241121,958,2025-11-06 16:05,2025-11-06 16:05,0,R32,0,Missing,R1608-J560_OHM,,00000958_2.txt,2025-11-06 16:05,2025-11-06 16:05
MV-6E,ROOMCON_INI_241121,958,2025-11-06 16:05,2025-11-06 16:05,0,R32,1,InsufficientSolder,R1608-J560_OHM,,00000958_2.txt,2025-11-06 16:05,2025-11-06 16:05
MV-6E,ROOMCON_INI_241121,958,2025-11-06 16:05,2025-11-06 16:05,0,R32,2,InsufficientSolder,R1608-J560_OHM,,00000958_2.txt,2025-11-06 16:05,2025-11-06 16:05
MV-6E,ROOMCON_INI_241121,958,2025-11-06 16:05,2025-11-06 16:05,0,R32,3,WrongPart,R1608-J560_OHM,,00000958_2.txt,2025-11-06 16:05,2025-11-06 16:05
MV-6E,ROOMCON_INI_241121,958,2025-11-06 16:05,2025-11-06 16:05,0,R31,0,Missing,R1608-J560_OHM,,00000958_2.txt,2025-11-06 16:05,2025-11-06 16:05
MV-6E,ROOMCON_INI_241121,958,2025-11-06 16:05,2025-11-06 16:05,0,R31,1,InsufficientSolder,R1608-J560_OHM,,00000958_2.txt,2025-11-06 16:05,2025-11-06 16:05
MV-6E,ROOMCON_INI_241121,958,2025-11-06 16:05,2025-11-06 16:05,0,R31,2,InsufficientSolder,R1608-J560_OHM,,00000958_2.txt,2025-11-06 16:05,2025-11-06 16:05
MV-6E,ROOMCON_INI_241121,958,2025-11-06 16:05,2025-11-06 16:05,0,R31,3,WrongPart,R1608-J560_OHM,,00000958_2.txt,2025-11-06 16:05,2025-11-06 16:05
MV-6E,ROOMCON_INI_241121,958,2025-11-06 16:05,2025-11-06 16:05,0,R30,0,Missing,R1608-J560_OHM,,00000958_2.txt,2025-11-06 16:05,2025-11-06 16:05
MV-6E,ROOMCON_INI_241121,958,2025-11-06 16:05,2025-11-06 16:05,0,R30,1,InsufficientSolder,R1608-J560_OHM,,00000958_2.txt,2025-11-06 16:05,2025-11-06 16:05
MV-6E,ROOMCON_INI_241121,958,2025-11-06 16:05,2025-11-06 16:05,0,R30,2,InsufficientSolder,R1608-J560_OHM,,00000958_2.txt,2025-11-06 16:05,2025-11-06 16:05
MV-6E,ROOMCON_INI_241121,958,2025-11-06 16:05,2025-11-06 16:05,0,R30,3,WrongPart,R1608-J560_OHM,,00000958_2.txt,2025-11-06 16:05,2025-11-06 16:05
MV-6E,ROOMCON_INI_241121,958,2025-11-06 16:05,2025-11-06 16:05,0,R22,0,Missing,R2012-J4.7_OHM,,00000958_2.txt,2025-11-06 16:05,2025-11-06 16:05
MV-6E,ROOMCON_INI_241121,958,2025-11-06 16:05,2025-11-06 16:05,0,R22,1,NoSolder,R2012-J4.7_OHM,,00000958_2.txt,2025-11-06 16:05,2025-11-06 16:05
MV-6E,ROOMCON_INI_241121,958,2025-11-06 16:05,2025-11-06 16:05,0,R22,2,InsufficientSolder,R2012-J4.7_OHM,,00000958_2.txt,2025-11-06 16:05,2025-11-06 16:05
MV-6E,ROOMCON_INI_241121,958,2025-11-06 16:05,2025-11-06 16:05,0,R22,3,WrongPart,R2012-J4.7_OHM,,00000958_2.txt,2025-11-06 16:05,2025-11-06 16:05
MV-6E,ROOMCON_INI_241121,958,2025-11-06 16:05,2025-11-06 16:05,0,R21,0,Missing,R1608-J2K_OHM,,00000958_2.txt,2025-11-06 16:05,2025-11-06 16:05
MV-6E,ROOMCON_INI_241121,958,2025-11-06 16:05,2025-11-06 16:05,0,R21,1,InsufficientSolder,R1608-J2K_OHM,,00000958_2.txt,2025-11-06 16:05,2025-11-06 16:05
MV-6E,ROOMCON_INI_241121,958,2025-11-06 16:05,2025-11-06 16:05,0,R21,2,InsufficientSolder,R1608-J2K_OHM,,00000958_2.txt,2025-11-06 16:05,2025-11-06 16:05
MV-6E,ROOMCON_INI_241121,958,2025-11-06 16:05,2025-11-06 16:05,0,R21,3,WrongPart,R1608-J2K_OHM,,00000958_2.txt,2025-11-06 16:05,2025-11-06 16:05
MV-6E,ROOMCON_INI_241121,958,2025-11-06 16:05,2025-11-06 16:05,0,R19,0,Missing,R1608-J10K_OHM,,00000958_2.txt,2025-11-06 16:05,2025-11-06 16:05
MV-6E,ROOMCON_INI_241121,958,2025-11-06 16:05,2025-11-06 16:05,0,R19,1,InsufficientSolder,R1608-J10K_OHM,,00000958_2.txt,2025-11-06 16:05,2025-11-06 16:05
MV-6E,ROOMCON_INI_241121,958,2025-11-06 16:05,2025-11-06 16:05,0,R19,2,InsufficientSolder,R1608-J10K_OHM,,00000958_2.txt,2025-11-06 16:05,2025-11-06 16:05
MV-6E,ROOMCON_INI_241121,958,2025-11-06 16:05,2025-11-06 16:05,0,R19,3,WrongPart,R1608-J10K_OHM,,00000958_2.txt,2025-11-06 16:05,2025-11-06 16:05
MV-6E,ROOMCON_INI_241121,958,2025-11-06 16:05,2025-11-06 16:05,0,R15,0,Missing,R1608-J2K_OHM,,00000958_2.txt,2025-11-06 16:05,2025-11-06 16:05
MV-6E,ROOMCON_INI_241121,958,2025-11-06 16:05,2025-11-06 16:05,0,R15,1,InsufficientSolder,R1608-J2K_OHM,,00000958_2.txt,2025-11-06 16:05,2025-11-06 16:05
MV-6E,ROOMCON_INI_241121,958,2025-11-06 16:05,2025-11-06 16:05,0,R15,2,InsufficientSolder,R1608-J2K_OHM,,00000958_2.txt,2025-11-06 16:05,2025-11-06 16:05
MV-6E,ROOMCON_INI_241121,958,2025-11-06 16:05,2025-11-06 16:05,0,R15,3,WrongPart,R1608-J2K_OHM,,00000958_2.txt,2025-11-06 16:05,2025-11-06 16:05
MV-6E,ROOMCON_INI_241121,958,2025-11-06 16:05,2025-11-06 16:05,0,R14,0,Missing,R1608-100K_OHM,,00000958_2.txt,2025-11-06 16:05,2025-11-06 16:05
MV-6E,ROOMCON_INI_241121,958,2025-11-06 16:05,2025-11-06 16:05,0,R14,1,NoSolder,R1608-100K_OHM,,00000958_2.txt,2025-11-06 16:05,2025-11-06 16:05
MV-6E,ROOMCON_INI_241121,958,2025-11-06 16:05,2025-11-06 16:05,0,R14,2,NoSolder,R1608-100K_OHM,,00000958_2.txt,2025-11-06 16:05,2025-11-06 16:05
MV-6E,ROOMCON_INI_241121,958,2025-11-06 16:05,2025-11-06 16:05,0,R14,3,WrongPart,R1608-100K_OHM,,00000958_2.txt,2025-11-06 16:05,2025-11-06 16:05
MV-6E,ROOMCON_INI_241121,958,2025-11-06 16:05,2025-11-06 16:05,0,R11,0,Missing,R1608-J10K_OHM,,00000958_2.txt,2025-11-06 16:05,2025-11-06 16:05
MV-6E,ROOMCON_INI_241121,958,2025-11-06 16:05,2025-11-06 16:05,0,R11,1,InsufficientSolder,R1608-J10K_OHM,,00000958_2.txt,2025-11-06 16:05,2025-11-06 16:05
MV-6E,ROOMCON_INI_241121,958,2025-11-06 16:05,2025-11-06 16:05,0,R11,2,InsufficientSolder,R1608-J10K_OHM,,00000958_2.txt,2025-11-06 16:05,2025-11-06 16:05
MV-6E,ROOMCON_INI_241121,958,2025-11-06 16:05,2025-11-06 16:05,0,R11,3,WrongPart,R1608-J10K_OHM,,00000958_2.txt,2025-11-06 16:05,2025-11-06 16:05
MV-6E,ROOMCON_INI_241121,958,2025-11-06 16:05,2025-11-06 16:05,0,R1,0,Missing,R1608-J10K_OHM,,00000958_2.txt,2025-11-06 16:05,2025-11-06 16:05
MV-6E,ROOMCON_INI_241121,958,2025-11-06 16:05,2025-11-06 16:05,0,R1,1,InsufficientSolder,R1608-J10K_OHM,,00000958_2.txt,2025-11-06 16:05,2025-11-06 16:05
MV-6E,ROOMCON_INI_241121,958,2025-11-06 16:05,2025-11-06 16:05,0,R1,2,InsufficientSolder,R1608-J10K_OHM,,00000958_2.txt,2025-11-06 16:05,2025-11-06 16:05
MV-6E,ROOMCON_INI_241121,958,2025-11-06 16:05,2025-11-06 16:05,0,R1,3,WrongPart,R1608-J10K_OHM,,00000958_2.txt,2025-11-06 16:05,2025-11-06 16:05
MV-6E,ROOMCON_INI_241121,958,2025-11-06 16:05,2025-11-06 16:05,0,Q1,0,Missing,KRC102S,,00000958_2.txt,2025-11-06 16:05,2025-11-06 16:05
MV-6E,ROOMCON_INI_241121,958,2025-11-06 16:05,2025-11-06 16:05,0,Q1,1,InsufficientSolder,KRC102S,,00000958_2.txt,2025-11-06 16:05,2025-11-06 16:05
MV-6E,ROOMCON_INI_241121,958,2025-11-06 16:05,2025-11-06 16:05,0,Q1,2,InsufficientSolder,KRC102S,,00000958_2.txt,2025-11-06 16:05,2025-11-06 16:05
MV-6E,ROOMCON_INI_241121,958,2025-11-06 16:05,2025-11-06 16:05,0,Q1,3,InsufficientSolder,KRC102S,,00000958_2.txt,2025-11-06 16:05,2025-11-06 16:05
MV-6E,ROOMCON_INI_241121,958,2025-11-06 16:05,2025-11-06 16:05,0,Q1,4,WrongPart,KRC102S,,00000958_2.txt,2025-11-06 16:05,2025-11-06 16:05
MV-6E,ROOMCON_INI_241121,958,2025-11-06 16:05,2025-11-06 16:05,0,LD1,0,Missing,LED2012_RED,,00000958_2.txt,2025-11-06 16:05,2025-11-06 16:05
MV-6E,ROOMCON_INI_241121,958,2025-11-06 16:05,2025-11-06 16:05,0,LD1,1,InsufficientSolder,LED2012_RED,,00000958_2.txt,2025-11-06 16:05,2025-11-06 16:05
MV-6E,ROOMCON_INI_241121,958,2025-11-06 16:05,2025-11-06 16:05,0,LD1,2,InsufficientSolder,LED2012_RED,,00000958_2.txt,2025-11-06 16:05,2025-11-06 16:05
MV-6E,ROOMCON_INI_241121,958,2025-11-06 16:05,2025-11-06 16:05,0,FET1,0,Missing,RU207C,,00000958_2.txt,2025-11-06 16:05,2025-11-06 16:05
MV-6E,ROOMCON_INI_241121,958,2025-11-06 16:05,2025-11-06 16:05,0,FET1,1,InsufficientSolder,RU207C,,00000958_2.txt,2025-11-06 16:05,2025-11-06 16:05
MV-6E,ROOMCON_INI_241121,958,2025-11-06 16:05,2025-11-06 16:05,0,FET1,2,InsufficientSolder,RU207C,,00000958_2.txt,2025-11-06 16:05,2025-11-06 16:05
MV-6E,ROOMCON_INI_241121,958,2025-11-06 16:05,2025-11-06 16:05,0,FET1,3,InsufficientSolder,RU207C,,00000958_2.txt,2025-11-06 16:05,2025-11-06 16:05
MV-6E,ROOMCON_INI_241121,958,2025-11-06 16:05,2025-11-06 16:05,0,D7,0,Missing,LL4148,,00000958_2.txt,2025-11-06 16:05,2025-11-06 16:05
MV-6E,ROOMCON_INI_241121,958,2025-11-06 16:05,2025-11-06 16:05,0,D7,2,NoSolder,LL4148,,00000958_2.txt,2025-11-06 16:05,2025-11-06 16:05
MV-6E,ROOMCON_INI_241121,958,2025-11-06 16:05,2025-11-06 16:05,0,D6,0,Missing,LL4148,,00000958_2.txt,2025-11-06 16:05,2025-11-06 16:05
MV-6E,ROOMCON_INI_241121,958,2025-11-06 16:05,2025-11-06 16:05,0,D6,2,NoSolder,LL4148,,00000958_2.txt,2025-11-06 16:05,2025-11-06 16:05
MV-6E,ROOMCON_INI_241121,958,2025-11-06 16:05,2025-11-06 16:05,0,D5,0,Missing,LL4148,,00000958_2.txt,2025-11-06 16:05,2025-11-06 16:05
MV-6E,ROOMCON_INI_241121,958,2025-11-06 16:05,2025-11-06 16:05,0,D5,2,NoSolder,LL4148,,00000958_2.txt,2025-11-06 16:05,2025-11-06 16:05
MV-6E,ROOMCON_INI_241121,958,2025-11-06 16:05,2025-11-06 16:05,0,D4,0,Missing,M4,,00000958_2.txt,2025-11-06 16:05,2025-11-06 16:05
MV-6E,ROOMCON_INI_241121,958,2025-11-06 16:05,2025-11-06 16:05,0,D4,1,InsufficientSolder,M4,,00000958_2.txt,2025-11-06 16:05,2025-11-06 16:05
MV-6E,ROOMCON_INI_241121,958,2025-11-06 16:05,2025-11-06 16:05,0,D4,2,InsufficientSolder,M4,,00000958_2.txt,2025-11-06 16:05,2025-11-06 16:05
MV-6E,ROOMCON_INI_241121,958,2025-11-06 16:05,2025-11-06 16:05,0,D3,0,Missing,M4,,00000958_2.txt,2025-11-06 16:05,2025-11-06 16:05
MV-6E,ROOMCON_INI_241121,958,2025-11-06 16:05,2025-11-06 16:05,0,D3,1,InsufficientSolder,M4,,00000958_2.txt,2025-11-06 16:05,2025-11-06 16:05
MV-6E,ROOMCON_INI_241121,958,2025-11-06 16:05,2025-11-06 16:05,0,D3,2,InsufficientSolder,M4,,00000958_2.txt,2025-11-06 16:05,2025-11-06 16:05
MV-6E,ROOMCON_INI_241121,958,2025-11-06 16:05,2025-11-06 16:05,0,D2,0,Missing,M4,,00000958_2.txt,2025-11-06 16:05,2025-11-06 16:05
MV-6E,ROOMCON_INI_241121,958,2025-11-06 16:05,2025-11-06 16:05,0,D2,1,InsufficientSolder,M4,,00000958_2.txt,2025-11-06 16:05,2025-11-06 16:05
MV-6E,ROOMCON_INI_241121,958,2025-11-06 16:05,2025-11-06 16:05,0,D2,2,InsufficientSolder,M4,,00000958_2.txt,2025-11-06 16:05,2025-11-06 16:05
MV-6E,ROOMCON_INI_241121,958,2025-11-06 16:05,2025-11-06 16:05,0,D1,0,Missing,M4,,00000958_2.txt,2025-11-06 16:05,2025-11-06 16:05
MV-6E,ROOMCON_INI_241121,958,2025-11-06 16:05,2025-11-06 16:05,0,D1,1,InsufficientSolder,M4,,00000958_2.txt,2025-11-06 16:05,2025-11-06 16:05
MV-6E,ROOMCON_INI_241121,958,2025-11-06 16:05,2025-11-06 16:05,0,D1,2,InsufficientSolder,M4,,00000958_2.txt,2025-11-06 16:05,2025-11-06 16:05
MV-6E,ROOMCON_INI_241121,958,2025-11-06 16:05,2025-11-06 16:05,0,C9,0,Missing,C1608-100nF_50V_10%,,00000958_2.txt,2025-11-06 16:05,2025-11-06 16:05
MV-6E,ROOMCON_INI_241121,958,2025-11-06 16:05,2025-11-06 16:05,0,C9,1,NoSolder,C1608-100nF_50V_10%,,00000958_2.txt,2025-11-06 16:05,2025-11-06 16:05
MV-6E,ROOMCON_INI_241121,958,2025-11-06 16:05,2025-11-06 16:05,0,C9,2,NoSolder,C1608-100nF_50V_10%,,00000958_2.txt,2025-11-06 16:05,2025-11-06 16:05
MV-6E,ROOMCON_INI_241121,958,2025-11-06 16:05,2025-11-06 16:05,0,C6,0,Missing,C2012-10uF_16V_10%,,00000958_2.txt,2025-11-06 16:05,2025-11-06 16:05
MV-6E,ROOMCON_INI_241121,958,2025-11-06 16:05,2025-11-06 16:05,0,C6,1,NoSolder,C2012-10uF_16V_10%,,00000958_2.txt,2025-11-06 16:05,2025-11-06 16:05
MV-6E,ROOMCON_INI_241121,958,2025-11-06 16:05,2025-11-06 16:05,0,C6,2,NoSolder,C2012-10uF_16V_10%,,00000958_2.txt,2025-11-06 16:05,2025-11-06 16:05
MV-6E,ROOMCON_INI_241121,958,2025-11-06 16:05,2025-11-06 16:05,0,C5,0,Missing,C1608-3pF_50V_10%,,00000958_2.txt,2025-11-06 16:05,2025-11-06 16:05
MV-6E,ROOMCON_INI_241121,958,2025-11-06 16:05,2025-11-06 16:05,0,C5,1,InsufficientSolder,C1608-3pF_50V_10%,,00000958_2.txt,2025-11-06 16:05,2025-11-06 16:05
MV-6E,ROOMCON_INI_241121,958,2025-11-06 16:05,2025-11-06 16:05,0,C5,2,NoSolder,C1608-3pF_50V_10%,,00000958_2.txt,2025-11-06 16:05,2025-11-06 16:05
MV-6E,ROOMCON_INI_241121,958,2025-11-06 16:05,2025-11-06 16:05,0,C4,0,Missing,C2012-10uF_16V_10%,,00000958_2.txt,2025-11-06 16:05,2025-11-06 16:05
MV-6E,ROOMCON_INI_241121,958,2025-11-06 16:05,2025-11-06 16:05,0,C4,1,NoSolder,C2012-10uF_16V_10%,,00000958_2.txt,2025-11-06 16:05,2025-11-06 16:05
MV-6E,ROOMCON_INI_241121,958,2025-11-06 16:05,2025-11-06 16:05,0,C4,2,NoSolder,C2012-10uF_16V_10%,,00000958_2.txt,2025-11-06 16:05,2025-11-06 16:05
MV-6E,ROOMCON_INI_241121,958,2025-11-06 16:05,2025-11-06 16:05,0,C3,0,Missing,C1608-100nF_50V_10%,,00000958_2.txt,2025-11-06 16:05,2025-11-06 16:05
MV-6E,ROOMCON_INI_241121,958,2025-11-06 16:05,2025-11-06 16:05,0,C3,1,NoSolder,C1608-100nF_50V_10%,,00000958_2.txt,2025-11-06 16:05,2025-11-06 16:05
MV-6E,ROOMCON_INI_241121,958,2025-11-06 16:05,2025-11-06 16:05,0,C3,2,NoSolder,C1608-100nF_50V_10%,,00000958_2.txt,2025-11-06 16:05,2025-11-06 16:05
MV-6E,ROOMCON_INI_241121,958,2025-11-06 16:05,2025-11-06 16:05,0,C2,0,Missing,C1608-100nF_50V_10%,,00000958_2.txt,2025-11-06 16:05,2025-11-06 16:05
MV-6E,ROOMCON_INI_241121,958,2025-11-06 16:05,2025-11-06 16:05,0,C2,1,NoSolder,C1608-100nF_50V_10%,,00000958_2.txt,2025-11-06 16:05,2025-11-06 16:05
MV-6E,ROOMCON_INI_241121,958,2025-11-06 16:05,2025-11-06 16:05,0,C2,2,NoSolder,C1608-100nF_50V_10%,,00000958_2.txt,2025-11-06 16:05,2025-11-06 16:05
MV-6E,ROOMCON_INI_241121,958,2025-11-06 16:05,2025-11-06 16:05,0,C10,0,Missing,C1608-100nF_50V_10%,,00000958_2.txt,2025-11-06 16:05,2025-11-06 16:05
MV-6E,ROOMCON_INI_241121,958,2025-11-06 16:05,2025-11-06 16:05,0,C10,1,NoSolder,C1608-100nF_50V_10%,,00000958_2.txt,2025-11-06 16:05,2025-11-06 16:05
MV-6E,ROOMCON_INI_241121,958,2025-11-06 16:05,2025-11-06 16:05,0,C10,2,NoSolder,C1608-100nF_50V_10%,,00000958_2.txt,2025-11-06 16:05,2025-11-06 16:05
MV-6E,ROOMCON_INI_241121,958,2025-11-06 16:05,2025-11-06 16:05,0,C1,0,Missing,C1608-100nF_50V_10%,,00000958_2.txt,2025-11-06 16:05,2025-11-06 16:05
MV-6E,ROOMCON_INI_241121,958,2025-11-06 16:05,2025-11-06 16:05,0,C1,1,NoSolder,C1608-100nF_50V_10%,,00000958_2.txt,2025-11-06 16:05,2025-11-06 16:05
MV-6E,ROOMCON_INI_241121,958,2025-11-06 16:05,2025-11-06 16:05,0,C1,2,NoSolder,C1608-100nF_50V_10%,,00000958_2.txt,2025-11-06 16:05,2025-11-06 16:05
MV-6E,ROOMCON_INI_241121,958,2025-11-06 16:05,2025-11-06 16:05,1,U4,0,Missing,GTC08L-SO,,00000958_2.txt,2025-11-06 16:05,2025-11-06 16:05
MV-6E,ROOMCON_INI_241121,958,2025-11-06 16:05,2025-11-06 16:05,1,U4,1,LiftedLead,GTC08L-SO,,00000958_2.txt,2025-11-06 16:05,2025-11-06 16:05
MV-6E,ROOMCON_INI_241121,958,2025-11-06 16:05,2025-11-06 16:05,1,U4,2,InsufficientSolder,GTC08L-SO,,00000958_2.txt,2025-11-06 16:05,2025-11-06 16:05
MV-6E,ROOMCON_INI_241121,958,2025-11-06 16:05,2025-11-06 16:05,1,U4,3,WrongPart,GTC08L-SO,,00000958_2.txt,2025-11-06 16:05,2025-11-06 16:05
MV-6E,ROOMCON_INI_241121,958,2025-11-06 16:05,2025-11-06 16:05,1,U2,0,Missing,IL1117C-5.0V,,00000958_2.txt,2025-11-06 16:05,2025-11-06 16:05
MV-6E,ROOMCON_INI_241121,958,2025-11-06 16:05,2025-11-06 16:05,1,U2,1,Bridge,IL1117C-5.0V,,00000958_2.txt,2025-11-06 16:05,2025-11-06 16:05
MV-6E,ROOMCON_INI_241121,958,2025-11-06 16:05,2025-11-06 16:05,1,U2,2,InsufficientSolder,IL1117C-5.0V,,00000958_2.txt,2025-11-06 16:05,2025-11-06 16:05
MV-6E,ROOMCON_INI_241121,958,2025-11-06 16:05,2025-11-06 16:05,1,U2,3,WrongPart,IL1117C-5.0V,,00000958_2.txt,2025-11-06 16:05,2025-11-06 16:05
MV-6E,ROOMCON_INI_241121,958,2025-11-06 16:05,2025-11-06 16:05,1,U1,0,Missing,MC96F6432Q,,00000958_2.txt,2025-11-06 16:05,2025-11-06 16:05
MV-6E,ROOMCON_INI_241121,958,2025-11-06 16:05,2025-11-06 16:05,1,U1,1,Bridge,MC96F6432Q,,00000958_2.txt,2025-11-06 16:05,2025-11-06 16:05
MV-6E,ROOMCON_INI_241121,958,2025-11-06 16:05,2025-11-06 16:05,1,U1,2,Bridge,MC96F6432Q,,00000958_2.txt,2025-11-06 16:05,2025-11-06 16:05
MV-6E,ROOMCON_INI_241121,958,2025-11-06 16:05,2025-11-06 16:05,1,U1,3,Bridge,MC96F6432Q,,00000958_2.txt,2025-11-06 16:05,2025-11-06 16:05
MV-6E,ROOMCON_INI_241121,958,2025-11-06 16:05,2025-11-06 16:05,1,U1,4,Bridge,MC96F6432Q,,00000958_2.txt,2025-11-06 16:05,2025-11-06 16:05
MV-6E,ROOMCON_INI_241121,958,2025-11-06 16:05,2025-11-06 16:05,1,U1,5,WrongPart,MC96F6432Q,,00000958_2.txt,2025-11-06 16:05,2025-11-06 16:05
MV-6E,ROOMCON_INI_241121,958,2025-11-06 16:05,2025-11-06 16:05,1,R9,0,Missing,R1608-J10K_OHM,,00000958_2.txt,2025-11-06 16:05,2025-11-06 16:05
MV-6E,ROOMCON_INI_241121,958,2025-11-06 16:05,2025-11-06 16:05,1,R9,1,InsufficientSolder,R1608-J10K_OHM,,00000958_2.txt,2025-11-06 16:05,2025-11-06 16:05
MV-6E,ROOMCON_INI_241121,958,2025-11-06 16:05,2025-11-06 16:05,1,R9,2,InsufficientSolder,R1608-J10K_OHM,,00000958_2.txt,2025-11-06 16:05,2025-11-06 16:05
MV-6E,ROOMCON_INI_241121,958,2025-11-06 16:05,2025-11-06 16:05,1,R9,3,WrongPart,R1608-J10K_OHM,,00000958_2.txt,2025-11-06 16:05,2025-11-06 16:05
MV-6E,ROOMCON_INI_241121,958,2025-11-06 16:05,2025-11-06 16:05,1,R8,0,Missing,R2012-J330_OHM,,00000958_2.txt,2025-11-06 16:05,2025-11-06 16:05
MV-6E,ROOMCON_INI_241121,958,2025-11-06 16:05,2025-11-06 16:05,1,R8,1,NoSolder,R2012-J330_OHM,,00000958_2.txt,2025-11-06 16:05,2025-11-06 16:05
MV-6E,ROOMCON_INI_241121,958,2025-11-06 16:05,2025-11-06 16:05,1,R8,2,NoSolder,R2012-J330_OHM,,00000958_2.txt,2025-11-06 16:05,2025-11-06 16:05
MV-6E,ROOMCON_INI_241121,958,2025-11-06 16:05,2025-11-06 16:05,1,R8,3,WrongPart,R2012-J330_OHM,,00000958_2.txt,2025-11-06 16:05,2025-11-06 16:05
MV-6E,ROOMCON_INI_241121,958,2025-11-06 16:05,2025-11-06 16:05,1,R41,0,Missing,R1608-J560_OHM,,00000958_2.txt,2025-11-06 16:05,2025-11-06 16:05
MV-6E,ROOMCON_INI_241121,958,2025-11-06 16:05,2025-11-06 16:05,1,R41,1,InsufficientSolder,R1608-J560_OHM,,00000958_2.txt,2025-11-06 16:05,2025-11-06 16:05
MV-6E,ROOMCON_INI_241121,958,2025-11-06 16:05,2025-11-06 16:05,1,R41,2,InsufficientSolder,R1608-J560_OHM,,00000958_2.txt,2025-11-06 16:05,2025-11-06 16:05
MV-6E,ROOMCON_INI_241121,958,2025-11-06 16:05,2025-11-06 16:05,1,R41,3,WrongPart,R1608-J560_OHM,,00000958_2.txt,2025-11-06 16:05,2025-11-06 16:05
MV-6E,ROOMCON_INI_241121,958,2025-11-06 16:05,2025-11-06 16:05,1,R36,0,Missing,R1608-J560_OHM,,00000958_2.txt,2025-11-06 16:05,2025-11-06 16:05
MV-6E,ROOMCON_INI_241121,958,2025-11-06 16:05,2025-11-06 16:05,1,R36,1,InsufficientSolder,R1608-J560_OHM,,00000958_2.txt,2025-11-06 16:05,2025-11-06 16:05
MV-6E,ROOMCON_INI_241121,958,2025-11-06 16:05,2025-11-06 16:05,1,R36,2,InsufficientSolder,R1608-J560_OHM,,00000958_2.txt,2025-11-06 16:05,2025-11-06 16:05
MV-6E,ROOMCON_INI_241121,958,2025-11-06 16:05,2025-11-06 16:05,1,R36,3,WrongPart,R1608-J560_OHM,,00000958_2.txt,2025-11-06 16:05,2025-11-06 16:05
MV-6E,ROOMCON_INI_241121,958,2025-11-06 16:05,2025-11-06 16:05,1,R35,0,Missing,R1608-J560_OHM,,00000958_2.txt,2025-11-06 16:05,2025-11-06 16:05
MV-6E,ROOMCON_INI_241121,958,2025-11-06 16:05,2025-11-06 16:05,1,R35,1,InsufficientSolder,R1608-J560_OHM,,00000958_2.txt,2025-11-06 16:05,2025-11-06 16:05
MV-6E,ROOMCON_INI_241121,958,2025-11-06 16:05,2025-11-06 16:05,1,R35,2,InsufficientSolder,R1608-J560_OHM,,00000958_2.txt,2025-11-06 16:05,2025-11-06 16:05
MV-6E,ROOMCON_INI_241121,958,2025-11-06 16:05,2025-11-06 16:05,1,R35,3,WrongPart,R1608-J560_OHM,,00000958_2.txt,2025-11-06 16:05,2025-11-06 16:05
MV-6E,ROOMCON_INI_241121,958,2025-11-06 16:05,2025-11-06 16:05,1,R34,0,Missing,R1608-J560_OHM,,00000958_2.txt,2025-11-06 16:05,2025-11-06 16:05
MV-6E,ROOMCON_INI_241121,958,2025-11-06 16:05,2025-11-06 16:05,1,R34,1,InsufficientSolder,R1608-J560_OHM,,00000958_2.txt,2025-11-06 16:05,2025-11-06 16:05
MV-6E,ROOMCON_INI_241121,958,2025-11-06 16:05,2025-11-06 16:05,1,R34,2,InsufficientSolder,R1608-J560_OHM,,00000958_2.txt,2025-11-06 16:05,2025-11-06 16:05
MV-6E,ROOMCON_INI_241121,958,2025-11-06 16:05,2025-11-06 16:05,1,R34,3,WrongPart,R1608-J560_OHM,,00000958_2.txt,2025-11-06 16:05,2025-11-06 16:05
MV-6E,ROOMCON_INI_241121,958,2025-11-06 16:05,2025-11-06 16:05,1,R33,0,Missing,R1608-J560_OHM,,00000958_2.txt,2025-11-06 16:05,2025-11-06 16:05
MV-6E,ROOMCON_INI_241121,958,2025-11-06 16:05,2025-11-06 16:05,1,R33,1,InsufficientSolder,R1608-J560_OHM,,00000958_2.txt,2025-11-06 16:05,2025-11-06 16:05
MV-6E,ROOMCON_INI_241121,958,2025-11-06 16:05,2025-11-06 16:05,1,R33,2,InsufficientSolder,R1608-J560_OHM,,00000958_2.txt,2025-11-06 16:05,2025-11-06 16:05
MV-6E,ROOMCON_INI_241121,958,2025-11-06 16:05,2025-11-06 16:05,1,R33,3,WrongPart,R1608-J560_OHM,,00000958_2.txt,2025-11-06 16:05,2025-11-06 16:05
MV-6E,ROOMCON_INI_241121,958,2025-11-06 16:05,2025-11-06 16:05,1,R32,0,Missing,R1608-J560_OHM,,00000958_2.txt,2025-11-06 16:05,2025-11-06 16:05
MV-6E,ROOMCON_INI_241121,958,2025-11-06 16:05,2025-11-06 16:05,1,R32,1,InsufficientSolder,R1608-J560_OHM,,00000958_2.txt,2025-11-06 16:05,2025-11-06 16:05
MV-6E,ROOMCON_INI_241121,958,2025-11-06 16:05,2025-11-06 16:05,1,R32,2,InsufficientSolder,R1608-J560_OHM,,00000958_2.txt,2025-11-06 16:05,2025-11-06 16:05
MV-6E,ROOMCON_INI_241121,958,2025-11-06 16:05,2025-11-06 16:05,1,R32,3,WrongPart,R1608-J560_OHM,,00000958_2.txt,2025-11-06 16:05,2025-11-06 16:05
MV-6E,ROOMCON_INI_241121,958,2025-11-06 16:05,2025-11-06 16:05,1,R31,0,Missing,R1608-J560_OHM,,00000958_2.txt,2025-11-06 16:05,2025-11-06 16:05
MV-6E,ROOMCON_INI_241121,958,2025-11-06 16:05,2025-11-06 16:05,1,R31,1,InsufficientSolder,R1608-J560_OHM,,00000958_2.txt,2025-11-06 16:05,2025-11-06 16:05
MV-6E,ROOMCON_INI_241121,958,2025-11-06 16:05,2025-11-06 16:05,1,R31,2,InsufficientSolder,R1608-J560_OHM,,00000958_2.txt,2025-11-06 16:05,2025-11-06 16:05
MV-6E,ROOMCON_INI_241121,958,2025-11-06 16:05,2025-11-06 16:05,1,R31,3,WrongPart,R1608-J560_OHM,,00000958_2.txt,2025-11-06 16:05,2025-11-06 16:05
MV-6E,ROOMCON_INI_241121,958,2025-11-06 16:05,2025-11-06 16:05,1,R30,0,Missing,R1608-J560_OHM,,00000958_2.txt,2025-11-06 16:05,2025-11-06 16:05
MV-6E,ROOMCON_INI_241121,958,2025-11-06 16:05,2025-11-06 16:05,1,R30,1,InsufficientSolder,R1608-J560_OHM,,00000958_2.txt,2025-11-06 16:05,2025-11-06 16:05
MV-6E,ROOMCON_INI_241121,958,2025-11-06 16:05,2025-11-06 16:05,1,R30,2,InsufficientSolder,R1608-J560_OHM,,00000958_2.txt,2025-11-06 16:05,2025-11-06 16:05
MV-6E,ROOMCON_INI_241121,958,2025-11-06 16:05,2025-11-06 16:05,1,R30,3,WrongPart,R1608-J560_OHM,,00000958_2.txt,2025-11-06 16:05,2025-11-06 16:05
MV-6E,ROOMCON_INI_241121,958,2025-11-06 16:05,2025-11-06 16:05,1,R22,0,Missing,R2012-J4.7_OHM,,00000958_2.txt,2025-11-06 16:05,2025-11-06 16:05
MV-6E,ROOMCON_INI_241121,958,2025-11-06 16:05,2025-11-06 16:05,1,R22,1,NoSolder,R2012-J4.7_OHM,,00000958_2.txt,2025-11-06 16:05,2025-11-06 16:05
MV-6E,ROOMCON_INI_241121,958,2025-11-06 16:05,2025-11-06 16:05,1,R22,2,InsufficientSolder,R2012-J4.7_OHM,,00000958_2.txt,2025-11-06 16:05,2025-11-06 16:05
MV-6E,ROOMCON_INI_241121,958,2025-11-06 16:05,2025-11-06 16:05,1,R22,3,WrongPart,R2012-J4.7_OHM,,00000958_2.txt,2025-11-06 16:05,2025-11-06 16:05
MV-6E,ROOMCON_INI_241121,958,2025-11-06 16:05,2025-11-06 16:05,1,R21,0,Missing,R1608-J2K_OHM,,00000958_2.txt,2025-11-06 16:05,2025-11-06 16:05
MV-6E,ROOMCON_INI_241121,958,2025-11-06 16:05,2025-11-06 16:05,1,R21,1,InsufficientSolder,R1608-J2K_OHM,,00000958_2.txt,2025-11-06 16:05,2025-11-06 16:05
MV-6E,ROOMCON_INI_241121,958,2025-11-06 16:05,2025-11-06 16:05,1,R21,2,InsufficientSolder,R1608-J2K_OHM,,00000958_2.txt,2025-11-06 16:05,2025-11-06 16:05
MV-6E,ROOMCON_INI_241121,958,2025-11-06 16:05,2025-11-06 16:05,1,R21,3,WrongPart,R1608-J2K_OHM,,00000958_2.txt,2025-11-06 16:05,2025-11-06 16:05
MV-6E,ROOMCON_INI_241121,958,2025-11-06 16:05,2025-11-06 16:05,1,R19,0,Missing,R1608-J10K_OHM,,00000958_2.txt,2025-11-06 16:05,2025-11-06 16:05
MV-6E,ROOMCON_INI_241121,958,2025-11-06 16:05,2025-11-06 16:05,1,R19,1,InsufficientSolder,R1608-J10K_OHM,,00000958_2.txt,2025-11-06 16:05,2025-11-06 16:05
MV-6E,ROOMCON_INI_241121,958,2025-11-06 16:05,2025-11-06 16:05,1,R19,2,InsufficientSolder,R1608-J10K_OHM,,00000958_2.txt,2025-11-06 16:05,2025-11-06 16:05
MV-6E,ROOMCON_INI_241121,958,2025-11-06 16:05,2025-11-06 16:05,1,R19,3,WrongPart,R1608-J10K_OHM,,00000958_2.txt,2025-11-06 16:05,2025-11-06 16:05
MV-6E,ROOMCON_INI_241121,958,2025-11-06 16:05,2025-11-06 16:05,1,R15,0,Missing,R1608-J2K_OHM,,00000958_2.txt,2025-11-06 16:05,2025-11-06 16:05
MV-6E,ROOMCON_INI_241121,958,2025-11-06 16:05,2025-11-06 16:05,1,R15,1,InsufficientSolder,R1608-J2K_OHM,,00000958_2.txt,2025-11-06 16:05,2025-11-06 16:05
MV-6E,ROOMCON_INI_241121,958,2025-11-06 16:05,2025-11-06 16:05,1,R15,2,InsufficientSolder,R1608-J2K_OHM,,00000958_2.txt,2025-11-06 16:05,2025-11-06 16:05
MV-6E,ROOMCON_INI_241121,958,2025-11-06 16:05,2025-11-06 16:05,1,R15,3,WrongPart,R1608-J2K_OHM,,00000958_2.txt,2025-11-06 16:05,2025-11-06 16:05
MV-6E,ROOMCON_INI_241121,958,2025-11-06 16:05,2025-11-06 16:05,1,R14,0,Missing,R1608-100K_OHM,,00000958_2.txt,2025-11-06 16:05,2025-11-06 16:05
MV-6E,ROOMCON_INI_241121,958,2025-11-06 16:05,2025-11-06 16:05,1,R14,1,NoSolder,R1608-100K_OHM,,00000958_2.txt,2025-11-06 16:05,2025-11-06 16:05
MV-6E,ROOMCON_INI_241121,958,2025-11-06 16:05,2025-11-06 16:05,1,R14,2,NoSolder,R1608-100K_OHM,,00000958_2.txt,2025-11-06 16:05,2025-11-06 16:05
MV-6E,ROOMCON_INI_241121,958,2025-11-06 16:05,2025-11-06 16:05,1,R14,3,WrongPart,R1608-100K_OHM,,00000958_2.txt,2025-11-06 16:05,2025-11-06 16:05
MV-6E,ROOMCON_INI_241121,958,2025-11-06 16:05,2025-11-06 16:05,1,R1,0,Missing,R1608-J10K_OHM,,00000958_2.txt,2025-11-06 16:05,2025-11-06 16:05
MV-6E,ROOMCON_INI_241121,958,2025-11-06 16:05,2025-11-06 16:05,1,R1,1,InsufficientSolder,R1608-J10K_OHM,,00000958_2.txt,2025-11-06 16:05,2025-11-06 16:05
MV-6E,ROOMCON_INI_241121,958,2025-11-06 16:05,2025-11-06 16:05,1,R1,2,InsufficientSolder,R1608-J10K_OHM,,00000958_2.txt,2025-11-06 16:05,2025-11-06 16:05
MV-6E,ROOMCON_INI_241121,958,2025-11-06 16:05,2025-11-06 16:05,1,R1,3,WrongPart,R1608-J10K_OHM,,00000958_2.txt,2025-11-06 16:05,2025-11-06 16:05
MV-6E,ROOMCON_INI_241121,958,2025-11-06 16:05,2025-11-06 16:05,1,Q1,0,Missing,KRC102S,,00000958_2.txt,2025-11-06 16:05,2025-11-06 16:05
MV-6E,ROOMCON_INI_241121,958,2025-11-06 16:05,2025-11-06 16:05,1,Q1,1,InsufficientSolder,KRC102S,,00000958_2.txt,2025-11-06 16:05,2025-11-06 16:05
MV-6E,ROOMCON_INI_241121,958,2025-11-06 16:05,2025-11-06 16:05,1,Q1,2,InsufficientSolder,KRC102S,,00000958_2.txt,2025-11-06 16:05,2025-11-06 16:05
MV-6E,ROOMCON_INI_241121,958,2025-11-06 16:05,2025-11-06 16:05,1,Q1,3,InsufficientSolder,KRC102S,,00000958_2.txt,2025-11-06 16:05,2025-11-06 16:05
MV-6E,ROOMCON_INI_241121,958,2025-11-06 16:05,2025-11-06 16:05,1,Q1,4,WrongPart,KRC102S,,00000958_2.txt,2025-11-06 16:05,2025-11-06 16:05
MV-6E,ROOMCON_INI_241121,958,2025-11-06 16:05,2025-11-06 16:05,1,FET1,0,Missing,RU207C,,00000958_2.txt,2025-11-06 16:05,2025-11-06 16:05
MV-6E,ROOMCON_INI_241121,958,2025-11-06 16:05,2025-11-06 16:05,1,FET1,1,InsufficientSolder,RU207C,,00000958_2.txt,2025-11-06 16:05,2025-11-06 16:05
MV-6E,ROOMCON_INI_241121,958,2025-11-06 16:05,2025-11-06 16:05,1,FET1,2,InsufficientSolder,RU207C,,00000958_2.txt,2025-11-06 16:05,2025-11-06 16:05
MV-6E,ROOMCON_INI_241121,958,2025-11-06 16:05,2025-11-06 16:05,1,FET1,3,InsufficientSolder,RU207C,,00000958_2.txt,2025-11-06 16:05,2025-11-06 16:05
MV-6E,ROOMCON_INI_241121,958,2025-11-06 16:05,2025-11-06 16:05,1,D7,0,Missing,LL4148,,00000958_2.txt,2025-11-06 16:05,2025-11-06 16:05
MV-6E,ROOMCON_INI_241121,958,2025-11-06 16:05,2025-11-06 16:05,1,D7,2,NoSolder,LL4148,,00000958_2.txt,2025-11-06 16:05,2025-11-06 16:05
MV-6E,ROOMCON_INI_241121,958,2025-11-06 16:05,2025-11-06 16:05,1,D6,0,Missing,LL4148,,00000958_2.txt,2025-11-06 16:05,2025-11-06 16:05
MV-6E,ROOMCON_INI_241121,958,2025-11-06 16:05,2025-11-06 16:05,1,D6,2,NoSolder,LL4148,,00000958_2.txt,2025-11-06 16:05,2025-11-06 16:05
MV-6E,ROOMCON_INI_241121,958,2025-11-06 16:05,2025-11-06 16:05,1,D5,0,Missing,LL4148,,00000958_2.txt,2025-11-06 16:05,2025-11-06 16:05
MV-6E,ROOMCON_INI_241121,958,2025-11-06 16:05,2025-11-06 16:05,1,D5,2,NoSolder,LL4148,,00000958_2.txt,2025-11-06 16:05,2025-11-06 16:05
MV-6E,ROOMCON_INI_241121,958,2025-11-06 16:05,2025-11-06 16:05,1,D4,0,Missing,M4,,00000958_2.txt,2025-11-06 16:05,2025-11-06 16:05
MV-6E,ROOMCON_INI_241121,958,2025-11-06 16:05,2025-11-06 16:05,1,D4,1,InsufficientSolder,M4,,00000958_2.txt,2025-11-06 16:05,2025-11-06 16:05
MV-6E,ROOMCON_INI_241121,958,2025-11-06 16:05,2025-11-06 16:05,1,D4,2,InsufficientSolder,M4,,00000958_2.txt,2025-11-06 16:05,2025-11-06 16:05
MV-6E,ROOMCON_INI_241121,958,2025-11-06 16:05,2025-11-06 16:05,1,D3,0,Missing,M4,,00000958_2.txt,2025-11-06 16:05,2025-11-06 16:05
MV-6E,ROOMCON_INI_241121,958,2025-11-06 16:05,2025-11-06 16:05,1,D3,1,InsufficientSolder,M4,,00000958_2.txt,2025-11-06 16:05,2025-11-06 16:05
MV-6E,ROOMCON_INI_241121,958,2025-11-06 16:05,2025-11-06 16:05,1,D3,2,InsufficientSolder,M4,,00000958_2.txt,2025-11-06 16:05,2025-11-06 16:05
MV-6E,ROOMCON_INI_241121,958,2025-11-06 16:05,2025-11-06 16:05,1,D2,0,Missing,M4,,00000958_2.txt,2025-11-06 16:05,2025-11-06 16:05
MV-6E,ROOMCON_INI_241121,958,2025-11-06 16:05,2025-11-06 16:05,1,D2,1,InsufficientSolder,M4,,00000958_2.txt,2025-11-06 16:05,2025-11-06 16:05
MV-6E,ROOMCON_INI_241121,958,2025-11-06 16:05,2025-11-06 16:05,1,D2,2,InsufficientSolder,M4,,00000958_2.txt,2025-11-06 16:05,2025-11-06 16:05
MV-6E,ROOMCON_INI_241121,958,2025-11-06 16:05,2025-11-06 16:05,1,D1,0,Missing,M4,,00000958_2.txt,2025-11-06 16:05,2025-11-06 16:05
MV-6E,ROOMCON_INI_241121,958,2025-11-06 16:05,2025-11-06 16:05,1,D1,1,InsufficientSolder,M4,,00000958_2.txt,2025-11-06 16:05,2025-11-06 16:05
MV-6E,ROOMCON_INI_241121,958,2025-11-06 16:05,2025-11-06 16:05,1,D1,2,InsufficientSolder,M4,,00000958_2.txt,2025-11-06 16:05,2025-11-06 16:05
MV-6E,ROOMCON_INI_241121,958,2025-11-06 16:05,2025-11-06 16:05,1,C9,0,Missing,C1608-100nF_50V_10%,,00000958_2.txt,2025-11-06 16:05,2025-11-06 16:05
MV-6E,ROOMCON_INI_241121,958,2025-11-06 16:05,2025-11-06 16:05,1,C9,1,NoSolder,C1608-100nF_50V_10%,,00000958_2.txt,2025-11-06 16:05,2025-11-06 16:05
MV-6E,ROOMCON_INI_241121,958,2025-11-06 16:05,2025-11-06 16:05,1,C9,2,NoSolder,C1608-100nF_50V_10%,,00000958_2.txt,2025-11-06 16:05,2025-11-06 16:05
MV-6E,ROOMCON_INI_241121,958,2025-11-06 16:05,2025-11-06 16:05,1,C6,0,Missing,C2012-10uF_16V_10%,,00000958_2.txt,2025-11-06 16:05,2025-11-06 16:05
MV-6E,ROOMCON_INI_241121,958,2025-11-06 16:05,2025-11-06 16:05,1,C6,1,NoSolder,C2012-10uF_16V_10%,,00000958_2.txt,2025-11-06 16:05,2025-11-06 16:05
MV-6E,ROOMCON_INI_241121,958,2025-11-06 16:05,2025-11-06 16:05,1,C6,2,NoSolder,C2012-10uF_16V_10%,,00000958_2.txt,2025-11-06 16:05,2025-11-06 16:05
MV-6E,ROOMCON_INI_241121,958,2025-11-06 16:05,2025-11-06 16:05,1,C5,0,Missing,C1608-3pF_50V_10%,,00000958_2.txt,2025-11-06 16:05,2025-11-06 16:05
MV-6E,ROOMCON_INI_241121,958,2025-11-06 16:05,2025-11-06 16:05,1,C5,1,NoSolder,C1608-3pF_50V_10%,,00000958_2.txt,2025-11-06 16:05,2025-11-06 16:05
MV-6E,ROOMCON_INI_241121,958,2025-11-06 16:05,2025-11-06 16:05,1,C5,2,NoSolder,C1608-3pF_50V_10%,,00000958_2.txt,2025-11-06 16:05,2025-11-06 16:05
MV-6E,ROOMCON_INI_241121,958,2025-11-06 16:05,2025-11-06 16:05,1,C4,0,Missing,C2012-10uF_16V_10%,,00000958_2.txt,2025-11-06 16:05,2025-11-06 16:05
MV-6E,ROOMCON_INI_241121,958,2025-11-06 16:05,2025-11-06 16:05,1,C4,1,NoSolder,C2012-10uF_16V_10%,,00000958_2.txt,2025-11-06 16:05,2025-11-06 16:05
MV-6E,ROOMCON_INI_241121,958,2025-11-06 16:05,2025-11-06 16:05,1,C4,2,NoSolder,C2012-10uF_16V_10%,,00000958_2.txt,2025-11-06 16:05,2025-11-06 16:05
MV-6E,ROOMCON_INI_241121,958,2025-11-06 16:05,2025-11-06 16:05,1,C3,0,Missing,C1608-100nF_50V_10%,,00000958_2.txt,2025-11-06 16:05,2025-11-06 16:05
MV-6E,ROOMCON_INI_241121,958,2025-11-06 16:05,2025-11-06 16:05,1,C3,1,NoSolder,C1608-100nF_50V_10%,,00000958_2.txt,2025-11-06 16:05,2025-11-06 16:05
MV-6E,ROOMCON_INI_241121,958,2025-11-06 16:05,2025-11-06 16:05,1,C3,2,NoSolder,C1608-100nF_50V_10%,,00000958_2.txt,2025-11-06 16:05,2025-11-06 16:05
MV-6E,ROOMCON_INI_241121,958,2025-11-06 16:05,2025-11-06 16:05,1,C2,0,Missing,C1608-100nF_50V_10%,,00000958_2.txt,2025-11-06 16:05,2025-11-06 16:05
MV-6E,ROOMCON_INI_241121,958,2025-11-06 16:05,2025-11-06 16:05,1,C2,1,NoSolder,C1608-100nF_50V_10%,,00000958_2.txt,2025-11-06 16:05,2025-11-06 16:05
MV-6E,ROOMCON_INI_241121,958,2025-11-06 16:05,2025-11-06 16:05,1,C2,2,NoSolder,C1608-100nF_50V_10%,,00000958_2.txt,2025-11-06 16:05,2025-11-06 16:05
MV-6E,ROOMCON_INI_241121,958,2025-11-06 16:05,2025-11-06 16:05,1,C10,0,Missing,C1608-100nF_50V_10%,,00000958_2.txt,2025-11-06 16:05,2025-11-06 16:05
MV-6E,ROOMCON_INI_241121,958,2025-11-06 16:05,2025-11-06 16:05,1,C10,1,NoSolder,C1608-100nF_50V_10%,,00000958_2.txt,2025-11-06 16:05,2025-11-06 16:05
MV-6E,ROOMCON_INI_241121,958,2025-11-06 16:05,2025-11-06 16:05,1,C10,2,NoSolder,C1608-100nF_50V_10%,,00000958_2.txt,2025-11-06 16:05,2025-11-06 16:05
MV-6E,ROOMCON_INI_241121,958,2025-11-06 16:05,2025-11-06 16:05,1,C1,0,Missing,C1608-100nF_50V_10%,,00000958_2.txt,2025-11-06 16:05,2025-11-06 16:05
MV-6E,ROOMCON_INI_241121,958,2025-11-06 16:05,2025-11-06 16:05,1,C1,1,NoSolder,C1608-100nF_50V_10%,,00000958_2.txt,2025-11-06 16:05,2025-11-06 16:05
MV-6E,ROOMCON_INI_241121,958,2025-11-06 16:05,2025-11-06 16:05,1,C1,2,NoSolder,C1608-100nF_50V_10%,,00000958_2.txt,2025-11-06 16:05,2025-11-06 16:05
MV-6E,ROOMCON_INI_241121,958,2025-11-06 16:05,2025-11-06 16:05,1,R11,0,Missing,R1608-J10K_OHM,,00000958_2.txt,2025-11-06 16:05,2025-11-06 16:05
MV-6E,ROOMCON_INI_241121,958,2025-11-06 16:05,2025-11-06 16:05,1,R11,1,InsufficientSolder,R1608-J10K_OHM,,00000958_2.txt,2025-11-06 16:05,2025-11-06 16:05
MV-6E,ROOMCON_INI_241121,958,2025-11-06 16:05,2025-11-06 16:05,1,R11,2,InsufficientSolder,R1608-J10K_OHM,,00000958_2.txt,2025-11-06 16:05,2025-11-06 16:05
MV-6E,ROOMCON_INI_241121,958,2025-11-06 16:05,2025-11-06 16:05,1,R11,3,WrongPart,R1608-J10K_OHM,,00000958_2.txt,2025-11-06 16:05,2025-11-06 16:05
MV-6E,ROOMCON_INI_241121,958,2025-11-06 16:05,2025-11-06 16:05,1,LD1,0,Missing,LED2012_RED,,00000958_2.txt,2025-11-06 16:05,2025-11-06 16:05
MV-6E,ROOMCON_INI_241121,958,2025-11-06 16:05,2025-11-06 16:05,1,LD1,1,InsufficientSolder,LED2012_RED,,00000958_2.txt,2025-11-06 16:05,2025-11-06 16:05
MV-6E,ROOMCON_INI_241121,958,2025-11-06 16:05,2025-11-06 16:05,1,LD1,2,InsufficientSolder,LED2012_RED,,00000958_2.txt,2025-11-06 16:05,2025-11-06 16:05
MV-6E,ROOMCON_INI_241121,958,2025-11-06 16:05,2025-11-06 16:05,2,U4,0,Missing,GTC08L-SO,,00000958_2.txt,2025-11-06 16:05,2025-11-06 16:05
MV-6E,ROOMCON_INI_241121,958,2025-11-06 16:05,2025-11-06 16:05,2,U4,1,Bridge,GTC08L-SO,,00000958_2.txt,2025-11-06 16:05,2025-11-06 16:05
MV-6E,ROOMCON_INI_241121,958,2025-11-06 16:05,2025-11-06 16:05,2,U4,2,Bridge,GTC08L-SO,,00000958_2.txt,2025-11-06 16:05,2025-11-06 16:05
MV-6E,ROOMCON_INI_241121,958,2025-11-06 16:05,2025-11-06 16:05,2,U4,3,WrongPart,GTC08L-SO,,00000958_2.txt,2025-11-06 16:05,2025-11-06 16:05
MV-6E,ROOMCON_INI_241121,958,2025-11-06 16:05,2025-11-06 16:05,2,U2,0,Missing,IL1117C-5.0V,,00000958_2.txt,2025-11-06 16:05,2025-11-06 16:05
MV-6E,ROOMCON_INI_241121,958,2025-11-06 16:05,2025-11-06 16:05,2,U2,1,Bridge,IL1117C-5.0V,,00000958_2.txt,2025-11-06 16:05,2025-11-06 16:05
MV-6E,ROOMCON_INI_241121,958,2025-11-06 16:05,2025-11-06 16:05,2,U2,2,InsufficientSolder,IL1117C-5.0V,,00000958_2.txt,2025-11-06 16:05,2025-11-06 16:05
MV-6E,ROOMCON_INI_241121,958,2025-11-06 16:05,2025-11-06 16:05,2,U2,3,WrongPart,IL1117C-5.0V,,00000958_2.txt,2025-11-06 16:05,2025-11-06 16:05
MV-6E,ROOMCON_INI_241121,958,2025-11-06 16:05,2025-11-06 16:05,2,U1,0,Missing,MC96F6432Q,,00000958_2.txt,2025-11-06 16:05,2025-11-06 16:05
MV-6E,ROOMCON_INI_241121,958,2025-11-06 16:05,2025-11-06 16:05,2,U1,1,Bridge,MC96F6432Q,,00000958_2.txt,2025-11-06 16:05,2025-11-06 16:05
MV-6E,ROOMCON_INI_241121,958,2025-11-06 16:05,2025-11-06 16:05,2,U1,2,Bridge,MC96F6432Q,,00000958_2.txt,2025-11-06 16:05,2025-11-06 16:05
MV-6E,ROOMCON_INI_241121,958,2025-11-06 16:05,2025-11-06 16:05,2,U1,3,Bridge,MC96F6432Q,,00000958_2.txt,2025-11-06 16:05,2025-11-06 16:05
MV-6E,ROOMCON_INI_241121,958,2025-11-06 16:05,2025-11-06 16:05,2,U1,4,Bridge,MC96F6432Q,,00000958_2.txt,2025-11-06 16:05,2025-11-06 16:05
MV-6E,ROOMCON_INI_241121,958,2025-11-06 16:05,2025-11-06 16:05,2,U1,5,WrongPart,MC96F6432Q,,00000958_2.txt,2025-11-06 16:05,2025-11-06 16:05
MV-6E,ROOMCON_INI_241121,958,2025-11-06 16:05,2025-11-06 16:05,2,R9,0,Missing,R1608-J10K_OHM,,00000958_2.txt,2025-11-06 16:05,2025-11-06 16:05
MV-6E,ROOMCON_INI_241121,958,2025-11-06 16:05,2025-11-06 16:05,2,R9,1,InsufficientSolder,R1608-J10K_OHM,,00000958_2.txt,2025-11-06 16:05,2025-11-06 16:05
MV-6E,ROOMCON_INI_241121,958,2025-11-06 16:05,2025-11-06 16:05,2,R9,2,InsufficientSolder,R1608-J10K_OHM,,00000958_2.txt,2025-11-06 16:05,2025-11-06 16:05
MV-6E,ROOMCON_INI_241121,958,2025-11-06 16:05,2025-11-06 16:05,2,R9,3,WrongPart,R1608-J10K_OHM,,00000958_2.txt,2025-11-06 16:05,2025-11-06 16:05
MV-6E,ROOMCON_INI_241121,958,2025-11-06 16:05,2025-11-06 16:05,2,R8,0,Missing,R2012-J330_OHM,,00000958_2.txt,2025-11-06 16:05,2025-11-06 16:05
MV-6E,ROOMCON_INI_241121,958,2025-11-06 16:05,2025-11-06 16:05,2,R8,1,NoSolder,R2012-J330_OHM,,00000958_2.txt,2025-11-06 16:05,2025-11-06 16:05
MV-6E,ROOMCON_INI_241121,958,2025-11-06 16:05,2025-11-06 16:05,2,R8,2,InsufficientSolder,R2012-J330_OHM,,00000958_2.txt,2025-11-06 16:05,2025-11-06 16:05
MV-6E,ROOMCON_INI_241121,958,2025-11-06 16:05,2025-11-06 16:05,2,R8,3,WrongPart,R2012-J330_OHM,,00000958_2.txt,2025-11-06 16:05,2025-11-06 16:05
MV-6E,ROOMCON_INI_241121,958,2025-11-06 16:05,2025-11-06 16:05,2,R41,0,Missing,R1608-J560_OHM,,00000958_2.txt,2025-11-06 16:05,2025-11-06 16:05
MV-6E,ROOMCON_INI_241121,958,2025-11-06 16:05,2025-11-06 16:05,2,R41,1,InsufficientSolder,R1608-J560_OHM,,00000958_2.txt,2025-11-06 16:05,2025-11-06 16:05
MV-6E,ROOMCON_INI_241121,958,2025-11-06 16:05,2025-11-06 16:05,2,R41,2,InsufficientSolder,R1608-J560_OHM,,00000958_2.txt,2025-11-06 16:05,2025-11-06 16:05
MV-6E,ROOMCON_INI_241121,958,2025-11-06 16:05,2025-11-06 16:05,2,R41,3,WrongPart,R1608-J560_OHM,,00000958_2.txt,2025-11-06 16:05,2025-11-06 16:05
MV-6E,ROOMCON_INI_241121,958,2025-11-06 16:05,2025-11-06 16:05,2,R36,0,Missing,R1608-J560_OHM,,00000958_2.txt,2025-11-06 16:05,2025-11-06 16:05
MV-6E,ROOMCON_INI_241121,958,2025-11-06 16:05,2025-11-06 16:05,2,R36,1,InsufficientSolder,R1608-J560_OHM,,00000958_2.txt,2025-11-06 16:05,2025-11-06 16:05
MV-6E,ROOMCON_INI_241121,958,2025-11-06 16:05,2025-11-06 16:05,2,R36,2,InsufficientSolder,R1608-J560_OHM,,00000958_2.txt,2025-11-06 16:05,2025-11-06 16:05
MV-6E,ROOMCON_INI_241121,958,2025-11-06 16:05,2025-11-06 16:05,2,R36,3,WrongPart,R1608-J560_OHM,,00000958_2.txt,2025-11-06 16:05,2025-11-06 16:05
MV-6E,ROOMCON_INI_241121,958,2025-11-06 16:05,2025-11-06 16:05,2,R35,0,Missing,R1608-J560_OHM,,00000958_2.txt,2025-11-06 16:05,2025-11-06 16:05
MV-6E,ROOMCON_INI_241121,958,2025-11-06 16:05,2025-11-06 16:05,2,R35,1,InsufficientSolder,R1608-J560_OHM,,00000958_2.txt,2025-11-06 16:05,2025-11-06 16:05
MV-6E,ROOMCON_INI_241121,958,2025-11-06 16:05,2025-11-06 16:05,2,R35,2,InsufficientSolder,R1608-J560_OHM,,00000958_2.txt,2025-11-06 16:05,2025-11-06 16:05
MV-6E,ROOMCON_INI_241121,958,2025-11-06 16:05,2025-11-06 16:05,2,R35,3,WrongPart,R1608-J560_OHM,,00000958_2.txt,2025-11-06 16:05,2025-11-06 16:05
MV-6E,ROOMCON_INI_241121,958,2025-11-06 16:05,2025-11-06 16:05,2,R34,0,Missing,R1608-J560_OHM,,00000958_2.txt,2025-11-06 16:05,2025-11-06 16:05
MV-6E,ROOMCON_INI_241121,958,2025-11-06 16:05,2025-11-06 16:05,2,R34,1,InsufficientSolder,R1608-J560_OHM,,00000958_2.txt,2025-11-06 16:05,2025-11-06 16:05
MV-6E,ROOMCON_INI_241121,958,2025-11-06 16:05,2025-11-06 16:05,2,R34,2,InsufficientSolder,R1608-J560_OHM,,00000958_2.txt,2025-11-06 16:05,2025-11-06 16:05
MV-6E,ROOMCON_INI_241121,958,2025-11-06 16:05,2025-11-06 16:05,2,R34,3,WrongPart,R1608-J560_OHM,,00000958_2.txt,2025-11-06 16:05,2025-11-06 16:05
MV-6E,ROOMCON_INI_241121,958,2025-11-06 16:05,2025-11-06 16:05,2,R33,0,Missing,R1608-J560_OHM,,00000958_2.txt,2025-11-06 16:05,2025-11-06 16:05
MV-6E,ROOMCON_INI_241121,958,2025-11-06 16:05,2025-11-06 16:05,2,R33,1,InsufficientSolder,R1608-J560_OHM,,00000958_2.txt,2025-11-06 16:05,2025-11-06 16:05
MV-6E,ROOMCON_INI_241121,958,2025-11-06 16:05,2025-11-06 16:05,2,R33,2,InsufficientSolder,R1608-J560_OHM,,00000958_2.txt,2025-11-06 16:05,2025-11-06 16:05
MV-6E,ROOMCON_INI_241121,958,2025-11-06 16:05,2025-11-06 16:05,2,R33,3,WrongPart,R1608-J560_OHM,,00000958_2.txt,2025-11-06 16:05,2025-11-06 16:05
MV-6E,ROOMCON_INI_241121,958,2025-11-06 16:05,2025-11-06 16:05,2,R32,0,Missing,R1608-J560_OHM,,00000958_2.txt,2025-11-06 16:05,2025-11-06 16:05
MV-6E,ROOMCON_INI_241121,958,2025-11-06 16:05,2025-11-06 16:05,2,R32,1,InsufficientSolder,R1608-J560_OHM,,00000958_2.txt,2025-11-06 16:05,2025-11-06 16:05
MV-6E,ROOMCON_INI_241121,958,2025-11-06 16:05,2025-11-06 16:05,2,R32,2,InsufficientSolder,R1608-J560_OHM,,00000958_2.txt,2025-11-06 16:05,2025-11-06 16:05
MV-6E,ROOMCON_INI_241121,958,2025-11-06 16:05,2025-11-06 16:05,2,R32,3,WrongPart,R1608-J560_OHM,,00000958_2.txt,2025-11-06 16:05,2025-11-06 16:05
MV-6E,ROOMCON_INI_241121,958,2025-11-06 16:05,2025-11-06 16:05,2,R31,0,Missing,R1608-J560_OHM,,00000958_2.txt,2025-11-06 16:05,2025-11-06 16:05
MV-6E,ROOMCON_INI_241121,958,2025-11-06 16:05,2025-11-06 16:05,2,R31,1,InsufficientSolder,R1608-J560_OHM,,00000958_2.txt,2025-11-06 16:05,2025-11-06 16:05
MV-6E,ROOMCON_INI_241121,958,2025-11-06 16:05,2025-11-06 16:05,2,R31,2,InsufficientSolder,R1608-J560_OHM,,00000958_2.txt,2025-11-06 16:05,2025-11-06 16:05
MV-6E,ROOMCON_INI_241121,958,2025-11-06 16:05,2025-11-06 16:05,2,R31,3,WrongPart,R1608-J560_OHM,,00000958_2.txt,2025-11-06 16:05,2025-11-06 16:05
MV-6E,ROOMCON_INI_241121,958,2025-11-06 16:05,2025-11-06 16:05,2,R30,0,Missing,R1608-J560_OHM,,00000958_2.txt,2025-11-06 16:05,2025-11-06 16:05
MV-6E,ROOMCON_INI_241121,958,2025-11-06 16:05,2025-11-06 16:05,2,R30,1,InsufficientSolder,R1608-J560_OHM,,00000958_2.txt,2025-11-06 16:05,2025-11-06 16:05
MV-6E,ROOMCON_INI_241121,958,2025-11-06 16:05,2025-11-06 16:05,2,R30,2,InsufficientSolder,R1608-J560_OHM,,00000958_2.txt,2025-11-06 16:05,2025-11-06 16:05
MV-6E,ROOMCON_INI_241121,958,2025-11-06 16:05,2025-11-06 16:05,2,R30,3,WrongPart,R1608-J560_OHM,,00000958_2.txt,2025-11-06 16:05,2025-11-06 16:05
MV-6E,ROOMCON_INI_241121,958,2025-11-06 16:05,2025-11-06 16:05,2,R22,0,Missing,R2012-J4.7_OHM,,00000958_2.txt,2025-11-06 16:05,2025-11-06 16:05
MV-6E,ROOMCON_INI_241121,958,2025-11-06 16:05,2025-11-06 16:05,2,R22,1,NoSolder,R2012-J4.7_OHM,,00000958_2.txt,2025-11-06 16:05,2025-11-06 16:05
MV-6E,ROOMCON_INI_241121,958,2025-11-06 16:05,2025-11-06 16:05,2,R22,2,InsufficientSolder,R2012-J4.7_OHM,,00000958_2.txt,2025-11-06 16:05,2025-11-06 16:05
MV-6E,ROOMCON_INI_241121,958,2025-11-06 16:05,2025-11-06 16:05,2,R22,3,WrongPart,R2012-J4.7_OHM,,00000958_2.txt,2025-11-06 16:05,2025-11-06 16:05
MV-6E,ROOMCON_INI_241121,958,2025-11-06 16:05,2025-11-06 16:05,2,R21,0,Missing,R1608-J2K_OHM,,00000958_2.txt,2025-11-06 16:05,2025-11-06 16:05
MV-6E,ROOMCON_INI_241121,958,2025-11-06 16:05,2025-11-06 16:05,2,R21,1,InsufficientSolder,R1608-J2K_OHM,,00000958_2.txt,2025-11-06 16:05,2025-11-06 16:05
MV-6E,ROOMCON_INI_241121,958,2025-11-06 16:05,2025-11-06 16:05,2,R21,2,InsufficientSolder,R1608-J2K_OHM,,00000958_2.txt,2025-11-06 16:05,2025-11-06 16:05
MV-6E,ROOMCON_INI_241121,958,2025-11-06 16:05,2025-11-06 16:05,2,R21,3,WrongPart,R1608-J2K_OHM,,00000958_2.txt,2025-11-06 16:05,2025-11-06 16:05
MV-6E,ROOMCON_INI_241121,958,2025-11-06 16:05,2025-11-06 16:05,2,R19,0,Missing,R1608-J10K_OHM,,00000958_2.txt,2025-11-06 16:05,2025-11-06 16:05
MV-6E,ROOMCON_INI_241121,958,2025-11-06 16:05,2025-11-06 16:05,2,R19,1,InsufficientSolder,R1608-J10K_OHM,,00000958_2.txt,2025-11-06 16:05,2025-11-06 16:05
MV-6E,ROOMCON_INI_241121,958,2025-11-06 16:05,2025-11-06 16:05,2,R19,2,InsufficientSolder,R1608-J10K_OHM,,00000958_2.txt,2025-11-06 16:05,2025-11-06 16:05
MV-6E,ROOMCON_INI_241121,958,2025-11-06 16:05,2025-11-06 16:05,2,R19,3,WrongPart,R1608-J10K_OHM,,00000958_2.txt,2025-11-06 16:05,2025-11-06 16:05
MV-6E,ROOMCON_INI_241121,958,2025-11-06 16:05,2025-11-06 16:05,2,R15,0,Missing,R1608-J2K_OHM,,00000958_2.txt,2025-11-06 16:05,2025-11-06 16:05
MV-6E,ROOMCON_INI_241121,958,2025-11-06 16:05,2025-11-06 16:05,2,R15,1,InsufficientSolder,R1608-J2K_OHM,,00000958_2.txt,2025-11-06 16:05,2025-11-06 16:05
MV-6E,ROOMCON_INI_241121,958,2025-11-06 16:05,2025-11-06 16:05,2,R15,2,InsufficientSolder,R1608-J2K_OHM,,00000958_2.txt,2025-11-06 16:05,2025-11-06 16:05
MV-6E,ROOMCON_INI_241121,958,2025-11-06 16:05,2025-11-06 16:05,2,R15,3,WrongPart,R1608-J2K_OHM,,00000958_2.txt,2025-11-06 16:05,2025-11-06 16:05
MV-6E,ROOMCON_INI_241121,958,2025-11-06 16:05,2025-11-06 16:05,2,R14,0,Missing,R1608-100K_OHM,,00000958_2.txt,2025-11-06 16:05,2025-11-06 16:05
MV-6E,ROOMCON_INI_241121,958,2025-11-06 16:05,2025-11-06 16:05,2,R14,1,NoSolder,R1608-100K_OHM,,00000958_2.txt,2025-11-06 16:05,2025-11-06 16:05
MV-6E,ROOMCON_INI_241121,958,2025-11-06 16:05,2025-11-06 16:05,2,R14,2,NoSolder,R1608-100K_OHM,,00000958_2.txt,2025-11-06 16:05,2025-11-06 16:05
MV-6E,ROOMCON_INI_241121,958,2025-11-06 16:05,2025-11-06 16:05,2,R14,3,WrongPart,R1608-100K_OHM,,00000958_2.txt,2025-11-06 16:05,2025-11-06 16:05
MV-6E,ROOMCON_INI_241121,958,2025-11-06 16:05,2025-11-06 16:05,2,R1,0,Missing,R1608-J10K_OHM,,00000958_2.txt,2025-11-06 16:05,2025-11-06 16:05
MV-6E,ROOMCON_INI_241121,958,2025-11-06 16:05,2025-11-06 16:05,2,R1,1,InsufficientSolder,R1608-J10K_OHM,,00000958_2.txt,2025-11-06 16:05,2025-11-06 16:05
MV-6E,ROOMCON_INI_241121,958,2025-11-06 16:05,2025-11-06 16:05,2,R1,2,InsufficientSolder,R1608-J10K_OHM,,00000958_2.txt,2025-11-06 16:05,2025-11-06 16:05
MV-6E,ROOMCON_INI_241121,958,2025-11-06 16:05,2025-11-06 16:05,2,R1,3,WrongPart,R1608-J10K_OHM,,00000958_2.txt,2025-11-06 16:05,2025-11-06 16:05
MV-6E,ROOMCON_INI_241121,958,2025-11-06 16:05,2025-11-06 16:05,2,Q1,0,Missing,KRC102S,,00000958_2.txt,2025-11-06 16:05,2025-11-06 16:05
MV-6E,ROOMCON_INI_241121,958,2025-11-06 16:05,2025-11-06 16:05,2,Q1,4,WrongPart,KRC102S,,00000958_2.txt,2025-11-06 16:05,2025-11-06 16:05
MV-6E,ROOMCON_INI_241121,958,2025-11-06 16:05,2025-11-06 16:05,2,FET1,0,Missing,RU207C,,00000958_2.txt,2025-11-06 16:05,2025-11-06 16:05
MV-6E,ROOMCON_INI_241121,958,2025-11-06 16:05,2025-11-06 16:05,2,FET1,1,InsufficientSolder,RU207C,,00000958_2.txt,2025-11-06 16:05,2025-11-06 16:05
MV-6E,ROOMCON_INI_241121,958,2025-11-06 16:05,2025-11-06 16:05,2,FET1,2,InsufficientSolder,RU207C,,00000958_2.txt,2025-11-06 16:05,2025-11-06 16:05
MV-6E,ROOMCON_INI_241121,958,2025-11-06 16:05,2025-11-06 16:05,2,FET1,3,InsufficientSolder,RU207C,,00000958_2.txt,2025-11-06 16:05,2025-11-06 16:05
MV-6E,ROOMCON_INI_241121,958,2025-11-06 16:05,2025-11-06 16:05,2,D7,0,Missing,LL4148,,00000958_2.txt,2025-11-06 16:05,2025-11-06 16:05
MV-6E,ROOMCON_INI_241121,958,2025-11-06 16:05,2025-11-06 16:05,2,D7,2,NoSolder,LL4148,,00000958_2.txt,2025-11-06 16:05,2025-11-06 16:05
MV-6E,ROOMCON_INI_241121,958,2025-11-06 16:05,2025-11-06 16:05,2,D6,0,Missing,LL4148,,00000958_2.txt,2025-11-06 16:05,2025-11-06 16:05
MV-6E,ROOMCON_INI_241121,958,2025-11-06 16:05,2025-11-06 16:05,2,D6,2,NoSolder,LL4148,,00000958_2.txt,2025-11-06 16:05,2025-11-06 16:05
MV-6E,ROOMCON_INI_241121,958,2025-11-06 16:05,2025-11-06 16:05,2,D5,0,Missing,LL4148,,00000958_2.txt,2025-11-06 16:05,2025-11-06 16:05
MV-6E,ROOMCON_INI_241121,958,2025-11-06 16:05,2025-11-06 16:05,2,D5,2,NoSolder,LL4148,,00000958_2.txt,2025-11-06 16:05,2025-11-06 16:05
MV-6E,ROOMCON_INI_241121,958,2025-11-06 16:05,2025-11-06 16:05,2,D4,0,Missing,M4,,00000958_2.txt,2025-11-06 16:05,2025-11-06 16:05
MV-6E,ROOMCON_INI_241121,958,2025-11-06 16:05,2025-11-06 16:05,2,D4,1,InsufficientSolder,M4,,00000958_2.txt,2025-11-06 16:05,2025-11-06 16:05
MV-6E,ROOMCON_INI_241121,958,2025-11-06 16:05,2025-11-06 16:05,2,D4,2,InsufficientSolder,M4,,00000958_2.txt,2025-11-06 16:05,2025-11-06 16:05
MV-6E,ROOMCON_INI_241121,958,2025-11-06 16:05,2025-11-06 16:05,2,D3,0,Missing,M4,,00000958_2.txt,2025-11-06 16:05,2025-11-06 16:05
MV-6E,ROOMCON_INI_241121,958,2025-11-06 16:05,2025-11-06 16:05,2,D3,1,InsufficientSolder,M4,,00000958_2.txt,2025-11-06 16:05,2025-11-06 16:05
MV-6E,ROOMCON_INI_241121,958,2025-11-06 16:05,2025-11-06 16:05,2,D3,2,InsufficientSolder,M4,,00000958_2.txt,2025-11-06 16:05,2025-11-06 16:05
MV-6E,ROOMCON_INI_241121,958,2025-11-06 16:05,2025-11-06 16:05,2,D2,0,Missing,M4,,00000958_2.txt,2025-11-06 16:05,2025-11-06 16:05
MV-6E,ROOMCON_INI_241121,958,2025-11-06 16:05,2025-11-06 16:05,2,D2,1,InsufficientSolder,M4,,00000958_2.txt,2025-11-06 16:05,2025-11-06 16:05
MV-6E,ROOMCON_INI_241121,958,2025-11-06 16:05,2025-11-06 16:05,2,D2,2,InsufficientSolder,M4,,00000958_2.txt,2025-11-06 16:05,2025-11-06 16:05
MV-6E,ROOMCON_INI_241121,958,2025-11-06 16:05,2025-11-06 16:05,2,D1,0,Missing,M4,,00000958_2.txt,2025-11-06 16:05,2025-11-06 16:05
MV-6E,ROOMCON_INI_241121,958,2025-11-06 16:05,2025-11-06 16:05,2,D1,1,InsufficientSolder,M4,,00000958_2.txt,2025-11-06 16:05,2025-11-06 16:05
MV-6E,ROOMCON_INI_241121,958,2025-11-06 16:05,2025-11-06 16:05,2,D1,2,InsufficientSolder,M4,,00000958_2.txt,2025-11-06 16:05,2025-11-06 16:05
MV-6E,ROOMCON_INI_241121,958,2025-11-06 16:05,2025-11-06 16:05,2,C9,0,Missing,C1608-100nF_50V_10%,,00000958_2.txt,2025-11-06 16:05,2025-11-06 16:05
MV-6E,ROOMCON_INI_241121,958,2025-11-06 16:05,2025-11-06 16:05,2,C9,1,NoSolder,C1608-100nF_50V_10%,,00000958_2.txt,2025-11-06 16:05,2025-11-06 16:05
MV-6E,ROOMCON_INI_241121,958,2025-11-06 16:05,2025-11-06 16:05,2,C9,2,NoSolder,C1608-100nF_50V_10%,,00000958_2.txt,2025-11-06 16:05,2025-11-06 16:05
MV-6E,ROOMCON_INI_241121,958,2025-11-06 16:05,2025-11-06 16:05,2,C6,0,Missing,C2012-10uF_16V_10%,,00000958_2.txt,2025-11-06 16:05,2025-11-06 16:05
MV-6E,ROOMCON_INI_241121,958,2025-11-06 16:05,2025-11-06 16:05,2,C6,1,NoSolder,C2012-10uF_16V_10%,,00000958_2.txt,2025-11-06 16:05,2025-11-06 16:05
MV-6E,ROOMCON_INI_241121,958,2025-11-06 16:05,2025-11-06 16:05,2,C6,2,NoSolder,C2012-10uF_16V_10%,,00000958_2.txt,2025-11-06 16:05,2025-11-06 16:05
MV-6E,ROOMCON_INI_241121,958,2025-11-06 16:05,2025-11-06 16:05,2,C5,0,Missing,C1608-3pF_50V_10%,,00000958_2.txt,2025-11-06 16:05,2025-11-06 16:05
MV-6E,ROOMCON_INI_241121,958,2025-11-06 16:05,2025-11-06 16:05,2,C5,1,NoSolder,C1608-3pF_50V_10%,,00000958_2.txt,2025-11-06 16:05,2025-11-06 16:05
MV-6E,ROOMCON_INI_241121,958,2025-11-06 16:05,2025-11-06 16:05,2,C5,2,NoSolder,C1608-3pF_50V_10%,,00000958_2.txt,2025-11-06 16:05,2025-11-06 16:05
MV-6E,ROOMCON_INI_241121,958,2025-11-06 16:05,2025-11-06 16:05,2,C4,0,Missing,C2012-10uF_16V_10%,,00000958_2.txt,2025-11-06 16:05,2025-11-06 16:05
MV-6E,ROOMCON_INI_241121,958,2025-11-06 16:05,2025-11-06 16:05,2,C4,1,NoSolder,C2012-10uF_16V_10%,,00000958_2.txt,2025-11-06 16:05,2025-11-06 16:05
MV-6E,ROOMCON_INI_241121,958,2025-11-06 16:05,2025-11-06 16:05,2,C4,2,NoSolder,C2012-10uF_16V_10%,,00000958_2.txt,2025-11-06 16:05,2025-11-06 16:05
MV-6E,ROOMCON_INI_241121,958,2025-11-06 16:05,2025-11-06 16:05,2,C3,0,Missing,C1608-100nF_50V_10%,,00000958_2.txt,2025-11-06 16:05,2025-11-06 16:05
MV-6E,ROOMCON_INI_241121,958,2025-11-06 16:05,2025-11-06 16:05,2,C3,1,NoSolder,C1608-100nF_50V_10%,,00000958_2.txt,2025-11-06 16:05,2025-11-06 16:05
MV-6E,ROOMCON_INI_241121,958,2025-11-06 16:05,2025-11-06 16:05,2,C3,2,NoSolder,C1608-100nF_50V_10%,,00000958_2.txt,2025-11-06 16:05,2025-11-06 16:05
MV-6E,ROOMCON_INI_241121,958,2025-11-06 16:05,2025-11-06 16:05,2,C2,0,Missing,C1608-100nF_50V_10%,,00000958_2.txt,2025-11-06 16:05,2025-11-06 16:05
MV-6E,ROOMCON_INI_241121,958,2025-11-06 16:05,2025-11-06 16:05,2,C2,1,NoSolder,C1608-100nF_50V_10%,,00000958_2.txt,2025-11-06 16:05,2025-11-06 16:05
MV-6E,ROOMCON_INI_241121,958,2025-11-06 16:05,2025-11-06 16:05,2,C2,2,NoSolder,C1608-100nF_50V_10%,,00000958_2.txt,2025-11-06 16:05,2025-11-06 16:05
MV-6E,ROOMCON_INI_241121,958,2025-11-06 16:05,2025-11-06 16:05,2,C10,0,Missing,C1608-100nF_50V_10%,,00000958_2.txt,2025-11-06 16:05,2025-11-06 16:05
MV-6E,ROOMCON_INI_241121,958,2025-11-06 16:05,2025-11-06 16:05,2,C10,1,NoSolder,C1608-100nF_50V_10%,,00000958_2.txt,2025-11-06 16:05,2025-11-06 16:05
MV-6E,ROOMCON_INI_241121,958,2025-11-06 16:05,2025-11-06 16:05,2,C10,2,NoSolder,C1608-100nF_50V_10%,,00000958_2.txt,2025-11-06 16:05,2025-11-06 16:05
MV-6E,ROOMCON_INI_241121,958,2025-11-06 16:05,2025-11-06 16:05,2,C1,0,Missing,C1608-100nF_50V_10%,,00000958_2.txt,2025-11-06 16:05,2025-11-06 16:05
MV-6E,ROOMCON_INI_241121,958,2025-11-06 16:05,2025-11-06 16:05,2,C1,1,NoSolder,C1608-100nF_50V_10%,,00000958_2.txt,2025-11-06 16:05,2025-11-06 16:05
MV-6E,ROOMCON_INI_241121,958,2025-11-06 16:05,2025-11-06 16:05,2,C1,2,NoSolder,C1608-100nF_50V_10%,,00000958_2.txt,2025-11-06 16:05,2025-11-06 16:05
MV-6E,ROOMCON_INI_241121,958,2025-11-06 16:05,2025-11-06 16:05,2,R11,0,Missing,R1608-J10K_OHM,,00000958_2.txt,2025-11-06 16:05,2025-11-06 16:05
MV-6E,ROOMCON_INI_241121,958,2025-11-06 16:05,2025-11-06 16:05,2,R11,1,InsufficientSolder,R1608-J10K_OHM,,00000958_2.txt,2025-11-06 16:05,2025-11-06 16:05
MV-6E,ROOMCON_INI_241121,958,2025-11-06 16:05,2025-11-06 16:05,2,R11,2,InsufficientSolder,R1608-J10K_OHM,,00000958_2.txt,2025-11-06 16:05,2025-11-06 16:05
MV-6E,ROOMCON_INI_241121,958,2025-11-06 16:05,2025-11-06 16:05,2,R11,3,WrongPart,R1608-J10K_OHM,,00000958_2.txt,2025-11-06 16:05,2025-11-06 16:05
MV-6E,ROOMCON_INI_241121,958,2025-11-06 16:05,2025-11-06 16:05,2,LD1,0,Missing,LED2012_RED,,00000958_2.txt,2025-11-06 16:05,2025-11-06 16:05
MV-6E,ROOMCON_INI_241121,958,2025-11-06 16:05,2025-11-06 16:05,2,LD1,1,InsufficientSolder,LED2012_RED,,00000958_2.txt,2025-11-06 16:05,2025-11-06 16:05
MV-6E,ROOMCON_INI_241121,958,2025-11-06 16:05,2025-11-06 16:05,2,LD1,2,InsufficientSolder,LED2012_RED,,00000958_2.txt,2025-11-06 16:05,2025-11-06 16:05
MV-6E,ROOMCON_INI_241121,961,2025-11-10 10:09,2025-11-10 10:09,0,D4,1,InsufficientSolder,M4,,00000961_2.txt,2025-11-10 10:09,2025-11-10 10:09
MV-6E,ROOMCON_INI_241121,961,2025-11-10 10:09,2025-11-10 10:09,1,U1,4,InsufficientSolder,MC96F6432Q,,00000961_2.txt,2025-11-10 10:09,2025-11-10 10:09
MV-6E,ROOMCON_INI_241121,974,2025-11-10 10:21,2025-11-10 10:21,2,R30,0,Tilt,R1608-J560_OHM,,00000974_2.txt,2025-11-10 10:21,2025-11-10 10:21
MV-6E,ROOMCON_INI_241121,975,2025-11-10 10:21,2025-11-10 10:21,2,U4,2,InsufficientSolder,GTC08L-SO,,00000975_2.txt,2025-11-10 10:21,2025-11-10 10:21
MV-6E,ROOMCON_INI_241121,977,2025-11-10 10:22,2025-11-10 10:22,0,Q1,0,Tilt,KRC102S,,00000977_2.txt,2025-11-10 10:22,2025-11-10 10:22
MV-6E,ROOMCON_INI_241121,983,2025-11-10 10:25,2025-11-10 10:25,2,U4,2,InsufficientSolder,GTC08L-SO,,00000983_2.txt,2025-11-10 10:25,2025-11-10 10:25
MV-6E,ROOMCON_INI_241121,988,2025-11-10 10:28,2025-11-10 10:28,0,U1,1,InsufficientSolder,MC96F6432Q,,00000988_2.txt,2025-11-10 10:28,2025-11-10 10:28
MV-6E,ROOMCON_INI_241121,1009,2025-11-10 10:39,2025-11-10 10:39,1,Q1,0,Tilt,KRC102S,,00001009_2.txt,2025-11-10 10:39,2025-11-10 10:39
MV-6E,ROOMCON_INI_241121,1017,2025-11-10 10:43,2025-11-10 10:43,0,Q1,0,Tilt,KRC102S,,00001017_2.txt,2025-11-10 10:43,2025-11-10 10:43
MV-6E,ROOMCON_INI_241121,1020,2025-11-10 10:45,2025-11-10 10:45,2,R1,0,Tilt,R1608-J10K_OHM,,00001020_2.txt,2025-11-10 10:45,2025-11-10 10:45
MV-6E,ROOMCON_INI_241121,1024,2025-11-10 10:47,2025-11-10 10:47,0,R14,3,WrongPart,R1608-100K_OHM,,00001024_2.txt,2025-11-10 10:47,2025-11-10 10:47
MV-6E,ROOMCON_INI_241121,1025,2025-11-10 10:47,2025-11-10 10:47,1,U4,0,Tilt,GTC08L-SO,,00001025_2.txt,2025-11-10 10:47,2025-11-10 10:47
MV-6E,ROOMCON_INI_241121,1025,2025-11-10 10:47,2025-11-10 10:47,1,U4,1,LiftedLead,GTC08L-SO,,00001025_2.txt,2025-11-10 10:47,2025-11-10 10:47
MV-6E,ROOMCON_INI_241121,1025,2025-11-10 10:47,2025-11-10 10:47,1,U4,2,InsufficientSolder,GTC08L-SO,,00001025_2.txt,2025-11-10 10:47,2025-11-10 10:47
MV-6E,ROOMCON_INI_241121,1025,2025-11-10 10:47,2025-11-10 10:47,2,U4,0,Tilt,GTC08L-SO,,00001025_2.txt,2025-11-10 10:47,2025-11-10 10:47
MV-6E,ROOMCON_INI_241121,1025,2025-11-10 10:47,2025-11-10 10:47,2,U4,2,LiftedLead,GTC08L-SO,,00001025_2.txt,2025-11-10 10:47,2025-11-10 10:47
MV-6E,ROOMCON_INI_241121,1029,2025-11-10 10:50,2025-11-10 10:50,1,Q1,0,Tilt,KRC102S,,00001029_2.txt,2025-11-10 10:50,2025-11-10 10:50
MV-6E,ROOMCON_INI_241121,1037,2025-11-10 10:54,2025-11-10 10:54,2,R31,3,WrongPart,R1608-J560_OHM,,00001037_2.txt,2025-11-10 10:54,2025-11-10 10:54
MV-6E,ROOMCON_INI_241121,1038,2025-11-10 10:55,2025-11-10 10:55,0,R36,3,WrongPart,R1608-J560_OHM,,00001038_2.txt,2025-11-10 10:55,2025-11-10 10:55
MV-6E,ROOMCON_INI_241121,1038,2025-11-10 10:55,2025-11-10 10:55,0,R35,3,WrongPart,R1608-J560_OHM,,00001038_2.txt,2025-11-10 10:55,2025-11-10 10:55
MV-6E,ROOMCON_INI_241121,1038,2025-11-10 10:55,2025-11-10 10:55,0,R32,0,Missing,R1608-J560_OHM,,00001038_2.txt,2025-11-10 10:55,2025-11-10 10:55
MV-6E,ROOMCON_INI_241121,1038,2025-11-10 10:55,2025-11-10 10:55,0,R32,3,WrongPart,R1608-J560_OHM,,00001038_2.txt,2025-11-10 10:55,2025-11-10 10:55
MV-6E,ROOMCON_INI_241121,1038,2025-11-10 10:55,2025-11-10 10:55,0,R30,3,WrongPart,R1608-J560_OHM,,00001038_2.txt,2025-11-10 10:55,2025-11-10 10:55
MV-6E,ROOMCON_INI_241121,1038,2025-11-10 10:55,2025-11-10 10:55,1,R34,3,WrongPart,R1608-J560_OHM,,00001038_2.txt,2025-11-10 10:55,2025-11-10 10:55
MV-6E,ROOMCON_INI_241121,1038,2025-11-10 10:55,2025-11-10 10:55,1,R33,3,WrongPart,R1608-J560_OHM,,00001038_2.txt,2025-11-10 10:55,2025-11-10 10:55
MV-6E,ROOMCON_INI_241121,1038,2025-11-10 10:55,2025-11-10 10:55,1,R32,3,WrongPart,R1608-J560_OHM,,00001038_2.txt,2025-11-10 10:55,2025-11-10 10:55
MV-6E,ROOMCON_INI_241121,1038,2025-11-10 10:55,2025-11-10 10:55,1,R30,3,WrongPart,R1608-J560_OHM,,00001038_2.txt,2025-11-10 10:55,2025-11-10 10:55
MV-6E,ROOMCON_INI_241121,1038,2025-11-10 10:55,2025-11-10 10:55,2,R41,0,Missing,R1608-J560_OHM,,00001038_2.txt,2025-11-10 10:55,2025-11-10 10:55
MV-6E,ROOMCON_INI_241121,1038,2025-11-10 10:55,2025-11-10 10:55,2,R36,0,Missing,R1608-J560_OHM,,00001038_2.txt,2025-11-10 10:55,2025-11-10 10:55
MV-6E,ROOMCON_INI_241121,1038,2025-11-10 10:55,2025-11-10 10:55,2,R34,3,WrongPart,R1608-J560_OHM,,00001038_2.txt,2025-11-10 10:55,2025-11-10 10:55
MV-6E,ROOMCON_INI_241121,1038,2025-11-10 10:55,2025-11-10 10:55,2,R33,3,WrongPart,R1608-J560_OHM,,00001038_2.txt,2025-11-10 10:55,2025-11-10 10:55
MV-6E,ROOMCON_INI_241121,1038,2025-11-10 10:55,2025-11-10 10:55,2,R30,3,WrongPart,R1608-J560_OHM,,00001038_2.txt,2025-11-10 10:55,2025-11-10 10:55
MV-6E,ROOMCON_INI_241121,1050,2025-11-10 11:02,2025-11-10 11:02,2,D7,0,Missing,LL4148,,00001050_2.txt,2025-11-10 11:02,2025-11-10 11:02
MV-6E,ROOMCON_INI_241121,1056,2025-11-10 11:06,2025-11-10 11:06,0,D5,0,Rotate,LL4148,,00001056_2.txt,2025-11-10 11:06,2025-11-10 11:06
MV-6E,ROOMCON_INI_241121,1061,2025-11-10 11:08,2025-11-10 11:08,2,Q1,0,LiftedPackage,KRC102S,,00001061_2.txt,2025-11-10 11:08,2025-11-10 11:08
MV-6E,ROOMCON_INI_241121,1061,2025-11-10 11:08,2025-11-10 11:08,2,Q1,4,WrongPart,KRC102S,,00001061_2.txt,2025-11-10 11:08,2025-11-10 11:08
MV-6E,ROOMCON_INI_241121,1065,2025-11-10 11:10,2025-11-10 11:10,2,R14,3,WrongPart,R1608-100K_OHM,,00001065_2.txt,2025-11-10 11:10,2025-11-10 11:10
MV-6E,ROOMCON_INI_241121,1084,2025-11-10 11:20,2025-11-10 11:20,1,U1,4,InsufficientSolder,MC96F6432Q,,00001084_2.txt,2025-11-10 11:20,2025-11-10 11:20
MV-6E,ROOMCON_INI_241121,1084,2025-11-10 11:20,2025-11-10 11:20,2,U1,1,InsufficientSolder,MC96F6432Q,,00001084_2.txt,2025-11-10 11:20,2025-11-10 11:20
MV-6E,ROOMCON_INI_241121,1089,2025-11-10 11:59,2025-11-10 11:59,0,Q1,0,Tilt,KRC102S,,00001089_2.txt,2025-11-10 11:59,2025-11-10 11:59
MV-6E,ROOMCON_INI_241121,1090,2025-11-10 12:00,2025-11-10 12:00,1,Q1,0,Tilt,KRC102S,,00001090_2.txt,2025-11-10 12:00,2025-11-10 12:00
MV-6E,ROOMCON_INI_241121,1104,2025-11-10 12:07,2025-11-10 12:07,1,R14,2,InsufficientSolder,R1608-100K_OHM,,00001104_2.txt,2025-11-10 12:07,2025-11-10 12:07
MV-6E,ROOMCON_INI_241121,1104,2025-11-10 12:07,2025-11-10 12:07,2,Q1,0,Tilt,KRC102S,,00001104_2.txt,2025-11-10 12:07,2025-11-10 12:07
MV-6E,ROOMCON_INI_241121,1108,2025-11-10 12:09,2025-11-10 12:09,1,R8,1,InsufficientSolder,R2012-J330_OHM,,00001108_2.txt,2025-11-10 12:09,2025-11-10 12:09
MV-6E,ROOMCON_INI_241121,1111,2025-11-10 12:11,2025-11-10 12:11,1,U4,1,InsufficientSolder,GTC08L-SO,,00001111_2.txt,2025-11-10 12:11,2025-11-10 12:11
MV-6E,ROOMCON_INI_241121,1112,2025-11-10 12:11,2025-11-10 12:11,0,U1,3,Bridge,MC96F6432Q,,00001112_2.txt,2025-11-10 12:11,2025-11-10 12:11
MV-6E,ROOMCON_INI_241121,1113,2025-11-10 12:12,2025-11-10 12:12,1,R1,0,Tilt,R1608-J10K_OHM,,00001113_2.txt,2025-11-10 12:12,2025-11-10 12:12
MV-6E,ROOMCON_INI_241121,1118,2025-11-10 12:14,2025-11-10 12:14,0,R19,0,Tilt,R1608-J10K_OHM,,00001118_2.txt,2025-11-10 12:14,2025-11-10 12:14
MV-6E,ROOMCON_INI_241121,1118,2025-11-10 12:14,2025-11-10 12:14,1,R19,0,Tilt,R1608-J10K_OHM,,00001118_2.txt,2025-11-10 12:14,2025-11-10 12:14
MV-6E,ROOMCON_INI_241121,1118,2025-11-10 12:14,2025-11-10 12:14,1,Q1,0,Tilt,KRC102S,,00001118_2.txt,2025-11-10 12:14,2025-11-10 12:14
MV-6E,ROOMCON_INI_241121,1118,2025-11-10 12:14,2025-11-10 12:14,2,R9,0,Tilt,R1608-J10K_OHM,,00001118_2.txt,2025-11-10 12:14,2025-11-10 12:14
MV-6E,ROOMCON_INI_241121,1118,2025-11-10 12:14,2025-11-10 12:14,2,R19,0,Tilt,R1608-J10K_OHM,,00001118_2.txt,2025-11-10 12:14,2025-11-10 12:14
MV-6E,ROOMCON_INI_241121,1119,2025-11-10 12:15,2025-11-10 12:15,0,R9,0,Tilt,R1608-J10K_OHM,,00001119_2.txt,2025-11-10 12:15,2025-11-10 12:15
MV-6E,ROOMCON_INI_241121,1119,2025-11-10 12:15,2025-11-10 12:15,0,R19,0,Tilt,R1608-J10K_OHM,,00001119_2.txt,2025-11-10 12:15,2025-11-10 12:15
MV-6E,ROOMCON_INI_241121,1119,2025-11-10 12:15,2025-11-10 12:15,0,R11,0,Tilt,R1608-J10K_OHM,,00001119_2.txt,2025-11-10 12:15,2025-11-10 12:15
MV-6E,ROOMCON_INI_241121,1119,2025-11-10 12:15,2025-11-10 12:15,0,R1,0,Tilt,R1608-J10K_OHM,,00001119_2.txt,2025-11-10 12:15,2025-11-10 12:15
MV-6E,ROOMCON_INI_241121,1119,2025-11-10 12:15,2025-11-10 12:15,2,U1,3,Bridge,MC96F6432Q,,00001119_2.txt,2025-11-10 12:15,2025-11-10 12:15
MV-6E,ROOMCON_INI_241121,1119,2025-11-10 12:15,2025-11-10 12:15,2,R9,0,Tilt,R1608-J10K_OHM,,00001119_2.txt,2025-11-10 12:15,2025-11-10 12:15
MV-6E,ROOMCON_INI_241121,1119,2025-11-10 12:15,2025-11-10 12:15,2,R19,0,Tilt,R1608-J10K_OHM,,00001119_2.txt,2025-11-10 12:15,2025-11-10 12:15
MV-6E,ROOMCON_INI_241121,1119,2025-11-10 12:15,2025-11-10 12:15,2,R1,0,Tilt,R1608-J10K_OHM,,00001119_2.txt,2025-11-10 12:15,2025-11-10 12:15
MV-6E,ROOMCON_INI_241121,1119,2025-11-10 12:15,2025-11-10 12:15,2,R11,0,Tilt,R1608-J10K_OHM,,00001119_2.txt,2025-11-10 12:15,2025-11-10 12:15
MV-6E,ROOMCON_INI_241121,1125,2025-11-10 12:17,2025-11-10 12:17,1,Q1,0,Tilt,KRC102S,,00001125_2.txt,2025-11-10 12:17,2025-11-10 12:17
MV-6E,ROOMCON_INI_241121,1131,2025-11-10 12:20,2025-11-10 12:20,1,U1,3,Bridge,MC96F6432Q,,00001131_2.txt,2025-11-10 12:20,2025-11-10 12:20
MV-6E,ROOMCON_INI_241121,1131,2025-11-10 12:20,2025-11-10 12:20,2,U1,3,Bridge,MC96F6432Q,,00001131_2.txt,2025-11-10 12:20,2025-11-10 12:20
MV-6E,ROOMCON_INI_241121,1141,2025-11-10 12:26,2025-11-10 12:26,1,D5,0,Rotate,LL4148,,00001141_2.txt,2025-11-10 12:26,2025-11-10 12:26
MV-6E,ROOMCON_INI_241121,1145,2025-11-10 12:28,2025-11-10 12:28,0,R14,0,Tilt,R1608-100K_OHM,,00001145_1.txt,2025-11-10 12:28,2025-11-10 12:28
MV-6E,ROOMCON_INI_241121,1159,2025-11-10 12:35,2025-11-10 12:35,0,Q1,0,Tilt,KRC102S,,00001159_1.txt,2025-11-10 12:35,2025-11-10 12:35
MV-6E,ROOMCON_INI_241121,1167,2025-11-10 12:39,2025-11-10 12:39,0,R14,2,InsufficientSolder,R1608-100K_OHM,,00001167_1.txt,2025-11-10 12:39,2025-11-10 12:39
MV-6E,ROOMCON_INI_241121,1170,2025-11-10 12:41,2025-11-10 12:41,0,C1,0,Tilt,C1608-100nF_50V_10%,,00001170_1.txt,2025-11-10 12:41,2025-11-10 12:41
MV-6E,ROOMCON_INI_241121,1176,2025-11-10 12:44,2025-11-10 12:44,2,U1,3,Bridge,MC96F6432Q,,00001176_1.txt,2025-11-10 12:44,2025-11-10 12:44
MV-6E,ROOMCON_INI_241121,1176,2025-11-10 12:44,2025-11-10 12:44,2,R14,3,WrongPart,R1608-100K_OHM,,00001176_1.txt,2025-11-10 12:44,2025-11-10 12:44
MV-6E,ROOMCON_INI_241121,1180,2025-11-10 12:46,2025-11-10 12:46,0,U1,3,Bridge,MC96F6432Q,,00001180_1.txt,2025-11-10 12:46,2025-11-10 12:46
MV-6E,ROOMCON_INI_241121,1181,2025-11-10 12:46,2025-11-10 12:46,2,U1,3,Bridge,MC96F6432Q,,00001181_1.txt,2025-11-10 12:46,2025-11-10 12:46
MV-6E,ROOMCON_INI_241121,1182,2025-11-10 12:47,2025-11-10 12:47,0,U1,1,InsufficientSolder,MC96F6432Q,,00001182_1.txt,2025-11-10 12:47,2025-11-10 12:47
MV-6E,ROOMCON_INI_241121,1186,2025-11-10 12:49,2025-11-10 12:49,1,U1,3,Bridge,MC96F6432Q,,00001186_1.txt,2025-11-10 12:49,2025-11-10 12:49
MV-6E,ROOMCON_INI_241121,1189,2025-11-10 12:50,2025-11-10 12:50,0,U1,1,InsufficientSolder,MC96F6432Q,,00001189_1.txt,2025-11-10 12:50,2025-11-10 12:50
MV-6E,ROOMCON_INI_241121,1194,2025-11-10 12:53,2025-11-10 12:53,2,R41,2,InsufficientSolder,R1608-J560_OHM,,00001194_1.txt,2025-11-10 12:53,2025-11-10 12:53
MV-6E,ROOMCON_INI_241121,1195,2025-11-10 12:53,2025-11-10 12:53,2,Q1,0,Tilt,KRC102S,,00001195_1.txt,2025-11-10 12:53,2025-11-10 12:53
MV-6E,ROOMCON_INI_241121,1199,2025-11-10 12:56,2025-11-10 12:56,0,U1,1,InsufficientSolder,MC96F6432Q,,00001199_1.txt,2025-11-10 12:56,2025-11-10 12:56
MV-6E,ROOMCON_INI_241121,1208,2025-11-10 13:00,2025-11-10 13:00,0,R8,1,InsufficientSolder,R2012-J330_OHM,,00001208_1.txt,2025-11-10 13:00,2025-11-10 13:00
MV-6E,ROOMCON_INI_241121,1216,2025-11-10 13:05,2025-11-10 13:05,0,U1,3,Bridge,MC96F6432Q,,00001216_1.txt,2025-11-10 13:05,2025-11-10 13:05
MV-6E,ROOMCON_INI_241121,1221,2025-11-10 13:07,2025-11-10 13:07,1,U1,2,InsufficientSolder,MC96F6432Q,,00001221_1.txt,2025-11-10 13:07,2025-11-10 13:07
MV-6E,ROOMCON_INI_241121,1221,2025-11-10 13:07,2025-11-10 13:07,2,U1,1,InsufficientSolder,MC96F6432Q,,00001221_1.txt,2025-11-10 13:07,2025-11-10 13:07
MV-6E,ROOMCON_INI_241121,1222,2025-11-10 13:08,2025-11-10 13:08,2,U1,3,Bridge,MC96F6432Q,,00001222_1.txt,2025-11-10 13:08,2025-11-10 13:08
MV-6E,ROOMCON_INI_241121,1227,2025-11-10 13:10,2025-11-10 13:10,1,U1,3,Bridge,MC96F6432Q,,00001227_1.txt,2025-11-10 13:10,2025-11-10 13:10
MV-6E,ROOMCON_INI_241121,1227,2025-11-10 13:10,2025-11-10 13:10,2,U1,4,InsufficientSolder,MC96F6432Q,,00001227_1.txt,2025-11-10 13:10,2025-11-10 13:10
MV-6E,ROOMCON_INI_241121,1228,2025-11-10 13:11,2025-11-10 13:11,0,U1,1,InsufficientSolder,MC96F6432Q,,00001228_1.txt,2025-11-10 13:11,2025-11-10 13:11
MV-6E,ROOMCON_INI_241121,1228,2025-11-10 13:11,2025-11-10 13:11,2,U1,1,InsufficientSolder,MC96F6432Q,,00001228_1.txt,2025-11-10 13:11,2025-11-10 13:11
MV-6E,ROOMCON_INI_241121,1229,2025-11-10 13:11,2025-11-10 13:11,0,U1,1,InsufficientSolder,MC96F6432Q,,00001229_1.txt,2025-11-10 13:11,2025-11-10 13:11
MV-6E,ROOMCON_INI_241121,1230,2025-11-10 13:12,2025-11-10 13:12,0,Q1,0,Tilt,KRC102S,,00001230_1.txt,2025-11-10 13:12,2025-11-10 13:12
MV-6E,ROOMCON_INI_241121,1233,2025-11-10 13:13,2025-11-10 13:13,0,U1,1,InsufficientSolder,MC96F6432Q,,00001233_1.txt,2025-11-10 13:13,2025-11-10 13:13
MV-6E,ROOMCON_INI_241121,1233,2025-11-10 13:13,2025-11-10 13:13,1,U1,1,InsufficientSolder,MC96F6432Q,,00001233_1.txt,2025-11-10 13:13,2025-11-10 13:13
MV-6E,ROOMCON_INI_241121,1233,2025-11-10 13:13,2025-11-10 13:13,1,U1,2,InsufficientSolder,MC96F6432Q,,00001233_1.txt,2025-11-10 13:13,2025-11-10 13:13
MV-6E,ROOMCON_INI_241121,1233,2025-11-10 13:13,2025-11-10 13:13,2,U1,1,InsufficientSolder,MC96F6432Q,,00001233_1.txt,2025-11-10 13:13,2025-11-10 13:13
MV-6E,ROOMCON_INI_241121,1233,2025-11-10 13:13,2025-11-10 13:13,2,U1,3,InsufficientSolder,MC96F6432Q,,00001233_1.txt,2025-11-10 13:13,2025-11-10 13:13
MV-6E,ROOMCON_INI_241121,1234,2025-11-10 13:14,2025-11-10 13:14,0,U1,1,InsufficientSolder,MC96F6432Q,,00001234_1.txt,2025-11-10 13:14,2025-11-10 13:14
MV-6E,ROOMCON_INI_241121,1235,2025-11-10 13:14,2025-11-10 13:14,2,Q1,0,Tilt,KRC102S,,00001235_1.txt,2025-11-10 13:14,2025-11-10 13:14
MV-6E,ROOMCON_INI_241121,1239,2025-11-10 13:16,2025-11-10 13:16,0,U1,2,InsufficientSolder,MC96F6432Q,,00001239_1.txt,2025-11-10 13:16,2025-11-10 13:16
MV-6E,ROOMCON_INI_241121,1243,2025-11-10 13:21,2025-11-10 13:21,2,D7,0,Rotate,LL4148,,00001243_1.txt,2025-11-10 13:21,2025-11-10 13:21
MV-6E,ROOMCON_INI_241121,1246,2025-11-10 13:22,2025-11-10 13:22,0,Q1,0,Tilt,KRC102S,,00001246_1.txt,2025-11-10 13:22,2025-11-10 13:22
MV-6E,ROOMCON_INI_241121,1251,2025-11-10 13:25,2025-11-10 13:25,0,U1,1,InsufficientSolder,MC96F6432Q,,00001251_1.txt,2025-11-10 13:25,2025-11-10 13:25
MV-6E,ROOMCON_INI_241121,1256,2025-11-10 13:27,2025-11-10 13:27,2,U1,1,InsufficientSolder,MC96F6432Q,,00001256_1.txt,2025-11-10 13:27,2025-11-10 13:27
MV-6E,ROOMCON_INI_241121,1261,2025-11-10 13:30,2025-11-10 13:30,2,U1,1,InsufficientSolder,MC96F6432Q,,00001261_1.txt,2025-11-10 13:30,2025-11-10 13:30
MV-6E,ROOMCON_INI_241121,1264,2025-11-10 13:31,2025-11-10 13:31,1,U1,4,InsufficientSolder,MC96F6432Q,,00001264_1.txt,2025-11-10 13:31,2025-11-10 13:31
MV-6E,ROOMCON_INI_241121,1264,2025-11-10 13:31,2025-11-10 13:31,2,U1,3,Bridge,MC96F6432Q,,00001264_1.txt,2025-11-10 13:31,2025-11-10 13:31
MV-6E,ROOMCON_INI_241121,1266,2025-11-10 13:32,2025-11-10 13:32,0,R14,2,InsufficientSolder,R1608-100K_OHM,,00001266_1.txt,2025-11-10 13:32,2025-11-10 13:32
MV-6E,ROOMCON_INI_241121,1267,2025-11-10 13:33,2025-11-10 13:33,0,U1,2,InsufficientSolder,MC96F6432Q,,00001267_1.txt,2025-11-10 13:33,2025-11-10 13:33
MV-6E,ROOMCON_INI_241121,1273,2025-11-10 13:36,2025-11-10 13:36,0,R14,2,InsufficientSolder,R1608-100K_OHM,,00001273_1.txt,2025-11-10 13:36,2025-11-10 13:36
MV-6E,ROOMCON_INI_241121,1275,2025-11-10 13:37,2025-11-10 13:37,2,D2,0,Shift,M4,,00001275_1.txt,2025-11-10 13:37,2025-11-10 13:37
MV-6E,ROOMCON_INI_241121,1276,2025-11-10 13:38,2025-11-10 13:38,2,R14,2,InsufficientSolder,R1608-100K_OHM,,00001276_1.txt,2025-11-10 13:38,2025-11-10 13:38
MV-6E,ROOMCON_INI_241121,1277,2025-11-10 13:38,2025-11-10 13:38,0,U1,1,InsufficientSolder,MC96F6432Q,,00001277_1.txt,2025-11-10 13:38,2025-11-10 13:38
MV-6E,ROOMCON_INI_241121,1281,2025-11-10 13:40,2025-11-10 13:40,0,U1,1,InsufficientSolder,MC96F6432Q,,00001281_1.txt,2025-11-10 13:40,2025-11-10 13:40
MV-6E,ROOMCON_INI_241121,1281,2025-11-10 13:40,2025-11-10 13:40,1,U1,2,InsufficientSolder,MC96F6432Q,,00001281_1.txt,2025-11-10 13:40,2025-11-10 13:40
MV-6E,ROOMCON_INI_241121,1281,2025-11-10 13:40,2025-11-10 13:40,1,Q1,0,Tilt,KRC102S,,00001281_1.txt,2025-11-10 13:40,2025-11-10 13:40
MV-6E,ROOMCON_INI_241121,1282,2025-11-10 13:41,2025-11-10 13:41,0,U1,1,InsufficientSolder,MC96F6432Q,,00001282_1.txt,2025-11-10 13:41,2025-11-10 13:41
MV-6E,ROOMCON_INI_241121,1282,2025-11-10 13:41,2025-11-10 13:41,1,U1,1,InsufficientSolder,MC96F6432Q,,00001282_1.txt,2025-11-10 13:41,2025-11-10 13:41
MV-6E,ROOMCON_INI_241121,1285,2025-11-10 13:42,2025-11-10 13:42,1,U1,3,Bridge,MC96F6432Q,,00001285_1.txt,2025-11-10 13:42,2025-11-10 13:42
MV-6E,ROOMCON_INI_241121,1285,2025-11-10 13:42,2025-11-10 13:42,2,U1,3,Bridge,MC96F6432Q,,00001285_1.txt,2025-11-10 13:42,2025-11-10 13:42
MV-6E,ROOMCON_INI_241121,1288,2025-11-10 13:44,2025-11-10 13:44,0,Q1,0,Tilt,KRC102S,,00001288_1.txt,2025-11-10 13:44,2025-11-10 13:44
MV-6E,ROOMCON_INI_241121,1291,2025-11-10 13:45,2025-11-10 13:45,0,Q1,0,Tilt,KRC102S,,00001291_1.txt,2025-11-10 13:45,2025-11-10 13:45
MV-6E,ROOMCON_INI_241121,1291,2025-11-10 13:45,2025-11-10 13:45,0,Q1,4,WrongPart,KRC102S,,00001291_1.txt,2025-11-10 13:45,2025-11-10 13:45
MV-6E,ROOMCON_INI_241121,1291,2025-11-10 13:45,2025-11-10 13:45,2,Q1,4,WrongPart,KRC102S,,00001291_1.txt,2025-11-10 13:45,2025-11-10 13:45
MV-6E,ROOMCON_INI_241121,1294,2025-11-10 13:47,2025-11-10 13:47,0,U1,1,InsufficientSolder,MC96F6432Q,,00001294_1.txt,2025-11-10 13:47,2025-11-10 13:47
MV-6E,ROOMCON_INI_241121,1295,2025-11-10 13:47,2025-11-10 13:47,0,U1,3,Bridge,MC96F6432Q,,00001295_1.txt,2025-11-10 13:47,2025-11-10 13:47
MV-6E,ROOMCON_INI_241121,1295,2025-11-10 13:47,2025-11-10 13:47,1,U1,3,Bridge,MC96F6432Q,,00001295_1.txt,2025-11-10 13:47,2025-11-10 13:47
MV-6E,ROOMCON_INI_241121,1295,2025-11-10 13:47,2025-11-10 13:47,2,U1,3,Bridge,MC96F6432Q,,00001295_1.txt,2025-11-10 13:47,2025-11-10 13:47
MV-6E,ROOMCON_INI_241121,1296,2025-11-10 13:48,2025-11-10 13:48,1,R14,2,InsufficientSolder,R1608-100K_OHM,,00001296_1.txt,2025-11-10 13:48,2025-11-10 13:48
MV-6E,ROOMCON_INI_241121,1296,2025-11-10 13:48,2025-11-10 13:48,2,U1,3,Bridge,MC96F6432Q,,00001296_1.txt,2025-11-10 13:48,2025-11-10 13:48
MV-6E,ROOMCON_INI_241121,1300,2025-11-10 13:50,2025-11-10 13:50,2,Q1,0,Tilt,KRC102S,,00001300_1.txt,2025-11-10 13:50,2025-11-10 13:50
MV-6E,ROOMCON_INI_241121,1300,2025-11-10 13:50,2025-11-10 13:50,2,Q1,4,WrongPart,KRC102S,,00001300_1.txt,2025-11-10 13:50,2025-11-10 13:50
MV-6E,ROOMCON_INI_241121,1301,2025-11-10 13:50,2025-11-10 13:50,2,U1,1,InsufficientSolder,MC96F6432Q,,00001301_1.txt,2025-11-10 13:50,2025-11-10 13:50
MV-6E,ROOMCON_INI_241121,1301,2025-11-10 13:50,2025-11-10 13:50,2,Q1,0,Tilt,KRC102S,,00001301_1.txt,2025-11-10 13:50,2025-11-10 13:50
MV-6E,ROOMCON_INI_241121,1308,2025-11-10 13:54,2025-11-10 13:54,0,U1,1,InsufficientSolder,MC96F6432Q,,00001308_1.txt,2025-11-10 13:54,2025-11-10 13:54
MV-6E,ROOMCON_INI_241121,1310,2025-11-10 13:55,2025-11-10 13:55,0,Q1,0,Tilt,KRC102S,,00001310_1.txt,2025-11-10 13:55,2025-11-10 13:55
MV-6E,ROOMCON_INI_241121,1310,2025-11-10 13:55,2025-11-10 13:55,2,Q1,0,Tilt,KRC102S,,00001310_1.txt,2025-11-10 13:55,2025-11-10 13:55
MV-6E,ROOMCON_INI_241121,1314,2025-11-10 13:57,2025-11-10 13:57,1,R14,3,WrongPart,R1608-100K_OHM,,00001314_1.txt,2025-11-10 13:57,2025-11-10 13:57
MV-6E,ROOMCON_INI_241121,1316,2025-11-10 13:58,2025-11-10 13:58,1,Q1,0,Tilt,KRC102S,,00001316_1.txt,2025-11-10 13:58,2025-11-10 13:58
MV-6E,ROOMCON_INI_241121,1320,2025-11-10 14:00,2025-11-10 14:00,0,Q1,0,Tilt,KRC102S,,00001320_1.txt,2025-11-10 14:00,2025-11-10 14:00
MV-6E,ROOMCON_INI_241121,1321,2025-11-10 14:01,2025-11-10 14:01,1,Q1,0,Tilt,KRC102S,,00001321_1.txt,2025-11-10 14:01,2025-11-10 14:01
MV-6E,ROOMCON_INI_241121,1321,2025-11-10 14:01,2025-11-10 14:01,2,Q1,0,Tilt,KRC102S,,00001321_1.txt,2025-11-10 14:01,2025-11-10 14:01
MV-6E,ROOMCON_INI_241121,1321,2025-11-10 14:01,2025-11-10 14:01,2,Q1,4,WrongPart,KRC102S,,00001321_1.txt,2025-11-10 14:01,2025-11-10 14:01
MV-6E,ROOMCON_INI_241121,1325,2025-11-10 14:03,2025-11-10 14:03,0,Q1,0,Tilt,KRC102S,,00001325_1.txt,2025-11-10 14:03,2025-11-10 14:03
MV-6E,ROOMCON_INI_241121,1327,2025-11-10 14:04,2025-11-10 14:04,1,Q1,0,Tilt,KRC102S,,00001327_1.txt,2025-11-10 14:04,2025-11-10 14:04
MV-6E,ROOMCON_INI_241121,1328,2025-11-10 14:05,2025-11-10 14:05,1,Q1,0,Tilt,KRC102S,,00001328_1.txt,2025-11-10 14:05,2025-11-10 14:05
MV-6E,ROOMCON_INI_241121,1328,2025-11-10 14:05,2025-11-10 14:05,2,R14,2,InsufficientSolder,R1608-100K_OHM,,00001328_1.txt,2025-11-10 14:05,2025-11-10 14:05
MV-6E,ROOMCON_INI_241121,1330,2025-11-10 14:06,2025-11-10 14:06,0,Q1,0,Tilt,KRC102S,,00001330_1.txt,2025-11-10 14:06,2025-11-10 14:06
MV-6E,ROOMCON_INI_241121,1331,2025-11-10 14:06,2025-11-10 14:06,1,R14,2,InsufficientSolder,R1608-100K_OHM,,00001331_1.txt,2025-11-10 14:06,2025-11-10 14:06
MV-6E,ROOMCON_INI_241121,1333,2025-11-10 14:07,2025-11-10 14:07,2,Q1,0,Tilt,KRC102S,,00001333_1.txt,2025-11-10 14:07,2025-11-10 14:07
MV-6E,ROOMCON_INI_241121,1334,2025-11-10 14:08,2025-11-10 14:08,2,R41,2,InsufficientSolder,R1608-J560_OHM,,00001334_1.txt,2025-11-10 14:08,2025-11-10 14:08
MV-6E,ROOMCON_INI_241121,1335,2025-11-10 14:08,2025-11-10 14:08,1,Q1,0,Tilt,KRC102S,,00001335_1.txt,2025-11-10 14:08,2025-11-10 14:08
MV-6E,ROOMCON_INI_241121,1335,2025-11-10 14:08,2025-11-10 14:08,1,Q1,4,WrongPart,KRC102S,,00001335_1.txt,2025-11-10 14:08,2025-11-10 14:08
MV-6E,ROOMCON_INI_241121,1343,2025-11-10 14:12,2025-11-10 14:12,1,Q1,4,WrongPart,KRC102S,,00001343_1.txt,2025-11-10 14:12,2025-11-10 14:12
MV-6E,ROOMCON_INI_241121,1344,2025-11-10 14:13,2025-11-10 14:13,1,D3,2,InsufficientSolder,M4,,00001344_1.txt,2025-11-10 14:13,2025-11-10 14:13
MV-6E,ROOMCON_INI_241121,1344,2025-11-10 14:13,2025-11-10 14:13,2,Q1,0,Tilt,KRC102S,,00001344_1.txt,2025-11-10 14:13,2025-11-10 14:13
MV-6E,ROOMCON_INI_241121,1347,2025-11-10 14:15,2025-11-10 14:15,0,Q1,0,Tilt,KRC102S,,00001347_1.txt,2025-11-10 14:15,2025-11-10 14:15
MV-6E,ROOMCON_INI_241121,1347,2025-11-10 14:15,2025-11-10 14:15,0,Q1,4,WrongPart,KRC102S,,00001347_1.txt,2025-11-10 14:15,2025-11-10 14:15
MV-6E,ROOMCON_INI_241121,1348,2025-11-10 14:15,2025-11-10 14:15,2,Q1,0,Tilt,KRC102S,,00001348_1.txt,2025-11-10 14:15,2025-11-10 14:15
MV-6E,ROOMCON_INI_241121,1350,2025-11-10 14:16,2025-11-10 14:16,1,Q1,0,Tilt,KRC102S,,00001350_1.txt,2025-11-10 14:16,2025-11-10 14:16
MV-6E,ROOMCON_INI_241121,1351,2025-11-10 14:17,2025-11-10 14:17,0,Q1,0,Tilt,KRC102S,,00001351_1.txt,2025-11-10 14:17,2025-11-10 14:17
MV-6E,ROOMCON_INI_241121,1351,2025-11-10 14:17,2025-11-10 14:17,0,Q1,4,WrongPart,KRC102S,,00001351_1.txt,2025-11-10 14:17,2025-11-10 14:17
MV-6E,ROOMCON_INI_241121,1352,2025-11-10 14:17,2025-11-10 14:17,2,R41,2,InsufficientSolder,R1608-J560_OHM,,00001352_1.txt,2025-11-10 14:17,2025-11-10 14:17
MV-6E,ROOMCON_INI_241121,1353,2025-11-10 14:18,2025-11-10 14:18,1,Q1,0,Tilt,KRC102S,,00001353_1.txt,2025-11-10 14:18,2025-11-10 14:18
MV-6E,ROOMCON_INI_241121,1353,2025-11-10 14:18,2025-11-10 14:18,2,Q1,0,Tilt,KRC102S,,00001353_1.txt,2025-11-10 14:18,2025-11-10 14:18
MV-6E,ROOMCON_INI_241121,1357,2025-11-10 14:20,2025-11-10 14:20,0,U1,1,InsufficientSolder,MC96F6432Q,,00001357_1.txt,2025-11-10 14:20,2025-11-10 14:20
MV-6E,ROOMCON_INI_241121,1357,2025-11-10 14:20,2025-11-10 14:20,1,Q1,0,Tilt,KRC102S,,00001357_1.txt,2025-11-10 14:20,2025-11-10 14:20
MV-6E,ROOMCON_INI_241121,1363,2025-11-10 14:23,2025-11-10 14:23,0,U1,1,InsufficientSolder,MC96F6432Q,,00001363_1.txt,2025-11-10 14:23,2025-11-10 14:23
MV-6E,ROOMCON_INI_241121,1364,2025-11-10 14:24,2025-11-10 14:24,1,Q1,0,Tilt,KRC102S,,00001364_1.txt,2025-11-10 14:24,2025-11-10 14:24
MV-6E,ROOMCON_INI_241121,1366,2025-11-10 14:25,2025-11-10 14:25,2,R41,3,WrongPart,R1608-J560_OHM,,00001366_1.txt,2025-11-10 14:25,2025-11-10 14:25
MV-6E,ROOMCON_INI_241121,1370,2025-11-10 14:27,2025-11-10 14:27,1,R14,2,InsufficientSolder,R1608-100K_OHM,,00001370_1.txt,2025-11-10 14:27,2025-11-10 14:27
MV-6E,ROOMCON_INI_241121,1370,2025-11-10 14:27,2025-11-10 14:27,2,R14,2,InsufficientSolder,R1608-100K_OHM,,00001370_1.txt,2025-11-10 14:27,2025-11-10 14:27
MV-6E,ROOMCON_INI_241121,1371,2025-11-10 14:28,2025-11-10 14:28,1,Q1,0,Tilt,KRC102S,,00001371_1.txt,2025-11-10 14:28,2025-11-10 14:28
MV-6E,ROOMCON_INI_241121,1372,2025-11-10 14:28,2025-11-10 14:28,2,R14,2,InsufficientSolder,R1608-100K_OHM,,00001372_1.txt,2025-11-10 14:28,2025-11-10 14:28
MV-6E,ROOMCON_INI_241121,1374,2025-11-10 14:29,2025-11-10 14:29,2,U1,1,InsufficientSolder,MC96F6432Q,,00001374_1.txt,2025-11-10 14:29,2025-11-10 14:29
MV-6E,ROOMCON_INI_241121,1376,2025-11-10 14:30,2025-11-10 14:30,0,U1,1,InsufficientSolder,MC96F6432Q,,00001376_1.txt,2025-11-10 14:30,2025-11-10 14:30
MV-6E,ROOMCON_INI_241121,1376,2025-11-10 14:30,2025-11-10 14:30,2,Q1,0,Tilt,KRC102S,,00001376_1.txt,2025-11-10 14:30,2025-11-10 14:30
MV-6E,ROOMCON_INI_241121,1381,2025-11-10 14:33,2025-11-10 14:33,2,U1,3,Bridge,MC96F6432Q,,00001381_1.txt,2025-11-10 14:33,2025-11-10 14:33
MV-6E,ROOMCON_INI_241121,1381,2025-11-10 14:33,2025-11-10 14:33,2,R14,2,InsufficientSolder,R1608-100K_OHM,,00001381_1.txt,2025-11-10 14:33,2025-11-10 14:33
MV-6E,ROOMCON_INI_241121,1384,2025-11-10 14:34,2025-11-10 14:34,1,U1,1,InsufficientSolder,MC96F6432Q,,00001384_1.txt,2025-11-10 14:34,2025-11-10 14:34
MV-6E,ROOMCON_INI_241121,1385,2025-11-10 14:35,2025-11-10 14:35,0,Q1,0,Tilt,KRC102S,,00001385_1.txt,2025-11-10 14:35,2025-11-10 14:35
MV-6E,ROOMCON_INI_241121,1387,2025-11-10 14:36,2025-11-10 14:36,1,Q1,0,Tilt,KRC102S,,00001387_1.txt,2025-11-10 14:36,2025-11-10 14:36
MV-6E,ROOMCON_INI_241121,1388,2025-11-10 14:36,2025-11-10 14:36,2,Q1,0,Tilt,KRC102S,,00001388_1.txt,2025-11-10 14:36,2025-11-10 14:36
MV-6E,ROOMCON_INI_241121,1390,2025-11-10 14:37,2025-11-10 14:37,0,U1,1,InsufficientSolder,MC96F6432Q,,00001390_1.txt,2025-11-10 14:37,2025-11-10 14:37
MV-6E,ROOMCON_INI_241121,1391,2025-11-10 14:38,2025-11-10 14:38,0,U1,1,InsufficientSolder,MC96F6432Q,,00001391_1.txt,2025-11-10 14:38,2025-11-10 14:38
MV-6E,ROOMCON_INI_241121,1391,2025-11-10 14:38,2025-11-10 14:38,0,Q1,0,Tilt,KRC102S,,00001391_1.txt,2025-11-10 14:38,2025-11-10 14:38
MV-6E,ROOMCON_INI_241121,1392,2025-11-10 14:38,2025-11-10 14:38,0,D7,0,Rotate,LL4148,,00001392_1.txt,2025-11-10 14:38,2025-11-10 14:38
MV-6E,ROOMCON_INI_241121,1392,2025-11-10 14:38,2025-11-10 14:38,2,Q1,0,Tilt,KRC102S,,00001392_1.txt,2025-11-10 14:38,2025-11-10 14:38
MV-6E,ROOMCON_INI_241121,1395,2025-11-10 14:40,2025-11-10 14:40,2,Q1,0,Tilt,KRC102S,,00001395_1.txt,2025-11-10 14:40,2025-11-10 14:40
MV-6E,ROOMCON_INI_241121,1396,2025-11-10 14:41,2025-11-10 14:41,2,R14,2,InsufficientSolder,R1608-100K_OHM,,00001396_1.txt,2025-11-10 14:41,2025-11-10 14:41
MV-6E,ROOMCON_INI_241121,1399,2025-11-10 14:42,2025-11-10 14:42,0,U4,2,InsufficientSolder,GTC08L-SO,,00001399_1.txt,2025-11-10 14:42,2025-11-10 14:42
MV-6E,ROOMCON_INI_241121,1400,2025-11-10 14:43,2025-11-10 14:43,2,U1,1,InsufficientSolder,MC96F6432Q,,00001400_1.txt,2025-11-10 14:43,2025-11-10 14:43
MV-6E,ROOMCON_INI_241121,1401,2025-11-10 14:43,2025-11-10 14:43,0,U1,1,InsufficientSolder,MC96F6432Q,,00001401_1.txt,2025-11-10 14:43,2025-11-10 14:43
MV-6E,ROOMCON_INI_241121,1401,2025-11-10 14:43,2025-11-10 14:43,2,U1,1,InsufficientSolder,MC96F6432Q,,00001401_1.txt,2025-11-10 14:43,2025-11-10 14:43
MV-6E,ROOMCON_INI_241121,1402,2025-11-10 14:44,2025-11-10 14:44,0,U1,1,InsufficientSolder,MC96F6432Q,,00001402_1.txt,2025-11-10 14:44,2025-11-10 14:44
MV-6E,ROOMCON_INI_241121,1403,2025-11-10 14:44,2025-11-10 14:44,0,U1,1,InsufficientSolder,MC96F6432Q,,00001403_1.txt,2025-11-10 14:44,2025-11-10 14:44
MV-6E,ROOMCON_INI_241121,1403,2025-11-10 14:44,2025-11-10 14:44,0,Q1,0,Tilt,KRC102S,,00001403_1.txt,2025-11-10 14:44,2025-11-10 14:44
MV-6E,ROOMCON_INI_241121,1403,2025-11-10 14:44,2025-11-10 14:44,0,Q1,4,WrongPart,KRC102S,,00001403_1.txt,2025-11-10 14:44,2025-11-10 14:44
MV-6E,ROOMCON_INI_241121,1404,2025-11-10 14:45,2025-11-10 14:45,1,Q1,0,Tilt,KRC102S,,00001404_1.txt,2025-11-10 14:45,2025-11-10 14:45
MV-6E,ROOMCON_INI_241121,1404,2025-11-10 14:45,2025-11-10 14:45,2,U1,1,InsufficientSolder,MC96F6432Q,,00001404_1.txt,2025-11-10 14:45,2025-11-10 14:45
MV-6E,ROOMCON_INI_241121,1406,2025-11-10 14:46,2025-11-10 14:46,0,U1,1,InsufficientSolder,MC96F6432Q,,00001406_1.txt,2025-11-10 14:46,2025-11-10 14:46
MV-6E,ROOMCON_INI_241121,1407,2025-11-10 14:46,2025-11-10 14:46,1,Q1,0,Tilt,KRC102S,,00001407_1.txt,2025-11-10 14:46,2025-11-10 14:46
MV-6E,ROOMCON_INI_241121,1407,2025-11-10 14:46,2025-11-10 14:46,2,Q1,0,Tilt,KRC102S,,00001407_1.txt,2025-11-10 14:46,2025-11-10 14:46
MV-6E,ROOMCON_INI_241121,1408,2025-11-10 14:47,2025-11-10 14:47,1,Q1,0,Tilt,KRC102S,,00001408_1.txt,2025-11-10 14:47,2025-11-10 14:47
MV-6E,ROOMCON_INI_241121,1409,2025-11-10 14:47,2025-11-10 14:47,2,Q1,0,Tilt,KRC102S,,00001409_1.txt,2025-11-10 14:47,2025-11-10 14:47
MV-6E,ROOMCON_INI_241121,1411,2025-11-10 14:48,2025-11-10 14:48,1,Q1,0,Tilt,KRC102S,,00001411_1.txt,2025-11-10 14:48,2025-11-10 14:48
MV-6E,ROOMCON_INI_241121,1411,2025-11-10 14:48,2025-11-10 14:48,2,Q1,0,Tilt,KRC102S,,00001411_1.txt,2025-11-10 14:48,2025-11-10 14:48
MV-6E,ROOMCON_INI_241121,1412,2025-11-10 14:49,2025-11-10 14:49,0,R14,2,InsufficientSolder,R1608-100K_OHM,,00001412_1.txt,2025-11-10 14:49,2025-11-10 14:49
MV-6E,ROOMCON_INI_241121,1414,2025-11-10 14:50,2025-11-10 14:50,2,Q1,0,Tilt,KRC102S,,00001414_1.txt,2025-11-10 14:50,2025-11-10 14:50
MV-6E,ROOMCON_INI_241121,1416,2025-11-10 14:51,2025-11-10 14:51,2,U1,1,InsufficientSolder,MC96F6432Q,,00001416_1.txt,2025-11-10 14:51,2025-11-10 14:51
MV-6E,ROOMCON_INI_241121,1416,2025-11-10 14:51,2025-11-10 14:51,2,R14,0,Tilt,R1608-100K_OHM,,00001416_1.txt,2025-11-10 14:51,2025-11-10 14:51
MV-6E,ROOMCON_INI_241121,1419,2025-11-10 14:52,2025-11-10 14:52,2,U1,1,InsufficientSolder,MC96F6432Q,,00001419_1.txt,2025-11-10 14:52,2025-11-10 14:52
MV-6E,ROOMCON_INI_241121,1420,2025-11-10 14:53,2025-11-10 14:53,0,U1,1,InsufficientSolder,MC96F6432Q,,00001420_1.txt,2025-11-10 14:53,2025-11-10 14:53
MV-6E,ROOMCON_INI_241121,1421,2025-11-10 14:54,2025-11-10 14:54,1,Q1,0,Tilt,KRC102S,,00001421_1.txt,2025-11-10 14:54,2025-11-10 14:54
MV-6E,ROOMCON_INI_241121,1422,2025-11-10 14:54,2025-11-10 14:54,0,U1,1,InsufficientSolder,MC96F6432Q,,00001422_1.txt,2025-11-10 14:54,2025-11-10 14:54
MV-6E,ROOMCON_INI_241121,1422,2025-11-10 14:54,2025-11-10 14:54,0,U1,2,InsufficientSolder,MC96F6432Q,,00001422_1.txt,2025-11-10 14:54,2025-11-10 14:54
MV-6E,ROOMCON_INI_241121,1422,2025-11-10 14:54,2025-11-10 14:54,1,Q1,0,Tilt,KRC102S,,00001422_1.txt,2025-11-10 14:54,2025-11-10 14:54
MV-6E,ROOMCON_INI_241121,1425,2025-11-10 14:56,2025-11-10 14:56,1,Q1,0,Rotate,KRC102S,,00001425_1.txt,2025-11-10 14:56,2025-11-10 14:56
MV-6E,ROOMCON_INI_241121,1425,2025-11-10 14:56,2025-11-10 14:56,1,Q1,4,WrongPart,KRC102S,,00001425_1.txt,2025-11-10 14:56,2025-11-10 14:56
MV-6E,ROOMCON_INI_241121,1426,2025-11-10 14:56,2025-11-10 14:56,1,Q1,0,Tilt,KRC102S,,00001426_1.txt,2025-11-10 14:56,2025-11-10 14:56
MV-6E,ROOMCON_INI_241121,1431,2025-11-10 14:59,2025-11-10 14:59,1,Q1,0,Tilt,KRC102S,,00001431_1.txt,2025-11-10 14:59,2025-11-10 14:59
MV-6E,ROOMCON_INI_241121,1435,2025-11-10 15:01,2025-11-10 15:01,2,Q1,0,Tilt,KRC102S,,00001435_1.txt,2025-11-10 15:01,2025-11-10 15:01
MV-6E,ROOMCON_INI_241121,1435,2025-11-10 15:01,2025-11-10 15:01,2,Q1,4,WrongPart,KRC102S,,00001435_1.txt,2025-11-10 15:01,2025-11-10 15:01
MV-6E,ROOMCON_INI_241121,1437,2025-11-10 15:02,2025-11-10 15:02,0,Q1,0,Tilt,KRC102S,,00001437_1.txt,2025-11-10 15:02,2025-11-10 15:02
MV-6E,ROOMCON_INI_241121,1438,2025-11-10 15:03,2025-11-10 15:03,0,U1,1,InsufficientSolder,MC96F6432Q,,00001438_1.txt,2025-11-10 15:03,2025-11-10 15:03
MV-6E,ROOMCON_INI_241121,1438,2025-11-10 15:03,2025-11-10 15:03,2,R14,2,InsufficientSolder,R1608-100K_OHM,,00001438_1.txt,2025-11-10 15:03,2025-11-10 15:03
MV-6E,ROOMCON_INI_241121,1439,2025-11-10 15:03,2025-11-10 15:03,0,U1,1,InsufficientSolder,MC96F6432Q,,00001439_1.txt,2025-11-10 15:03,2025-11-10 15:03
MV-6E,ROOMCON_INI_241121,1439,2025-11-10 15:03,2025-11-10 15:03,2,Q1,0,Tilt,KRC102S,,00001439_1.txt,2025-11-10 15:03,2025-11-10 15:03
MV-6E,ROOMCON_INI_241121,1440,2025-11-10 15:04,2025-11-10 15:04,0,U1,1,InsufficientSolder,MC96F6432Q,,00001440_1.txt,2025-11-10 15:04,2025-11-10 15:04
MV-6E,ROOMCON_INI_241121,1441,2025-11-10 15:04,2025-11-10 15:04,0,U1,1,InsufficientSolder,MC96F6432Q,,00001441_1.txt,2025-11-10 15:04,2025-11-10 15:04
MV-6E,ROOMCON_INI_241121,1441,2025-11-10 15:04,2025-11-10 15:04,2,U2,0,InsufficientSolder,IL1117C-5.0V,,00001441_1.txt,2025-11-10 15:04,2025-11-10 15:04
MV-6E,ROOMCON_INI_241121,1442,2025-11-10 15:05,2025-11-10 15:05,1,Q1,0,Tilt,KRC102S,,00001442_1.txt,2025-11-10 15:05,2025-11-10 15:05
MV-6E,ROOMCON_INI_241121,1443,2025-11-10 15:05,2025-11-10 15:05,2,Q1,0,Tilt,KRC102S,,00001443_1.txt,2025-11-10 15:05,2025-11-10 15:05
MV-6E,ROOMCON_INI_241121,1443,2025-11-10 15:05,2025-11-10 15:05,2,Q1,4,WrongPart,KRC102S,,00001443_1.txt,2025-11-10 15:05,2025-11-10 15:05
MV-6E,ROOMCON_INI_241121,1445,2025-11-10 15:06,2025-11-10 15:06,1,Q1,0,Tilt,KRC102S,,00001445_1.txt,2025-11-10 15:06,2025-11-10 15:06
MV-6E,ROOMCON_INI_241121,1449,2025-11-10 15:08,2025-11-10 15:08,0,U1,1,InsufficientSolder,MC96F6432Q,,00001449_1.txt,2025-11-10 15:08,2025-11-10 15:08
MV-6E,ROOMCON_INI_241121,1453,2025-11-10 15:11,2025-11-10 15:11,1,U2,0,InsufficientSolder,IL1117C-5.0V,,00001453_1.txt,2025-11-10 15:11,2025-11-10 15:11
MV-6E,ROOMCON_INI_241121,1453,2025-11-10 15:11,2025-11-10 15:11,2,U2,0,InsufficientSolder,IL1117C-5.0V,,00001453_1.txt,2025-11-10 15:11,2025-11-10 15:11
MV-6E,ROOMCON_INI_241121,1464,2025-11-10 15:16,2025-11-10 15:16,2,Q1,0,Tilt,KRC102S,,00001464_1.txt,2025-11-10 15:16,2025-11-10 15:16
MV-6E,ROOMCON_INI_241121,1468,2025-11-10 15:18,2025-11-10 15:18,2,R14,2,InsufficientSolder,R1608-100K_OHM,,00001468_1.txt,2025-11-10 15:18,2025-11-10 15:18
MV-6E,ROOMCON_INI_241121,1474,2025-11-10 15:21,2025-11-10 15:21,0,U1,1,InsufficientSolder,MC96F6432Q,,00001474_1.txt,2025-11-10 15:21,2025-11-10 15:21
MV-6E,ROOMCON_INI_241121,1475,2025-11-10 15:22,2025-11-10 15:22,1,R36,2,InsufficientSolder,R1608-J560_OHM,,00001475_1.txt,2025-11-10 15:22,2025-11-10 15:22
MV-6E,ROOMCON_INI_241121,1477,2025-11-10 15:23,2025-11-10 15:23,2,U1,1,InsufficientSolder,MC96F6432Q,,00001477_1.txt,2025-11-10 15:23,2025-11-10 15:23
MV-6E,ROOMCON_INI_241121,1478,2025-11-10 15:23,2025-11-10 15:23,0,R8,3,WrongPart,R2012-J330_OHM,,00001478_1.txt,2025-11-10 15:23,2025-11-10 15:23
MV-6E,ROOMCON_INI_241121,1479,2025-11-10 15:24,2025-11-10 15:24,0,U1,1,InsufficientSolder,MC96F6432Q,,00001479_1.txt,2025-11-10 15:24,2025-11-10 15:24
MV-6E,ROOMCON_INI_241121,1479,2025-11-10 15:24,2025-11-10 15:24,0,D4,2,InsufficientSolder,M4,,00001479_1.txt,2025-11-10 15:24,2025-11-10 15:24
MV-6E,ROOMCON_INI_241121,1482,2025-11-10 15:26,2025-11-10 15:26,2,R14,2,InsufficientSolder,R1608-100K_OHM,,00001482_1.txt,2025-11-10 15:26,2025-11-10 15:26
MV-6E,ROOMCON_INI_241121,1487,2025-11-10 15:28,2025-11-10 15:28,2,Q1,0,Tilt,KRC102S,,00001487_1.txt,2025-11-10 15:28,2025-11-10 15:28
MV-6E,ROOMCON_INI_241121,1491,2025-11-10 15:30,2025-11-10 15:30,1,Q1,0,Tilt,KRC102S,,00001491_1.txt,2025-11-10 15:30,2025-11-10 15:30
MV-6E,ROOMCON_INI_241121,1491,2025-11-10 15:30,2025-11-10 15:30,2,R14,2,InsufficientSolder,R1608-100K_OHM,,00001491_1.txt,2025-11-10 15:30,2025-11-10 15:30
MV-6E,ROOMCON_INI_241121,1495,2025-11-10 15:32,2025-11-10 15:32,0,R14,2,InsufficientSolder,R1608-100K_OHM,,00001495_1.txt,2025-11-10 15:32,2025-11-10 15:32
MV-6E,ROOMCON_INI_241121,1495,2025-11-10 15:32,2025-11-10 15:32,0,Q1,0,Tilt,KRC102S,,00001495_1.txt,2025-11-10 15:32,2025-11-10 15:32
MV-6E,ROOMCON_INI_241121,1499,2025-11-10 15:34,2025-11-10 15:34,2,Q1,0,Tilt,KRC102S,,00001499_1.txt,2025-11-10 15:34,2025-11-10 15:34
MV-6E,ROOMCON_INI_241121,1499,2025-11-10 15:34,2025-11-10 15:34,2,Q1,4,WrongPart,KRC102S,,00001499_1.txt,2025-11-10 15:34,2025-11-10 15:34
MV-6E,ROOMCON_INI_241121,1499,2025-11-10 15:34,2025-11-10 15:34,2,C1,0,Tilt,C1608-100nF_50V_10%,,00001499_1.txt,2025-11-10 15:34,2025-11-10 15:34
MV-6E,ROOMCON_INI_241121,1501,2025-11-10 15:35,2025-11-10 15:35,1,U2,0,InsufficientSolder,IL1117C-5.0V,,00001501_1.txt,2025-11-10 15:35,2025-11-10 15:35
MV-6E,ROOMCON_INI_241121,1506,2025-11-10 15:38,2025-11-10 15:38,0,R14,2,InsufficientSolder,R1608-100K_OHM,,00001506_1.txt,2025-11-10 15:38,2025-11-10 15:38
MV-6E,ROOMCON_INI_241121,1506,2025-11-10 15:38,2025-11-10 15:38,2,Q1,0,Tilt,KRC102S,,00001506_1.txt,2025-11-10 15:38,2025-11-10 15:38
MV-6E,ROOMCON_INI_241121,1507,2025-11-10 15:38,2025-11-10 15:38,1,Q1,0,Tilt,KRC102S,,00001507_1.txt,2025-11-10 15:38,2025-11-10 15:38
MV-6E,ROOMCON_INI_241121,1514,2025-11-10 15:42,2025-11-10 15:42,0,D4,0,Shift,M4,,00001514_1.txt,2025-11-10 15:42,2025-11-10 15:42
MV-6E,ROOMCON_INI_241121,1516,2025-11-10 15:43,2025-11-10 15:43,0,U1,1,InsufficientSolder,MC96F6432Q,,00001516_1.txt,2025-11-10 15:43,2025-11-10 15:43
MV-6E,ROOMCON_INI_241121,1517,2025-11-10 15:44,2025-11-10 15:44,0,R14,2,InsufficientSolder,R1608-100K_OHM,,00001517_1.txt,2025-11-10 15:44,2025-11-10 15:44
MV-6E,ROOMCON_INI_241121,1518,2025-11-10 15:44,2025-11-10 15:44,2,U4,2,LiftedLead,GTC08L-SO,,00001518_1.txt,2025-11-10 15:44,2025-11-10 15:44
MV-6E,ROOMCON_INI_241121,1519,2025-11-10 15:45,2025-11-10 15:45,1,Q1,0,Tilt,KRC102S,,00001519_1.txt,2025-11-10 15:45,2025-11-10 15:45
MV-6E,ROOMCON_INI_241121,1520,2025-11-10 15:45,2025-11-10 15:45,2,R14,2,InsufficientSolder,R1608-100K_OHM,,00001520_1.txt,2025-11-10 15:45,2025-11-10 15:45
MV-6E,ROOMCON_INI_241121,1524,2025-11-10 15:47,2025-11-10 15:47,0,U1,1,InsufficientSolder,MC96F6432Q,,00001524_1.txt,2025-11-10 15:47,2025-11-10 15:47
MV-6E,ROOMCON_INI_241121,1524,2025-11-10 15:47,2025-11-10 15:47,1,Q1,0,Tilt,KRC102S,,00001524_1.txt,2025-11-10 15:47,2025-11-10 15:47
MV-6E,ROOMCON_INI_241121,1525,2025-11-10 15:48,2025-11-10 15:48,2,R14,2,InsufficientSolder,R1608-100K_OHM,,00001525_1.txt,2025-11-10 15:48,2025-11-10 15:48
MV-6E,ROOMCON_INI_241121,1526,2025-11-10 15:48,2025-11-10 15:48,0,U1,1,InsufficientSolder,MC96F6432Q,,00001526_1.txt,2025-11-10 15:48,2025-11-10 15:48
MV-6E,ROOMCON_INI_241121,1527,2025-11-10 15:49,2025-11-10 15:49,0,U1,1,InsufficientSolder,MC96F6432Q,,00001527_1.txt,2025-11-10 15:49,2025-11-10 15:49
MV-6E,ROOMCON_INI_241121,1527,2025-11-10 15:49,2025-11-10 15:49,2,R14,2,InsufficientSolder,R1608-100K_OHM,,00001527_1.txt,2025-11-10 15:49,2025-11-10 15:49
MV-6E,ROOMCON_INI_241121,1527,2025-11-10 15:49,2025-11-10 15:49,2,Q1,0,Tilt,KRC102S,,00001527_1.txt,2025-11-10 15:49,2025-11-10 15:49
MV-6E,ROOMCON_INI_241121,1528,2025-11-10 15:49,2025-11-10 15:49,0,Q1,0,Tilt,KRC102S,,00001528_1.txt,2025-11-10 15:49,2025-11-10 15:49
MV-6E,ROOMCON_INI_241121,1532,2025-11-10 15:51,2025-11-10 15:51,2,Q1,0,Tilt,KRC102S,,00001532_1.txt,2025-11-10 15:51,2025-11-10 15:51
MV-6E,ROOMCON_INI_241121,1533,2025-11-10 15:52,2025-11-10 15:52,0,Q1,0,Tilt,KRC102S,,00001533_1.txt,2025-11-10 15:52,2025-11-10 15:52
MV-6E,ROOMCON_INI_241121,1533,2025-11-10 15:52,2025-11-10 15:52,0,Q1,4,WrongPart,KRC102S,,00001533_1.txt,2025-11-10 15:52,2025-11-10 15:52
MV-6E,ROOMCON_INI_241121,1533,2025-11-10 15:52,2025-11-10 15:52,2,R36,3,WrongPart,R1608-J560_OHM,,00001533_1.txt,2025-11-10 15:52,2025-11-10 15:52
MV-6E,ROOMCON_INI_241121,1536,2025-11-10 15:54,2025-11-10 15:54,0,U1,1,InsufficientSolder,MC96F6432Q,,00001536_1.txt,2025-11-10 15:54,2025-11-10 15:54
MV-6E,ROOMCON_INI_241121,1539,2025-11-10 15:55,2025-11-10 15:55,1,Q1,0,Tilt,KRC102S,,00001539_1.txt,2025-11-10 15:55,2025-11-10 15:55
MV-6E,ROOMCON_INI_241121,1540,2025-11-10 15:56,2025-11-10 15:56,0,Q1,0,Tilt,KRC102S,,00001540_1.txt,2025-11-10 15:56,2025-11-10 15:56
MV-6E,ROOMCON_INI_241121,1542,2025-11-10 15:57,2025-11-10 15:57,0,U1,1,InsufficientSolder,MC96F6432Q,,00001542_1.txt,2025-11-10 15:57,2025-11-10 15:57
MV-6E,ROOMCON_INI_241121,1542,2025-11-10 15:57,2025-11-10 15:57,2,R14,2,InsufficientSolder,R1608-100K_OHM,,00001542_1.txt,2025-11-10 15:57,2025-11-10 15:57
MV-6E,ROOMCON_INI_241121,1543,2025-11-10 15:57,2025-11-10 15:57,2,Q1,0,Tilt,KRC102S,,00001543_1.txt,2025-11-10 15:57,2025-11-10 15:57
MV-6E,ROOMCON_INI_241121,1543,2025-11-10 15:57,2025-11-10 15:57,2,Q1,4,WrongPart,KRC102S,,00001543_1.txt,2025-11-10 15:57,2025-11-10 15:57
MV-6E,ROOMCON_INI_241121,1544,2025-11-10 15:58,2025-11-10 15:58,1,Q1,0,Tilt,KRC102S,,00001544_1.txt,2025-11-10 15:58,2025-11-10 15:58
MV-6E,ROOMCON_INI_241121,1545,2025-11-10 15:58,2025-11-10 15:58,2,Q1,0,Tilt,KRC102S,,00001545_1.txt,2025-11-10 15:58,2025-11-10 15:58
MV-6E,ROOMCON_INI_241121,1547,2025-11-10 15:59,2025-11-10 15:59,0,R11,0,Missing,R1608-J10K_OHM,,00001547_1.txt,2025-11-10 15:59,2025-11-10 15:59
MV-6E,ROOMCON_INI_241121,1548,2025-11-10 16:00,2025-11-10 16:00,2,R41,3,WrongPart,R1608-J560_OHM,,00001548_1.txt,2025-11-10 16:00,2025-11-10 16:00
MV-6E,ROOMCON_INI_241121,1549,2025-11-10 16:00,2025-11-10 16:00,2,U2,0,InsufficientSolder,IL1117C-5.0V,,00001549_1.txt,2025-11-10 16:00,2025-11-10 16:00
MV-6E,ROOMCON_INI_241121,1552,2025-11-10 16:02,2025-11-10 16:02,2,R14,2,InsufficientSolder,R1608-100K_OHM,,00001552_1.txt,2025-11-10 16:02,2025-11-10 16:02
MV-6E,ROOMCON_INI_241121,1556,2025-11-10 16:04,2025-11-10 16:04,0,U1,1,InsufficientSolder,MC96F6432Q,,00001556_1.txt,2025-11-10 16:04,2025-11-10 16:04
MV-6E,ROOMCON_INI_241121,1557,2025-11-10 16:04,2025-11-10 16:04,0,U4,1,InsufficientSolder,GTC08L-SO,,00001557_1.txt,2025-11-10 16:04,2025-11-10 16:04
MV-6E,ROOMCON_INI_241121,1557,2025-11-10 16:04,2025-11-10 16:04,2,R14,2,InsufficientSolder,R1608-100K_OHM,,00001557_1.txt,2025-11-10 16:04,2025-11-10 16:04
MV-6E,ROOMCON_INI_241121,1560,2025-11-10 16:06,2025-11-10 16:06,0,U1,1,InsufficientSolder,MC96F6432Q,,00001560_1.txt,2025-11-10 16:06,2025-11-10 16:06
MV-6E,ROOMCON_INI_241121,1560,2025-11-10 16:06,2025-11-10 16:06,2,U2,0,InsufficientSolder,IL1117C-5.0V,,00001560_1.txt,2025-11-10 16:06,2025-11-10 16:06
MV-6E,ROOMCON_INI_241121,1562,2025-11-10 16:07,2025-11-10 16:07,0,Q1,0,Tilt,KRC102S,,00001562_1.txt,2025-11-10 16:07,2025-11-10 16:07
MV-6E,ROOMCON_INI_241121,1562,2025-11-10 16:07,2025-11-10 16:07,0,Q1,4,WrongPart,KRC102S,,00001562_1.txt,2025-11-10 16:07,2025-11-10 16:07
MV-6E,ROOMCON_INI_241121,1563,2025-11-10 16:07,2025-11-10 16:07,2,Q1,0,Tilt,KRC102S,,00001563_1.txt,2025-11-10 16:07,2025-11-10 16:07
MV-6E,ROOMCON_INI_241121,1568,2025-11-10 16:10,2025-11-10 16:10,1,Q1,0,Tilt,KRC102S,,00001568_1.txt,2025-11-10 16:10,2025-11-10 16:10
MV-6E,ROOMCON_INI_241121,1568,2025-11-10 16:10,2025-11-10 16:10,1,Q1,4,WrongPart,KRC102S,,00001568_1.txt,2025-11-10 16:10,2025-11-10 16:10
MV-6E,ROOMCON_INI_241121,1570,2025-11-10 16:11,2025-11-10 16:11,0,Q1,0,Tilt,KRC102S,,00001570_1.txt,2025-11-10 16:11,2025-11-10 16:11
MV-6E,ROOMCON_INI_241121,1570,2025-11-10 16:11,2025-11-10 16:11,2,R35,3,WrongPart,R1608-J560_OHM,,00001570_1.txt,2025-11-10 16:11,2025-11-10 16:11
MV-6E,ROOMCON_INI_241121,1571,2025-11-10 16:12,2025-11-10 16:12,0,U1,1,InsufficientSolder,MC96F6432Q,,00001571_1.txt,2025-11-10 16:12,2025-11-10 16:12
MV-6E,ROOMCON_INI_241121,1572,2025-11-10 16:12,2025-11-10 16:12,1,D3,0,Shift,M4,,00001572_1.txt,2025-11-10 16:12,2025-11-10 16:12
MV-6E,ROOMCON_INI_241121,1574,2025-11-10 16:13,2025-11-10 16:13,1,Q1,0,Tilt,KRC102S,,00001574_1.txt,2025-11-10 16:13,2025-11-10 16:13
MV-6E,ROOMCON_INI_241121,1574,2025-11-10 16:13,2025-11-10 16:13,2,U2,0,InsufficientSolder,IL1117C-5.0V,,00001574_1.txt,2025-11-10 16:13,2025-11-10 16:13
MV-6E,ROOMCON_INI_241121,1576,2025-11-10 16:14,2025-11-10 16:14,0,R14,2,InsufficientSolder,R1608-100K_OHM,,00001576_1.txt,2025-11-10 16:14,2025-11-10 16:14
MV-6E,ROOMCON_INI_241121,1577,2025-11-10 16:15,2025-11-10 16:15,0,Q1,0,Tilt,KRC102S,,00001577_1.txt,2025-11-10 16:15,2025-11-10 16:15
MV-6E,ROOMCON_INI_241121,1577,2025-11-10 16:15,2025-11-10 16:15,0,Q1,4,WrongPart,KRC102S,,00001577_1.txt,2025-11-10 16:15,2025-11-10 16:15
MV-6E,ROOMCON_INI_241121,1577,2025-11-10 16:15,2025-11-10 16:15,2,Q1,0,Tilt,KRC102S,,00001577_1.txt,2025-11-10 16:15,2025-11-10 16:15
MV-6E,ROOMCON_INI_241121,1579,2025-11-10 16:16,2025-11-10 16:16,2,Q1,0,Tilt,KRC102S,,00001579_1.txt,2025-11-10 16:16,2025-11-10 16:16
MV-6E,ROOMCON_INI_241121,1581,2025-11-10 16:17,2025-11-10 16:17,1,Q1,0,Tilt,KRC102S,,00001581_1.txt,2025-11-10 16:17,2025-11-10 16:17
MV-6E,ROOMCON_INI_241121,1581,2025-11-10 16:17,2025-11-10 16:17,1,Q1,4,WrongPart,KRC102S,,00001581_1.txt,2025-11-10 16:17,2025-11-10 16:17
MV-6E,ROOMCON_INI_241121,1582,2025-11-10 16:17,2025-11-10 16:17,0,D2,0,Shift,M4,,00001582_1.txt,2025-11-10 16:17,2025-11-10 16:17
MV-6E,ROOMCON_INI_241121,1582,2025-11-10 16:17,2025-11-10 16:17,1,Q1,0,Tilt,KRC102S,,00001582_1.txt,2025-11-10 16:17,2025-11-10 16:17
MV-6E,ROOMCON_INI_241121,1585,2025-11-10 16:19,2025-11-10 16:19,0,R14,2,InsufficientSolder,R1608-100K_OHM,,00001585_1.txt,2025-11-10 16:19,2025-11-10 16:19
MV-6E,ROOMCON_INI_241121,1585,2025-11-10 16:19,2025-11-10 16:19,1,Q1,0,Tilt,KRC102S,,00001585_1.txt,2025-11-10 16:19,2025-11-10 16:19
MV-6E,ROOMCON_INI_241121,1586,2025-11-10 16:19,2025-11-10 16:19,1,R14,2,InsufficientSolder,R1608-100K_OHM,,00001586_1.txt,2025-11-10 16:19,2025-11-10 16:19
MV-6E,ROOMCON_INI_241121,1588,2025-11-10 16:20,2025-11-10 16:20,2,D2,0,Shift,M4,,00001588_1.txt,2025-11-10 16:20,2025-11-10 16:20
MV-6E,ROOMCON_INI_241121,1589,2025-11-10 16:21,2025-11-10 16:21,1,Q1,0,Tilt,KRC102S,,00001589_1.txt,2025-11-10 16:21,2025-11-10 16:21
MV-6E,ROOMCON_INI_241121,1589,2025-11-10 16:21,2025-11-10 16:21,1,Q1,4,WrongPart,KRC102S,,00001589_1.txt,2025-11-10 16:21,2025-11-10 16:21
MV-6E,ROOMCON_INI_241121,1591,2025-11-10 16:22,2025-11-10 16:22,0,Q1,0,Tilt,KRC102S,,00001591_1.txt,2025-11-10 16:22,2025-11-10 16:22
MV-6E,ROOMCON_INI_241121,1592,2025-11-10 16:23,2025-11-10 16:23,0,R14,2,InsufficientSolder,R1608-100K_OHM,,00001592_1.txt,2025-11-10 16:23,2025-11-10 16:23
MV-6E,ROOMCON_INI_241121,1593,2025-11-10 16:23,2025-11-10 16:23,0,Q1,0,Tilt,KRC102S,,00001593_1.txt,2025-11-10 16:23,2025-11-10 16:23
MV-6E,ROOMCON_INI_241121,1593,2025-11-10 16:23,2025-11-10 16:23,1,Q1,0,Tilt,KRC102S,,00001593_1.txt,2025-11-10 16:23,2025-11-10 16:23
MV-6E,ROOMCON_INI_241121,1595,2025-11-10 16:24,2025-11-10 16:24,0,Q1,0,Tilt,KRC102S,,00001595_1.txt,2025-11-10 16:24,2025-11-10 16:24
MV-6E,ROOMCON_INI_241121,1599,2025-11-10 16:26,2025-11-10 16:26,0,U1,1,InsufficientSolder,MC96F6432Q,,00001599_1.txt,2025-11-10 16:26,2025-11-10 16:26
MV-6E,ROOMCON_INI_241121,1599,2025-11-10 16:26,2025-11-10 16:26,0,Q1,0,Tilt,KRC102S,,00001599_1.txt,2025-11-10 16:26,2025-11-10 16:26
MV-6E,ROOMCON_INI_241121,1599,2025-11-10 16:26,2025-11-10 16:26,1,U1,1,InsufficientSolder,MC96F6432Q,,00001599_1.txt,2025-11-10 16:26,2025-11-10 16:26
MV-6E,ROOMCON_INI_241121,1599,2025-11-10 16:26,2025-11-10 16:26,1,U1,2,InsufficientSolder,MC96F6432Q,,00001599_1.txt,2025-11-10 16:26,2025-11-10 16:26
MV-6E,ROOMCON_INI_241121,1599,2025-11-10 16:26,2025-11-10 16:26,2,U1,2,InsufficientSolder,MC96F6432Q,,00001599_1.txt,2025-11-10 16:26,2025-11-10 16:26
MV-6E,ROOMCON_INI_241121,1601,2025-11-10 16:27,2025-11-10 16:27,1,D4,0,Shift,M4,,00001601_1.txt,2025-11-10 16:27,2025-11-10 16:27
MV-6E,ROOMCON_INI_241121,1602,2025-11-10 16:28,2025-11-10 16:28,0,U1,1,InsufficientSolder,MC96F6432Q,,00001602_1.txt,2025-11-10 16:28,2025-11-10 16:28
MV-6E,ROOMCON_INI_241121,1602,2025-11-10 16:28,2025-11-10 16:28,1,Q1,0,Tilt,KRC102S,,00001602_1.txt,2025-11-10 16:28,2025-11-10 16:28
MV-6E,ROOMCON_INI_241121,1604,2025-11-10 16:29,2025-11-10 16:29,0,R14,2,InsufficientSolder,R1608-100K_OHM,,00001604_1.txt,2025-11-10 16:29,2025-11-10 16:29
MV-6E,ROOMCON_INI_241121,1606,2025-11-10 16:30,2025-11-10 16:30,2,D2,0,Shift,M4,,00001606_1.txt,2025-11-10 16:30,2025-11-10 16:30
MV-6E,ROOMCON_INI_241121,1608,2025-11-10 16:31,2025-11-10 16:31,0,U1,1,InsufficientSolder,MC96F6432Q,,00001608.txt,2025-11-10 16:31,2025-11-10 16:31
MV-6E,ROOMCON_INI_241121,1608,2025-11-10 16:31,2025-11-10 16:31,2,Q1,0,Tilt,KRC102S,,00001608.txt,2025-11-10 16:31,2025-11-10 16:31
MV-6E,ROOMCON_INI_241121,1609,2025-11-10 16:31,2025-11-10 16:31,1,Q1,0,Tilt,KRC102S,,00001609_1.txt,2025-11-10 16:31,2025-11-10 16:31
MV-6E,ROOMCON_INI_241121,1610,2025-11-10 16:32,2025-11-10 16:32,2,Q1,0,Tilt,KRC102S,,00001610_1.txt,2025-11-10 16:32,2025-11-10 16:32
MV-6E,ROOMCON_INI_241121,1611,2025-11-10 16:32,2025-11-10 16:32,2,Q1,0,Tilt,KRC102S,,00001611_1.txt,2025-11-10 16:32,2025-11-10 16:32
MV-6E,ROOMCON_INI_241121,1611,2025-11-10 16:32,2025-11-10 16:32,2,Q1,4,WrongPart,KRC102S,,00001611_1.txt,2025-11-10 16:32,2025-11-10 16:32
MV-6E,ROOMCON_INI_241121,1613,2025-11-10 16:33,2025-11-10 16:33,1,Q1,0,Tilt,KRC102S,,00001613_1.txt,2025-11-10 16:33,2025-11-10 16:33
MV-6E,ROOMCON_INI_241121,1613,2025-11-10 16:33,2025-11-10 16:33,2,Q1,0,Tilt,KRC102S,,00001613_1.txt,2025-11-10 16:33,2025-11-10 16:33
MV-6E,ROOMCON_INI_241121,1614,2025-11-10 16:34,2025-11-10 16:34,0,Q1,0,Tilt,KRC102S,,00001614_1.txt,2025-11-10 16:34,2025-11-10 16:34
MV-6E,ROOMCON_INI_241121,1617,2025-11-10 16:35,2025-11-10 16:35,0,Q1,0,Tilt,KRC102S,,00001617_1.txt,2025-11-10 16:35,2025-11-10 16:35
MV-6E,ROOMCON_INI_241121,1617,2025-11-10 16:35,2025-11-10 16:35,2,Q1,0,Tilt,KRC102S,,00001617_1.txt,2025-11-10 16:35,2025-11-10 16:35
MV-6E,ROOMCON_INI_241121,1618,2025-11-10 16:36,2025-11-10 16:36,0,Q1,0,Tilt,KRC102S,,00001618_1.txt,2025-11-10 16:36,2025-11-10 16:36
MV-6E,ROOMCON_INI_241121,1619,2025-11-10 16:36,2025-11-10 16:36,0,U1,1,InsufficientSolder,MC96F6432Q,,00001619_1.txt,2025-11-10 16:36,2025-11-10 16:36
MV-6E,ROOMCON_INI_241121,1623,2025-11-10 16:39,2025-11-10 16:39,0,Q1,0,Tilt,KRC102S,,00001623.txt,2025-11-10 16:39,2025-11-10 16:39
MV-6E,ROOMCON_INI_241121,1626,2025-11-10 16:40,2025-11-10 16:40,0,U1,1,InsufficientSolder,MC96F6432Q,,00001626_1.txt,2025-11-10 16:40,2025-11-10 16:40
MV-6E,ROOMCON_INI_241121,1627,2025-11-10 16:41,2025-11-10 16:41,1,U1,1,InsufficientSolder,MC96F6432Q,,00001627_1.txt,2025-11-10 16:41,2025-11-10 16:41
MV-6E,ROOMCON_INI_241121,1627,2025-11-10 16:41,2025-11-10 16:41,2,Q1,0,Tilt,KRC102S,,00001627_1.txt,2025-11-10 16:41,2025-11-10 16:41
MV-6E,ROOMCON_INI_241121,1628,2025-11-10 16:41,2025-11-10 16:41,0,U1,1,InsufficientSolder,MC96F6432Q,,00001628_1.txt,2025-11-10 16:41,2025-11-10 16:41
MV-6E,ROOMCON_INI_241121,1628,2025-11-10 16:41,2025-11-10 16:41,0,Q1,0,Tilt,KRC102S,,00001628_1.txt,2025-11-10 16:41,2025-11-10 16:41
MV-6E,ROOMCON_INI_241121,1631,2025-11-10 16:43,2025-11-10 16:43,0,Q1,0,Rotate,KRC102S,,00001631_1.txt,2025-11-10 16:43,2025-11-10 16:43
MV-6E,ROOMCON_INI_241121,1631,2025-11-10 16:43,2025-11-10 16:43,0,Q1,4,WrongPart,KRC102S,,00001631_1.txt,2025-11-10 16:43,2025-11-10 16:43
MV-6E,ROOMCON_INI_241121,1631,2025-11-10 16:43,2025-11-10 16:43,1,U4,0,Missing,GTC08L-SO,,00001631_1.txt,2025-11-10 16:43,2025-11-10 16:43
MV-6E,ROOMCON_INI_241121,1631,2025-11-10 16:43,2025-11-10 16:43,1,U4,3,WrongPart,GTC08L-SO,,00001631_1.txt,2025-11-10 16:43,2025-11-10 16:43
MV-6E,ROOMCON_INI_241121,1631,2025-11-10 16:43,2025-11-10 16:43,1,U2,0,LiftedLead,IL1117C-5.0V,,00001631_1.txt,2025-11-10 16:43,2025-11-10 16:43
MV-6E,ROOMCON_INI_241121,1631,2025-11-10 16:43,2025-11-10 16:43,1,U2,1,LiftedSolder,IL1117C-5.0V,,00001631_1.txt,2025-11-10 16:43,2025-11-10 16:43
MV-6E,ROOMCON_INI_241121,1631,2025-11-10 16:43,2025-11-10 16:43,1,U2,2,WrongPart,IL1117C-5.0V,,00001631_1.txt,2025-11-10 16:43,2025-11-10 16:43
MV-6E,ROOMCON_INI_241121,1631,2025-11-10 16:43,2025-11-10 16:43,1,U2,3,Missing,IL1117C-5.0V,,00001631_1.txt,2025-11-10 16:43,2025-11-10 16:43
MV-6E,ROOMCON_INI_241121,1631,2025-11-10 16:43,2025-11-10 16:43,1,U1,0,Missing,MC96F6432Q,,00001631_1.txt,2025-11-10 16:43,2025-11-10 16:43
MV-6E,ROOMCON_INI_241121,1631,2025-11-10 16:43,2025-11-10 16:43,1,U1,1,Bridge,MC96F6432Q,,00001631_1.txt,2025-11-10 16:43,2025-11-10 16:43
MV-6E,ROOMCON_INI_241121,1631,2025-11-10 16:43,2025-11-10 16:43,1,U1,2,InsufficientSolder,MC96F6432Q,,00001631_1.txt,2025-11-10 16:43,2025-11-10 16:43
MV-6E,ROOMCON_INI_241121,1631,2025-11-10 16:43,2025-11-10 16:43,1,U1,5,WrongPart,MC96F6432Q,,00001631_1.txt,2025-11-10 16:43,2025-11-10 16:43
MV-6E,ROOMCON_INI_241121,1631,2025-11-10 16:43,2025-11-10 16:43,1,R9,0,Missing,R1608-J10K_OHM,,00001631_1.txt,2025-11-10 16:43,2025-11-10 16:43
MV-6E,ROOMCON_INI_241121,1631,2025-11-10 16:43,2025-11-10 16:43,1,R9,3,WrongPart,R1608-J10K_OHM,,00001631_1.txt,2025-11-10 16:43,2025-11-10 16:43
MV-6E,ROOMCON_INI_241121,1631,2025-11-10 16:43,2025-11-10 16:43,1,R8,0,Missing,R2012-J330_OHM,,00001631_1.txt,2025-11-10 16:43,2025-11-10 16:43
MV-6E,ROOMCON_INI_241121,1631,2025-11-10 16:43,2025-11-10 16:43,1,R8,1,InsufficientSolder,R2012-J330_OHM,,00001631_1.txt,2025-11-10 16:43,2025-11-10 16:43
MV-6E,ROOMCON_INI_241121,1631,2025-11-10 16:43,2025-11-10 16:43,1,R8,2,InsufficientSolder,R2012-J330_OHM,,00001631_1.txt,2025-11-10 16:43,2025-11-10 16:43
MV-6E,ROOMCON_INI_241121,1631,2025-11-10 16:43,2025-11-10 16:43,1,R8,3,WrongPart,R2012-J330_OHM,,00001631_1.txt,2025-11-10 16:43,2025-11-10 16:43
MV-6E,ROOMCON_INI_241121,1631,2025-11-10 16:43,2025-11-10 16:43,1,R41,0,Missing,R1608-J560_OHM,,00001631_1.txt,2025-11-10 16:43,2025-11-10 16:43
MV-6E,ROOMCON_INI_241121,1631,2025-11-10 16:43,2025-11-10 16:43,1,R41,3,WrongPart,R1608-J560_OHM,,00001631_1.txt,2025-11-10 16:43,2025-11-10 16:43
MV-6E,ROOMCON_INI_241121,1631,2025-11-10 16:43,2025-11-10 16:43,1,R36,0,Missing,R1608-J560_OHM,,00001631_1.txt,2025-11-10 16:43,2025-11-10 16:43
MV-6E,ROOMCON_INI_241121,1631,2025-11-10 16:43,2025-11-10 16:43,1,R36,3,WrongPart,R1608-J560_OHM,,00001631_1.txt,2025-11-10 16:43,2025-11-10 16:43
MV-6E,ROOMCON_INI_241121,1631,2025-11-10 16:43,2025-11-10 16:43,1,R35,0,Missing,R1608-J560_OHM,,00001631_1.txt,2025-11-10 16:43,2025-11-10 16:43
MV-6E,ROOMCON_INI_241121,1631,2025-11-10 16:43,2025-11-10 16:43,1,R35,3,WrongPart,R1608-J560_OHM,,00001631_1.txt,2025-11-10 16:43,2025-11-10 16:43
MV-6E,ROOMCON_INI_241121,1631,2025-11-10 16:43,2025-11-10 16:43,1,R34,0,Missing,R1608-J560_OHM,,00001631_1.txt,2025-11-10 16:43,2025-11-10 16:43
MV-6E,ROOMCON_INI_241121,1631,2025-11-10 16:43,2025-11-10 16:43,1,R34,3,WrongPart,R1608-J560_OHM,,00001631_1.txt,2025-11-10 16:43,2025-11-10 16:43
MV-6E,ROOMCON_INI_241121,1631,2025-11-10 16:43,2025-11-10 16:43,1,R33,0,Missing,R1608-J560_OHM,,00001631_1.txt,2025-11-10 16:43,2025-11-10 16:43
MV-6E,ROOMCON_INI_241121,1631,2025-11-10 16:43,2025-11-10 16:43,1,R33,3,WrongPart,R1608-J560_OHM,,00001631_1.txt,2025-11-10 16:43,2025-11-10 16:43
MV-6E,ROOMCON_INI_241121,1631,2025-11-10 16:43,2025-11-10 16:43,1,R32,0,Missing,R1608-J560_OHM,,00001631_1.txt,2025-11-10 16:43,2025-11-10 16:43
MV-6E,ROOMCON_INI_241121,1631,2025-11-10 16:43,2025-11-10 16:43,1,R32,3,WrongPart,R1608-J560_OHM,,00001631_1.txt,2025-11-10 16:43,2025-11-10 16:43
MV-6E,ROOMCON_INI_241121,1631,2025-11-10 16:43,2025-11-10 16:43,1,R31,0,Missing,R1608-J560_OHM,,00001631_1.txt,2025-11-10 16:43,2025-11-10 16:43
MV-6E,ROOMCON_INI_241121,1631,2025-11-10 16:43,2025-11-10 16:43,1,R31,3,WrongPart,R1608-J560_OHM,,00001631_1.txt,2025-11-10 16:43,2025-11-10 16:43
MV-6E,ROOMCON_INI_241121,1631,2025-11-10 16:43,2025-11-10 16:43,1,R30,0,Missing,R1608-J560_OHM,,00001631_1.txt,2025-11-10 16:43,2025-11-10 16:43
MV-6E,ROOMCON_INI_241121,1631,2025-11-10 16:43,2025-11-10 16:43,1,R30,3,WrongPart,R1608-J560_OHM,,00001631_1.txt,2025-11-10 16:43,2025-11-10 16:43
MV-6E,ROOMCON_INI_241121,1631,2025-11-10 16:43,2025-11-10 16:43,1,R22,0,Missing,R2012-J4.7_OHM,,00001631_1.txt,2025-11-10 16:43,2025-11-10 16:43
MV-6E,ROOMCON_INI_241121,1631,2025-11-10 16:43,2025-11-10 16:43,1,R22,1,InsufficientSolder,R2012-J4.7_OHM,,00001631_1.txt,2025-11-10 16:43,2025-11-10 16:43
MV-6E,ROOMCON_INI_241121,1631,2025-11-10 16:43,2025-11-10 16:43,1,R22,3,WrongPart,R2012-J4.7_OHM,,00001631_1.txt,2025-11-10 16:43,2025-11-10 16:43
MV-6E,ROOMCON_INI_241121,1631,2025-11-10 16:43,2025-11-10 16:43,1,R21,0,Missing,R1608-J2K_OHM,,00001631_1.txt,2025-11-10 16:43,2025-11-10 16:43
MV-6E,ROOMCON_INI_241121,1631,2025-11-10 16:43,2025-11-10 16:43,1,R21,3,WrongPart,R1608-J2K_OHM,,00001631_1.txt,2025-11-10 16:43,2025-11-10 16:43
MV-6E,ROOMCON_INI_241121,1631,2025-11-10 16:43,2025-11-10 16:43,1,R19,0,Missing,R1608-J10K_OHM,,00001631_1.txt,2025-11-10 16:43,2025-11-10 16:43
MV-6E,ROOMCON_INI_241121,1631,2025-11-10 16:43,2025-11-10 16:43,1,R19,3,WrongPart,R1608-J10K_OHM,,00001631_1.txt,2025-11-10 16:43,2025-11-10 16:43
MV-6E,ROOMCON_INI_241121,1631,2025-11-10 16:43,2025-11-10 16:43,1,R15,0,Missing,R1608-J2K_OHM,,00001631_1.txt,2025-11-10 16:43,2025-11-10 16:43
MV-6E,ROOMCON_INI_241121,1631,2025-11-10 16:43,2025-11-10 16:43,1,R15,3,WrongPart,R1608-J2K_OHM,,00001631_1.txt,2025-11-10 16:43,2025-11-10 16:43
MV-6E,ROOMCON_INI_241121,1631,2025-11-10 16:43,2025-11-10 16:43,1,R14,0,Missing,R1608-100K_OHM,,00001631_1.txt,2025-11-10 16:43,2025-11-10 16:43
MV-6E,ROOMCON_INI_241121,1631,2025-11-10 16:43,2025-11-10 16:43,1,R14,2,InsufficientSolder,R1608-100K_OHM,,00001631_1.txt,2025-11-10 16:43,2025-11-10 16:43
MV-6E,ROOMCON_INI_241121,1631,2025-11-10 16:43,2025-11-10 16:43,1,R14,3,WrongPart,R1608-100K_OHM,,00001631_1.txt,2025-11-10 16:43,2025-11-10 16:43
MV-6E,ROOMCON_INI_241121,1631,2025-11-10 16:43,2025-11-10 16:43,1,R1,0,Missing,R1608-J10K_OHM,,00001631_1.txt,2025-11-10 16:43,2025-11-10 16:43
MV-6E,ROOMCON_INI_241121,1631,2025-11-10 16:43,2025-11-10 16:43,1,R1,1,InsufficientSolder,R1608-J10K_OHM,,00001631_1.txt,2025-11-10 16:43,2025-11-10 16:43
MV-6E,ROOMCON_INI_241121,1631,2025-11-10 16:43,2025-11-10 16:43,1,R1,3,WrongPart,R1608-J10K_OHM,,00001631_1.txt,2025-11-10 16:43,2025-11-10 16:43
MV-6E,ROOMCON_INI_241121,1631,2025-11-10 16:43,2025-11-10 16:43,1,Q1,0,Missing,KRC102S,,00001631_1.txt,2025-11-10 16:43,2025-11-10 16:43
MV-6E,ROOMCON_INI_241121,1631,2025-11-10 16:43,2025-11-10 16:43,1,Q1,4,WrongPart,KRC102S,,00001631_1.txt,2025-11-10 16:43,2025-11-10 16:43
MV-6E,ROOMCON_INI_241121,1631,2025-11-10 16:43,2025-11-10 16:43,1,FET1,0,Missing,RU207C,,00001631_1.txt,2025-11-10 16:43,2025-11-10 16:43
MV-6E,ROOMCON_INI_241121,1631,2025-11-10 16:43,2025-11-10 16:43,1,D7,0,Missing,LL4148,,00001631_1.txt,2025-11-10 16:43,2025-11-10 16:43
MV-6E,ROOMCON_INI_241121,1631,2025-11-10 16:43,2025-11-10 16:43,1,D7,2,InsufficientSolder,LL4148,,00001631_1.txt,2025-11-10 16:43,2025-11-10 16:43
MV-6E,ROOMCON_INI_241121,1631,2025-11-10 16:43,2025-11-10 16:43,1,D6,0,Missing,LL4148,,00001631_1.txt,2025-11-10 16:43,2025-11-10 16:43
MV-6E,ROOMCON_INI_241121,1631,2025-11-10 16:43,2025-11-10 16:43,1,D6,2,InsufficientSolder,LL4148,,00001631_1.txt,2025-11-10 16:43,2025-11-10 16:43
MV-6E,ROOMCON_INI_241121,1631,2025-11-10 16:43,2025-11-10 16:43,1,D5,0,Missing,LL4148,,00001631_1.txt,2025-11-10 16:43,2025-11-10 16:43
MV-6E,ROOMCON_INI_241121,1631,2025-11-10 16:43,2025-11-10 16:43,1,D5,2,InsufficientSolder,LL4148,,00001631_1.txt,2025-11-10 16:43,2025-11-10 16:43
MV-6E,ROOMCON_INI_241121,1631,2025-11-10 16:43,2025-11-10 16:43,1,D4,0,Missing,M4,,00001631_1.txt,2025-11-10 16:43,2025-11-10 16:43
MV-6E,ROOMCON_INI_241121,1631,2025-11-10 16:43,2025-11-10 16:43,1,D4,2,InsufficientSolder,M4,,00001631_1.txt,2025-11-10 16:43,2025-11-10 16:43
MV-6E,ROOMCON_INI_241121,1631,2025-11-10 16:43,2025-11-10 16:43,1,D3,0,Missing,M4,,00001631_1.txt,2025-11-10 16:43,2025-11-10 16:43
MV-6E,ROOMCON_INI_241121,1631,2025-11-10 16:43,2025-11-10 16:43,1,D3,2,InsufficientSolder,M4,,00001631_1.txt,2025-11-10 16:43,2025-11-10 16:43
MV-6E,ROOMCON_INI_241121,1631,2025-11-10 16:43,2025-11-10 16:43,1,D2,0,Missing,M4,,00001631_1.txt,2025-11-10 16:43,2025-11-10 16:43
MV-6E,ROOMCON_INI_241121,1631,2025-11-10 16:43,2025-11-10 16:43,1,D2,2,InsufficientSolder,M4,,00001631_1.txt,2025-11-10 16:43,2025-11-10 16:43
MV-6E,ROOMCON_INI_241121,1631,2025-11-10 16:43,2025-11-10 16:43,1,D1,0,Missing,M4,,00001631_1.txt,2025-11-10 16:43,2025-11-10 16:43
MV-6E,ROOMCON_INI_241121,1631,2025-11-10 16:43,2025-11-10 16:43,1,D1,2,InsufficientSolder,M4,,00001631_1.txt,2025-11-10 16:43,2025-11-10 16:43
MV-6E,ROOMCON_INI_241121,1631,2025-11-10 16:43,2025-11-10 16:43,1,C9,0,Missing,C1608-100nF_50V_10%,,00001631_1.txt,2025-11-10 16:43,2025-11-10 16:43
MV-6E,ROOMCON_INI_241121,1631,2025-11-10 16:43,2025-11-10 16:43,1,C6,0,Missing,C2012-10uF_16V_10%,,00001631_1.txt,2025-11-10 16:43,2025-11-10 16:43
MV-6E,ROOMCON_INI_241121,1631,2025-11-10 16:43,2025-11-10 16:43,1,C6,1,InsufficientSolder,C2012-10uF_16V_10%,,00001631_1.txt,2025-11-10 16:43,2025-11-10 16:43
MV-6E,ROOMCON_INI_241121,1631,2025-11-10 16:43,2025-11-10 16:43,1,C6,2,InsufficientSolder,C2012-10uF_16V_10%,,00001631_1.txt,2025-11-10 16:43,2025-11-10 16:43
MV-6E,ROOMCON_INI_241121,1631,2025-11-10 16:43,2025-11-10 16:43,1,C5,0,Missing,C1608-3pF_50V_10%,,00001631_1.txt,2025-11-10 16:43,2025-11-10 16:43
MV-6E,ROOMCON_INI_241121,1631,2025-11-10 16:43,2025-11-10 16:43,1,C5,2,InsufficientSolder,C1608-3pF_50V_10%,,00001631_1.txt,2025-11-10 16:43,2025-11-10 16:43
MV-6E,ROOMCON_INI_241121,1631,2025-11-10 16:43,2025-11-10 16:43,1,C4,0,Missing,C2012-10uF_16V_10%,,00001631_1.txt,2025-11-10 16:43,2025-11-10 16:43
MV-6E,ROOMCON_INI_241121,1631,2025-11-10 16:43,2025-11-10 16:43,1,C4,1,InsufficientSolder,C2012-10uF_16V_10%,,00001631_1.txt,2025-11-10 16:43,2025-11-10 16:43
MV-6E,ROOMCON_INI_241121,1631,2025-11-10 16:43,2025-11-10 16:43,1,C4,2,InsufficientSolder,C2012-10uF_16V_10%,,00001631_1.txt,2025-11-10 16:43,2025-11-10 16:43
MV-6E,ROOMCON_INI_241121,1631,2025-11-10 16:43,2025-11-10 16:43,1,C3,0,Missing,C1608-100nF_50V_10%,,00001631_1.txt,2025-11-10 16:43,2025-11-10 16:43
MV-6E,ROOMCON_INI_241121,1631,2025-11-10 16:43,2025-11-10 16:43,1,C3,1,InsufficientSolder,C1608-100nF_50V_10%,,00001631_1.txt,2025-11-10 16:43,2025-11-10 16:43
MV-6E,ROOMCON_INI_241121,1631,2025-11-10 16:43,2025-11-10 16:43,1,C2,0,Missing,C1608-100nF_50V_10%,,00001631_1.txt,2025-11-10 16:43,2025-11-10 16:43
MV-6E,ROOMCON_INI_241121,1631,2025-11-10 16:43,2025-11-10 16:43,1,C2,1,InsufficientSolder,C1608-100nF_50V_10%,,00001631_1.txt,2025-11-10 16:43,2025-11-10 16:43
MV-6E,ROOMCON_INI_241121,1631,2025-11-10 16:43,2025-11-10 16:43,1,C10,0,Missing,C1608-100nF_50V_10%,,00001631_1.txt,2025-11-10 16:43,2025-11-10 16:43
MV-6E,ROOMCON_INI_241121,1631,2025-11-10 16:43,2025-11-10 16:43,1,C10,1,InsufficientSolder,C1608-100nF_50V_10%,,00001631_1.txt,2025-11-10 16:43,2025-11-10 16:43
MV-6E,ROOMCON_INI_241121,1631,2025-11-10 16:43,2025-11-10 16:43,1,C1,0,Missing,C1608-100nF_50V_10%,,00001631_1.txt,2025-11-10 16:43,2025-11-10 16:43
MV-6E,ROOMCON_INI_241121,1631,2025-11-10 16:43,2025-11-10 16:43,1,C1,1,InsufficientSolder,C1608-100nF_50V_10%,,00001631_1.txt,2025-11-10 16:43,2025-11-10 16:43
MV-6E,ROOMCON_INI_241121,1631,2025-11-10 16:43,2025-11-10 16:43,1,R11,0,Missing,R1608-J10K_OHM,,00001631_1.txt,2025-11-10 16:43,2025-11-10 16:43
MV-6E,ROOMCON_INI_241121,1631,2025-11-10 16:43,2025-11-10 16:43,1,R11,3,WrongPart,R1608-J10K_OHM,,00001631_1.txt,2025-11-10 16:43,2025-11-10 16:43
MV-6E,ROOMCON_INI_241121,1631,2025-11-10 16:43,2025-11-10 16:43,1,LD1,0,Missing,LED2012_RED,,00001631_1.txt,2025-11-10 16:43,2025-11-10 16:43
MV-6E,ROOMCON_INI_241121,1631,2025-11-10 16:43,2025-11-10 16:43,1,LD1,1,InsufficientSolder,LED2012_RED,,00001631_1.txt,2025-11-10 16:43,2025-11-10 16:43
MV-6E,ROOMCON_INI_241121,1631,2025-11-10 16:43,2025-11-10 16:43,1,LD1,2,InsufficientSolder,LED2012_RED,,00001631_1.txt,2025-11-10 16:43,2025-11-10 16:43
MV-6E,ROOMCON_INI_241121,1631,2025-11-10 16:43,2025-11-10 16:43,2,U4,0,Missing,GTC08L-SO,,00001631_1.txt,2025-11-10 16:43,2025-11-10 16:43
MV-6E,ROOMCON_INI_241121,1631,2025-11-10 16:43,2025-11-10 16:43,2,U4,2,LiftedLead,GTC08L-SO,,00001631_1.txt,2025-11-10 16:43,2025-11-10 16:43
MV-6E,ROOMCON_INI_241121,1631,2025-11-10 16:43,2025-11-10 16:43,2,U4,3,WrongPart,GTC08L-SO,,00001631_1.txt,2025-11-10 16:43,2025-11-10 16:43
MV-6E,ROOMCON_INI_241121,1631,2025-11-10 16:43,2025-11-10 16:43,2,U2,0,Bridge,IL1117C-5.0V,,00001631_1.txt,2025-11-10 16:43,2025-11-10 16:43
MV-6E,ROOMCON_INI_241121,1631,2025-11-10 16:43,2025-11-10 16:43,2,U2,2,WrongPart,IL1117C-5.0V,,00001631_1.txt,2025-11-10 16:43,2025-11-10 16:43
MV-6E,ROOMCON_INI_241121,1631,2025-11-10 16:43,2025-11-10 16:43,2,U2,3,Missing,IL1117C-5.0V,,00001631_1.txt,2025-11-10 16:43,2025-11-10 16:43
MV-6E,ROOMCON_INI_241121,1631,2025-11-10 16:43,2025-11-10 16:43,2,U1,0,Missing,MC96F6432Q,,00001631_1.txt,2025-11-10 16:43,2025-11-10 16:43
MV-6E,ROOMCON_INI_241121,1631,2025-11-10 16:43,2025-11-10 16:43,2,U1,1,Bridge,MC96F6432Q,,00001631_1.txt,2025-11-10 16:43,2025-11-10 16:43
MV-6E,ROOMCON_INI_241121,1631,2025-11-10 16:43,2025-11-10 16:43,2,U1,2,InsufficientSolder,MC96F6432Q,,00001631_1.txt,2025-11-10 16:43,2025-11-10 16:43
MV-6E,ROOMCON_INI_241121,1631,2025-11-10 16:43,2025-11-10 16:43,2,U1,5,WrongPart,MC96F6432Q,,00001631_1.txt,2025-11-10 16:43,2025-11-10 16:43
MV-6E,ROOMCON_INI_241121,1631,2025-11-10 16:43,2025-11-10 16:43,2,R9,0,Missing,R1608-J10K_OHM,,00001631_1.txt,2025-11-10 16:43,2025-11-10 16:43
MV-6E,ROOMCON_INI_241121,1631,2025-11-10 16:43,2025-11-10 16:43,2,R9,3,WrongPart,R1608-J10K_OHM,,00001631_1.txt,2025-11-10 16:43,2025-11-10 16:43
MV-6E,ROOMCON_INI_241121,1631,2025-11-10 16:43,2025-11-10 16:43,2,R8,0,Missing,R2012-J330_OHM,,00001631_1.txt,2025-11-10 16:43,2025-11-10 16:43
MV-6E,ROOMCON_INI_241121,1631,2025-11-10 16:43,2025-11-10 16:43,2,R8,1,InsufficientSolder,R2012-J330_OHM,,00001631_1.txt,2025-11-10 16:43,2025-11-10 16:43
MV-6E,ROOMCON_INI_241121,1631,2025-11-10 16:43,2025-11-10 16:43,2,R8,2,InsufficientSolder,R2012-J330_OHM,,00001631_1.txt,2025-11-10 16:43,2025-11-10 16:43
MV-6E,ROOMCON_INI_241121,1631,2025-11-10 16:43,2025-11-10 16:43,2,R8,3,WrongPart,R2012-J330_OHM,,00001631_1.txt,2025-11-10 16:43,2025-11-10 16:43
MV-6E,ROOMCON_INI_241121,1631,2025-11-10 16:43,2025-11-10 16:43,2,R41,0,Missing,R1608-J560_OHM,,00001631_1.txt,2025-11-10 16:43,2025-11-10 16:43
MV-6E,ROOMCON_INI_241121,1631,2025-11-10 16:43,2025-11-10 16:43,2,R41,3,WrongPart,R1608-J560_OHM,,00001631_1.txt,2025-11-10 16:43,2025-11-10 16:43
MV-6E,ROOMCON_INI_241121,1631,2025-11-10 16:43,2025-11-10 16:43,2,R36,0,Missing,R1608-J560_OHM,,00001631_1.txt,2025-11-10 16:43,2025-11-10 16:43
MV-6E,ROOMCON_INI_241121,1631,2025-11-10 16:43,2025-11-10 16:43,2,R36,3,WrongPart,R1608-J560_OHM,,00001631_1.txt,2025-11-10 16:43,2025-11-10 16:43
MV-6E,ROOMCON_INI_241121,1631,2025-11-10 16:43,2025-11-10 16:43,2,R35,0,Missing,R1608-J560_OHM,,00001631_1.txt,2025-11-10 16:43,2025-11-10 16:43
MV-6E,ROOMCON_INI_241121,1631,2025-11-10 16:43,2025-11-10 16:43,2,R35,3,WrongPart,R1608-J560_OHM,,00001631_1.txt,2025-11-10 16:43,2025-11-10 16:43
MV-6E,ROOMCON_INI_241121,1631,2025-11-10 16:43,2025-11-10 16:43,2,R34,0,Missing,R1608-J560_OHM,,00001631_1.txt,2025-11-10 16:43,2025-11-10 16:43
MV-6E,ROOMCON_INI_241121,1631,2025-11-10 16:43,2025-11-10 16:43,2,R34,3,WrongPart,R1608-J560_OHM,,00001631_1.txt,2025-11-10 16:43,2025-11-10 16:43
MV-6E,ROOMCON_INI_241121,1631,2025-11-10 16:43,2025-11-10 16:43,2,R33,0,Missing,R1608-J560_OHM,,00001631_1.txt,2025-11-10 16:43,2025-11-10 16:43
MV-6E,ROOMCON_INI_241121,1631,2025-11-10 16:43,2025-11-10 16:43,2,R33,3,WrongPart,R1608-J560_OHM,,00001631_1.txt,2025-11-10 16:43,2025-11-10 16:43
MV-6E,ROOMCON_INI_241121,1631,2025-11-10 16:43,2025-11-10 16:43,2,R32,0,Missing,R1608-J560_OHM,,00001631_1.txt,2025-11-10 16:43,2025-11-10 16:43
MV-6E,ROOMCON_INI_241121,1631,2025-11-10 16:43,2025-11-10 16:43,2,R32,3,WrongPart,R1608-J560_OHM,,00001631_1.txt,2025-11-10 16:43,2025-11-10 16:43
MV-6E,ROOMCON_INI_241121,1631,2025-11-10 16:43,2025-11-10 16:43,2,R31,0,Missing,R1608-J560_OHM,,00001631_1.txt,2025-11-10 16:43,2025-11-10 16:43
MV-6E,ROOMCON_INI_241121,1631,2025-11-10 16:43,2025-11-10 16:43,2,R31,3,WrongPart,R1608-J560_OHM,,00001631_1.txt,2025-11-10 16:43,2025-11-10 16:43
MV-6E,ROOMCON_INI_241121,1631,2025-11-10 16:43,2025-11-10 16:43,2,R30,0,Missing,R1608-J560_OHM,,00001631_1.txt,2025-11-10 16:43,2025-11-10 16:43
MV-6E,ROOMCON_INI_241121,1631,2025-11-10 16:43,2025-11-10 16:43,2,R30,3,WrongPart,R1608-J560_OHM,,00001631_1.txt,2025-11-10 16:43,2025-11-10 16:43
MV-6E,ROOMCON_INI_241121,1631,2025-11-10 16:43,2025-11-10 16:43,2,R22,0,Missing,R2012-J4.7_OHM,,00001631_1.txt,2025-11-10 16:43,2025-11-10 16:43
MV-6E,ROOMCON_INI_241121,1631,2025-11-10 16:43,2025-11-10 16:43,2,R22,1,InsufficientSolder,R2012-J4.7_OHM,,00001631_1.txt,2025-11-10 16:43,2025-11-10 16:43
MV-6E,ROOMCON_INI_241121,1631,2025-11-10 16:43,2025-11-10 16:43,2,R22,3,WrongPart,R2012-J4.7_OHM,,00001631_1.txt,2025-11-10 16:43,2025-11-10 16:43
MV-6E,ROOMCON_INI_241121,1631,2025-11-10 16:43,2025-11-10 16:43,2,R21,0,Missing,R1608-J2K_OHM,,00001631_1.txt,2025-11-10 16:43,2025-11-10 16:43
MV-6E,ROOMCON_INI_241121,1631,2025-11-10 16:43,2025-11-10 16:43,2,R21,3,WrongPart,R1608-J2K_OHM,,00001631_1.txt,2025-11-10 16:43,2025-11-10 16:43
MV-6E,ROOMCON_INI_241121,1631,2025-11-10 16:43,2025-11-10 16:43,2,R19,0,Missing,R1608-J10K_OHM,,00001631_1.txt,2025-11-10 16:43,2025-11-10 16:43
MV-6E,ROOMCON_INI_241121,1631,2025-11-10 16:43,2025-11-10 16:43,2,R19,3,WrongPart,R1608-J10K_OHM,,00001631_1.txt,2025-11-10 16:43,2025-11-10 16:43
MV-6E,ROOMCON_INI_241121,1631,2025-11-10 16:43,2025-11-10 16:43,2,R15,0,Missing,R1608-J2K_OHM,,00001631_1.txt,2025-11-10 16:43,2025-11-10 16:43
MV-6E,ROOMCON_INI_241121,1631,2025-11-10 16:43,2025-11-10 16:43,2,R15,3,WrongPart,R1608-J2K_OHM,,00001631_1.txt,2025-11-10 16:43,2025-11-10 16:43
MV-6E,ROOMCON_INI_241121,1631,2025-11-10 16:43,2025-11-10 16:43,2,R14,0,Missing,R1608-100K_OHM,,00001631_1.txt,2025-11-10 16:43,2025-11-10 16:43
MV-6E,ROOMCON_INI_241121,1631,2025-11-10 16:43,2025-11-10 16:43,2,R14,2,InsufficientSolder,R1608-100K_OHM,,00001631_1.txt,2025-11-10 16:43,2025-11-10 16:43
MV-6E,ROOMCON_INI_241121,1631,2025-11-10 16:43,2025-11-10 16:43,2,R14,3,WrongPart,R1608-100K_OHM,,00001631_1.txt,2025-11-10 16:43,2025-11-10 16:43
MV-6E,ROOMCON_INI_241121,1631,2025-11-10 16:43,2025-11-10 16:43,2,R1,0,Missing,R1608-J10K_OHM,,00001631_1.txt,2025-11-10 16:43,2025-11-10 16:43
MV-6E,ROOMCON_INI_241121,1631,2025-11-10 16:43,2025-11-10 16:43,2,R1,3,WrongPart,R1608-J10K_OHM,,00001631_1.txt,2025-11-10 16:43,2025-11-10 16:43
MV-6E,ROOMCON_INI_241121,1631,2025-11-10 16:43,2025-11-10 16:43,2,Q1,0,Missing,KRC102S,,00001631_1.txt,2025-11-10 16:43,2025-11-10 16:43
MV-6E,ROOMCON_INI_241121,1631,2025-11-10 16:43,2025-11-10 16:43,2,Q1,4,WrongPart,KRC102S,,00001631_1.txt,2025-11-10 16:43,2025-11-10 16:43
MV-6E,ROOMCON_INI_241121,1631,2025-11-10 16:43,2025-11-10 16:43,2,FET1,0,Missing,RU207C,,00001631_1.txt,2025-11-10 16:43,2025-11-10 16:43
MV-6E,ROOMCON_INI_241121,1631,2025-11-10 16:43,2025-11-10 16:43,2,D7,0,Missing,LL4148,,00001631_1.txt,2025-11-10 16:43,2025-11-10 16:43
MV-6E,ROOMCON_INI_241121,1631,2025-11-10 16:43,2025-11-10 16:43,2,D7,2,InsufficientSolder,LL4148,,00001631_1.txt,2025-11-10 16:43,2025-11-10 16:43
MV-6E,ROOMCON_INI_241121,1631,2025-11-10 16:43,2025-11-10 16:43,2,D6,0,Missing,LL4148,,00001631_1.txt,2025-11-10 16:43,2025-11-10 16:43
MV-6E,ROOMCON_INI_241121,1631,2025-11-10 16:43,2025-11-10 16:43,2,D6,2,InsufficientSolder,LL4148,,00001631_1.txt,2025-11-10 16:43,2025-11-10 16:43
MV-6E,ROOMCON_INI_241121,1631,2025-11-10 16:43,2025-11-10 16:43,2,D5,0,Missing,LL4148,,00001631_1.txt,2025-11-10 16:43,2025-11-10 16:43
MV-6E,ROOMCON_INI_241121,1631,2025-11-10 16:43,2025-11-10 16:43,2,D5,2,InsufficientSolder,LL4148,,00001631_1.txt,2025-11-10 16:43,2025-11-10 16:43
MV-6E,ROOMCON_INI_241121,1631,2025-11-10 16:43,2025-11-10 16:43,2,D4,0,Missing,M4,,00001631_1.txt,2025-11-10 16:43,2025-11-10 16:43
MV-6E,ROOMCON_INI_241121,1631,2025-11-10 16:43,2025-11-10 16:43,2,D4,2,InsufficientSolder,M4,,00001631_1.txt,2025-11-10 16:43,2025-11-10 16:43
MV-6E,ROOMCON_INI_241121,1631,2025-11-10 16:43,2025-11-10 16:43,2,D3,0,Missing,M4,,00001631_1.txt,2025-11-10 16:43,2025-11-10 16:43
MV-6E,ROOMCON_INI_241121,1631,2025-11-10 16:43,2025-11-10 16:43,2,D3,2,InsufficientSolder,M4,,00001631_1.txt,2025-11-10 16:43,2025-11-10 16:43
MV-6E,ROOMCON_INI_241121,1631,2025-11-10 16:43,2025-11-10 16:43,2,D2,0,Missing,M4,,00001631_1.txt,2025-11-10 16:43,2025-11-10 16:43
MV-6E,ROOMCON_INI_241121,1631,2025-11-10 16:43,2025-11-10 16:43,2,D1,0,Missing,M4,,00001631_1.txt,2025-11-10 16:43,2025-11-10 16:43
MV-6E,ROOMCON_INI_241121,1631,2025-11-10 16:43,2025-11-10 16:43,2,C9,0,Missing,C1608-100nF_50V_10%,,00001631_1.txt,2025-11-10 16:43,2025-11-10 16:43
MV-6E,ROOMCON_INI_241121,1631,2025-11-10 16:43,2025-11-10 16:43,2,C6,0,Missing,C2012-10uF_16V_10%,,00001631_1.txt,2025-11-10 16:43,2025-11-10 16:43
MV-6E,ROOMCON_INI_241121,1631,2025-11-10 16:43,2025-11-10 16:43,2,C6,1,InsufficientSolder,C2012-10uF_16V_10%,,00001631_1.txt,2025-11-10 16:43,2025-11-10 16:43
MV-6E,ROOMCON_INI_241121,1631,2025-11-10 16:43,2025-11-10 16:43,2,C6,2,InsufficientSolder,C2012-10uF_16V_10%,,00001631_1.txt,2025-11-10 16:43,2025-11-10 16:43
MV-6E,ROOMCON_INI_241121,1631,2025-11-10 16:43,2025-11-10 16:43,2,C5,0,Missing,C1608-3pF_50V_10%,,00001631_1.txt,2025-11-10 16:43,2025-11-10 16:43
MV-6E,ROOMCON_INI_241121,1631,2025-11-10 16:43,2025-11-10 16:43,2,C5,2,InsufficientSolder,C1608-3pF_50V_10%,,00001631_1.txt,2025-11-10 16:43,2025-11-10 16:43
MV-6E,ROOMCON_INI_241121,1631,2025-11-10 16:43,2025-11-10 16:43,2,C4,0,Missing,C2012-10uF_16V_10%,,00001631_1.txt,2025-11-10 16:43,2025-11-10 16:43
MV-6E,ROOMCON_INI_241121,1631,2025-11-10 16:43,2025-11-10 16:43,2,C4,1,InsufficientSolder,C2012-10uF_16V_10%,,00001631_1.txt,2025-11-10 16:43,2025-11-10 16:43
MV-6E,ROOMCON_INI_241121,1631,2025-11-10 16:43,2025-11-10 16:43,2,C4,2,InsufficientSolder,C2012-10uF_16V_10%,,00001631_1.txt,2025-11-10 16:43,2025-11-10 16:43
MV-6E,ROOMCON_INI_241121,1631,2025-11-10 16:43,2025-11-10 16:43,2,C3,0,Missing,C1608-100nF_50V_10%,,00001631_1.txt,2025-11-10 16:43,2025-11-10 16:43
MV-6E,ROOMCON_INI_241121,1631,2025-11-10 16:43,2025-11-10 16:43,2,C3,1,InsufficientSolder,C1608-100nF_50V_10%,,00001631_1.txt,2025-11-10 16:43,2025-11-10 16:43
MV-6E,ROOMCON_INI_241121,1631,2025-11-10 16:43,2025-11-10 16:43,2,C2,0,Missing,C1608-100nF_50V_10%,,00001631_1.txt,2025-11-10 16:43,2025-11-10 16:43
MV-6E,ROOMCON_INI_241121,1631,2025-11-10 16:43,2025-11-10 16:43,2,C2,1,InsufficientSolder,C1608-100nF_50V_10%,,00001631_1.txt,2025-11-10 16:43,2025-11-10 16:43
MV-6E,ROOMCON_INI_241121,1631,2025-11-10 16:43,2025-11-10 16:43,2,C10,0,Missing,C1608-100nF_50V_10%,,00001631_1.txt,2025-11-10 16:43,2025-11-10 16:43
MV-6E,ROOMCON_INI_241121,1631,2025-11-10 16:43,2025-11-10 16:43,2,C10,1,InsufficientSolder,C1608-100nF_50V_10%,,00001631_1.txt,2025-11-10 16:43,2025-11-10 16:43
MV-6E,ROOMCON_INI_241121,1631,2025-11-10 16:43,2025-11-10 16:43,2,C1,0,Missing,C1608-100nF_50V_10%,,00001631_1.txt,2025-11-10 16:43,2025-11-10 16:43
MV-6E,ROOMCON_INI_241121,1631,2025-11-10 16:43,2025-11-10 16:43,2,C1,1,InsufficientSolder,C1608-100nF_50V_10%,,00001631_1.txt,2025-11-10 16:43,2025-11-10 16:43
MV-6E,ROOMCON_INI_241121,1631,2025-11-10 16:43,2025-11-10 16:43,2,R11,0,Missing,R1608-J10K_OHM,,00001631_1.txt,2025-11-10 16:43,2025-11-10 16:43
MV-6E,ROOMCON_INI_241121,1631,2025-11-10 16:43,2025-11-10 16:43,2,R11,3,WrongPart,R1608-J10K_OHM,,00001631_1.txt,2025-11-10 16:43,2025-11-10 16:43
MV-6E,ROOMCON_INI_241121,1631,2025-11-10 16:43,2025-11-10 16:43,2,LD1,0,Missing,LED2012_RED,,00001631_1.txt,2025-11-10 16:43,2025-11-10 16:43
MV-6E,ROOMCON_INI_241121,1631,2025-11-10 16:43,2025-11-10 16:43,2,LD1,1,InsufficientSolder,LED2012_RED,,00001631_1.txt,2025-11-10 16:43,2025-11-10 16:43
MV-6E,ROOMCON_INI_241121,1631,2025-11-10 16:43,2025-11-10 16:43,2,LD1,2,InsufficientSolder,LED2012_RED,,00001631_1.txt,2025-11-10 16:43,2025-11-10 16:43
MV-6E,KOREA_NEW_CONTROL,397,2025-11-13 14:30,2025-11-13 14:30,3,R10,0,Missing,2012_1K_OHM,,00000397_4.txt,2025-11-13 14:30,2025-11-13 14:30
MV-6E,KOREA_NEW_CONTROL,406,2025-11-13 14:35,2025-11-13 14:35,0,R28,3,WrongPart,2012_3.3K_OHM,,00000406_4.txt,2025-11-13 14:35,2025-11-13 14:35
MV-6E,KOREA_NEW_CONTROL,420,2025-11-13 14:43,2025-11-13 14:43,0,R18,0,Tilt,2012_120_OHM,,00000420_4.txt,2025-11-13 14:43,2025-11-13 14:43
MV-6E,KOREA_NEW_CONTROL,429,2025-11-13 14:49,2025-11-13 14:49,3,R10,0,Missing,2012_1K_OHM,,00000429_2.txt,2025-11-13 14:49,2025-11-13 14:49
MV-6E,KOREA_NEW_CONTROL,434,2025-11-13 14:52,2025-11-13 14:52,1,R28,3,WrongPart,2012_3.3K_OHM,,00000434_2.txt,2025-11-13 14:52,2025-11-13 14:52
MV-6E,KOREA_NEW_CONTROL,435,2025-11-13 14:52,2025-11-13 14:52,3,R28,3,WrongPart,2012_3.3K_OHM,,00000435_2.txt,2025-11-13 14:52,2025-11-13 14:52
MV-6E,KOREA_NEW_CONTROL,467,2025-11-13 15:11,2025-11-13 15:11,3,U2,2,LiftedLead,COSMO_357NT,,00000467_2.txt,2025-11-13 15:11,2025-11-13 15:11
MV-6E,KOREA_NEW_CONTROL,474,2025-11-13 15:15,2025-11-13 15:15,0,R2,0,Missing,2012_270_OHM,,00000474_2.txt,2025-11-13 15:15,2025-11-13 15:15
MV-6E,KOREA_NEW_CONTROL,477,2025-11-13 15:17,2025-11-13 15:17,0,U2,2,LiftedLead,COSMO_357NT,,00000477_2.txt,2025-11-13 15:17,2025-11-13 15:17
MV-6E,KOREA_NEW_CONTROL,477,2025-11-13 15:17,2025-11-13 15:17,3,R3,0,Missing,2012_270_OHM,,00000477_2.txt,2025-11-13 15:17,2025-11-13 15:17
MV-6E,KOREA_NEW_CONTROL,479,2025-11-13 15:18,2025-11-13 15:18,3,R3,0,Missing,2012_270_OHM,,00000479_2.txt,2025-11-13 15:18,2025-11-13 15:18
MV-6E,KOREA_NEW_CONTROL,504,2025-11-13 15:35,2025-11-13 15:35,3,Q2,4,WrongPart,KRC105S_(SOT-23),,00000504_2.txt,2025-11-13 15:35,2025-11-13 15:35
MV-6E,KOREA_NEW_CONTROL,506,2025-11-13 15:36,2025-11-13 15:36,3,U2,1,LiftedLead,COSMO_357NT,,00000506_2.txt,2025-11-13 15:36,2025-11-13 15:36
MV-6E,KOREA_NEW_CONTROL,534,2025-11-13 15:53,2025-11-13 15:53,3,U2,2,LiftedLead,COSMO_357NT,,00000534_2.txt,2025-11-13 15:53,2025-11-13 15:53
MV-6E,KOREA_NEW_CONTROL,535,2025-11-13 15:53,2025-11-13 15:53,1,R28,3,WrongPart,2012_3.3K_OHM,,00000535_2.txt,2025-11-13 15:53,2025-11-13 15:53
MV-6E,KOREA_NEW_CONTROL,560,2025-11-13 16:08,2025-11-13 16:08,3,Q2,0,LiftedPackage,KRC105S_(SOT-23),,00000560_3.txt,2025-11-13 16:08,2025-11-13 16:08
MV-6E,KOREA_NEW_CONTROL,561,2025-11-13 16:09,2025-11-13 16:09,0,R28,3,WrongPart,2012_3.3K_OHM,,00000561_3.txt,2025-11-13 16:09,2025-11-13 16:09
MV-6E,KOREA_NEW_CONTROL,581,2025-11-13 16:21,2025-11-13 16:21,1,U2,2,LiftedLead,COSMO_357NT,,00000581_3.txt,2025-11-13 16:21,2025-11-13 16:21
MV-6E,KOREA_NEW_CONTROL,582,2025-11-13 16:21,2025-11-13 16:21,1,U2,1,LiftedLead,COSMO_357NT,,00000582_3.txt,2025-11-13 16:21,2025-11-13 16:21
MV-6E,KOREA_NEW_CONTROL,592,2025-11-13 16:27,2025-11-13 16:27,1,R28,3,WrongPart,2012_3.3K_OHM,,00000592_3.txt,2025-11-13 16:27,2025-11-13 16:27
MV-6E,KYK30K_MAIN,4,2025-11-20 15:31,2025-11-20 15:31,1,LD1,0,Tilt,BIT1608DLG-02,,00000004_10.txt,2025-11-20 15:31,2025-11-20 15:31
MV-6E,KYK30K_MAIN,4,2025-11-20 15:31,2025-11-20 15:31,2,LD1,0,Tilt,BIT1608DLG-02,,00000004_10.txt,2025-11-20 15:31,2025-11-20 15:31
MV-6E,KYK30K_MAIN,7,2025-11-20 15:45,2025-11-20 15:45,1,U2,1,WrongPart,W25Q16JVSSIQ,,00000007_10.txt,2025-11-20 15:45,2025-11-20 15:45
MV-6E,KYK30K_MAIN,10,2025-11-20 15:47,2025-11-20 15:47,2,U2,1,WrongPart,W25Q16JVSSIQ,,00000010_10.txt,2025-11-20 15:47,2025-11-20 15:47
MV-6E,KYK30K_MAIN,16,2025-11-20 15:52,2025-11-20 15:52,0,LD1,0,Tilt,BIT1608DLG-02,,00000016_10.txt,2025-11-20 15:52,2025-11-20 15:52
MV-6E,KYK30K_MAIN,16,2025-11-20 15:52,2025-11-20 15:52,1,U2,1,WrongPart,W25Q16JVSSIQ,,00000016_10.txt,2025-11-20 15:52,2025-11-20 15:52
MV-6E,KYK30K_MAIN,16,2025-11-20 15:52,2025-11-20 15:52,2,LD1,0,Tilt,BIT1608DLG-02,,00000016_10.txt,2025-11-20 15:52,2025-11-20 15:52
MV-6E,KYK30K_MAIN,16,2025-11-20 15:52,2025-11-20 15:52,2,C20,0,Shift,4.7uF_16V_T3216,,00000016_10.txt,2025-11-20 15:52,2025-11-20 15:52
MV-6E,KYK30K_MAIN,25,2025-11-20 15:59,2025-11-20 15:59,1,LD1,0,Shift,BIT1608DLG-02,,00000025_10.txt,2025-11-20 15:59,2025-11-20 15:59
MV-6E,KYK30K_MAIN,25,2025-11-20 15:59,2025-11-20 15:59,2,U2,1,WrongPart,W25Q16JVSSIQ,,00000025_10.txt,2025-11-20 15:59,2025-11-20 15:59
MV-6E,KYK30K_MAIN,29,2025-11-20 16:02,2025-11-20 16:02,0,U2,1,WrongPart,W25Q16JVSSIQ,,00000029_10.txt,2025-11-20 16:02,2025-11-20 16:02
MV-6E,KYK30K_MAIN,31,2025-11-20 16:04,2025-11-20 16:04,0,LD1,0,Tilt,BIT1608DLG-02,,00000031_10.txt,2025-11-20 16:04,2025-11-20 16:04
MV-6E,AIRDEEP_M_TOP,3,2025-12-02 15:00,2025-12-02 15:00,0,C7,0,LiftedPackage,33uF_16V,,00000003_10.txt,2025-12-02 15:00,2025-12-02 15:00
MV-6E,AIRDEEP_M_TOP,3,2025-12-02 15:00,2025-12-02 15:00,0,C6,0,LiftedPackage,47uF_16V,,00000003_10.txt,2025-12-02 15:00,2025-12-02 15:00
MV-6E,AIRDEEP_M_TOP,13,2025-12-02 15:20,2025-12-02 15:20,2,C17,2,InsufficientSolder,12.5pF_50V_C1608,,00000013_10.txt,2025-12-02 15:20,2025-12-02 15:20
MV-6E,AIRDEEP_M_TOP,50,2025-12-02 15:38,2025-12-02 15:38,2,U5,6,WrongPart,MCP6001U,,00000050_10.txt,2025-12-02 15:38,2025-12-02 15:38
MV-6E,AIRDEEP_M_TOP,65,2025-12-02 15:46,2025-12-02 15:46,0,C2,0,Shift,100uF_10V_X5R_C3216,,00000065_10.txt,2025-12-02 15:46,2025-12-02 15:46
MV-6E,AIRDEEP_M_TOP,65,2025-12-02 15:46,2025-12-02 15:46,1,L6,2,InsufficientSolder,1uH_1608,,00000065_10.txt,2025-12-02 15:46,2025-12-02 15:46
MV-6E,AIRDEEP_M_BOT,18,2025-12-07 13:17,2025-12-07 13:17,1,L5,0,Tomstone,SNR4018-4R7M,,00000018_10.txt,2025-12-07 13:17,2025-12-07 13:17
MV-6E,AIRDEEP_M_BOT,18,2025-12-07 13:17,2025-12-07 13:17,2,L5,1,InsufficientSolder,SNR4018-4R7M,,00000018_10.txt,2025-12-07 13:17,2025-12-07 13:17
MV-6E,AIRDEEP_M_BOT,33,2025-12-07 13:29,2025-12-07 13:29,1,R22,0,Missing,2.2M_ohm_F1608,,00000033_10.txt,2025-12-07 13:29,2025-12-07 13:29
MV-6E,AIRDEEP_M_BOT,33,2025-12-07 13:29,2025-12-07 13:29,1,R22,3,WrongPart,2.2M_ohm_F1608,,00000033_10.txt,2025-12-07 13:29,2025-12-07 13:29
MV-6E,AIRDEEP_M_BOT,35,2025-12-07 13:30,2025-12-07 13:30,2,L5,2,InsufficientSolder,SNR4018-4R7M,,00000035_10.txt,2025-12-07 13:30,2025-12-07 13:30
MV-6E,AIRDEEP_M_BOT,40,2025-12-07 13:33,2025-12-07 13:33,2,D6,0,LiftedPackage,LL4148,,00000040_10.txt,2025-12-07 13:33,2025-12-07 13:33
MV-6E,AIRDEEP_M_BOT,43,2025-12-07 13:35,2025-12-07 13:35,2,L5,2,InsufficientSolder,SNR4018-4R7M,,00000043_10.txt,2025-12-07 13:35,2025-12-07 13:35
MV-6E,AIRDEEP_M_BOT,44,2025-12-07 13:36,2025-12-07 13:36,0,L5,3,WrongPart,SNR4018-4R7M,,00000044_10.txt,2025-12-07 13:36,2025-12-07 13:36
MV-6E,AIRDEEP_M_BOT,44,2025-12-07 13:36,2025-12-07 13:36,2,L5,3,WrongPart,SNR4018-4R7M,,00000044_10.txt,2025-12-07 13:36,2025-12-07 13:36
MV-6E,AIRDEEP_M_BOT,46,2025-12-07 13:37,2025-12-07 13:37,2,L5,1,InsufficientSolder,SNR4018-4R7M,,00000046_10.txt,2025-12-07 13:37,2025-12-07 13:37
MV-6E,AIRDEEP_M_BOT,47,2025-12-07 13:38,2025-12-07 13:38,0,D5,0,Shift,1N5819HW,,00000047_10.txt,2025-12-07 13:38,2025-12-07 13:38
MV-6E,AIRDEEP_M_BOT,57,2025-12-07 13:44,2025-12-07 13:44,1,L5,2,InsufficientSolder,SNR4018-4R7M,,00000057_10.txt,2025-12-07 13:44,2025-12-07 13:44
MV-6E,AIRDEEP_M_BOT,74,2025-12-07 13:54,2025-12-07 13:54,0,D1,0,Missing,1N5819HW,,00000074_10.txt,2025-12-07 13:54,2025-12-07 13:54
MV-6E,AIRDEEP_M_BOT,74,2025-12-07 13:54,2025-12-07 13:54,0,D1,3,WrongPart,1N5819HW,,00000074_10.txt,2025-12-07 13:54,2025-12-07 13:54
MV-6E,AIRDEEP_M_BOT,74,2025-12-07 13:54,2025-12-07 13:54,0,R12,0,Missing,2.2K_ohm_J1608,,00000074_10.txt,2025-12-07 13:54,2025-12-07 13:54
MV-6E,AIRDEEP_M_BOT,74,2025-12-07 13:54,2025-12-07 13:54,0,R12,3,WrongPart,2.2K_ohm_J1608,,00000074_10.txt,2025-12-07 13:54,2025-12-07 13:54
MV-6E,AIRDEEP_M_BOT,74,2025-12-07 13:54,2025-12-07 13:54,0,C13,0,Missing,100nF_16V_X5R_C1608,,00000074_10.txt,2025-12-07 13:54,2025-12-07 13:54
MV-6E,AIRDEEP_M_BOT,74,2025-12-07 13:54,2025-12-07 13:54,0,R38,0,Missing,1K_ohm_J1608,,00000074_10.txt,2025-12-07 13:54,2025-12-07 13:54
MV-6E,AIRDEEP_M_BOT,74,2025-12-07 13:54,2025-12-07 13:54,0,R38,3,WrongPart,1K_ohm_J1608,,00000074_10.txt,2025-12-07 13:54,2025-12-07 13:54
MV-6E,AIRDEEP_M_BOT,74,2025-12-07 13:54,2025-12-07 13:54,0,R25,0,Missing,100K_ohm_F1608,,00000074_10.txt,2025-12-07 13:54,2025-12-07 13:54
MV-6E,AIRDEEP_M_BOT,74,2025-12-07 13:54,2025-12-07 13:54,0,R25,1,WrongPart,100K_ohm_F1608,,00000074_10.txt,2025-12-07 13:54,2025-12-07 13:54
MV-6E,AIRDEEP_M_BOT,74,2025-12-07 13:54,2025-12-07 13:54,0,R37,0,Missing,1M_ohm_F1608,,00000074_10.txt,2025-12-07 13:54,2025-12-07 13:54
MV-6E,AIRDEEP_M_BOT,74,2025-12-07 13:54,2025-12-07 13:54,0,R37,2,InsufficientSolder,1M_ohm_F1608,,00000074_10.txt,2025-12-07 13:54,2025-12-07 13:54
MV-6E,AIRDEEP_M_BOT,74,2025-12-07 13:54,2025-12-07 13:54,0,R37,3,WrongPart,1M_ohm_F1608,,00000074_10.txt,2025-12-07 13:54,2025-12-07 13:54
MV-6E,AIRDEEP_M_BOT,74,2025-12-07 13:54,2025-12-07 13:54,0,C21,0,Missing,6.8nF_16V_X5R_C1608,,00000074_10.txt,2025-12-07 13:54,2025-12-07 13:54
MV-6E,AIRDEEP_M_BOT,74,2025-12-07 13:54,2025-12-07 13:54,0,R31,0,Missing,10K_ohm_J1608,,00000074_10.txt,2025-12-07 13:54,2025-12-07 13:54
MV-6E,AIRDEEP_M_BOT,74,2025-12-07 13:54,2025-12-07 13:54,0,R31,3,WrongPart,10K_ohm_J1608,,00000074_10.txt,2025-12-07 13:54,2025-12-07 13:54
MV-6E,AIRDEEP_M_BOT,74,2025-12-07 13:54,2025-12-07 13:54,0,D5,0,Missing,1N5819HW,,00000074_10.txt,2025-12-07 13:54,2025-12-07 13:54
MV-6E,AIRDEEP_M_BOT,74,2025-12-07 13:54,2025-12-07 13:54,0,D5,3,WrongPart,1N5819HW,,00000074_10.txt,2025-12-07 13:54,2025-12-07 13:54
MV-6E,AIRDEEP_M_BOT,74,2025-12-07 13:54,2025-12-07 13:54,0,R30,0,Missing,2.2K_ohm_J1608,,00000074_10.txt,2025-12-07 13:54,2025-12-07 13:54
MV-6E,AIRDEEP_M_BOT,74,2025-12-07 13:54,2025-12-07 13:54,0,R30,3,WrongPart,2.2K_ohm_J1608,,00000074_10.txt,2025-12-07 13:54,2025-12-07 13:54
MV-6E,AIRDEEP_M_BOT,74,2025-12-07 13:54,2025-12-07 13:54,0,C31,0,Missing,100nF_16V_X5R_C1608,,00000074_10.txt,2025-12-07 13:54,2025-12-07 13:54
MV-6E,AIRDEEP_M_BOT,74,2025-12-07 13:54,2025-12-07 13:54,0,R8,0,Missing,1K_ohm_J1608,,00000074_10.txt,2025-12-07 13:54,2025-12-07 13:54
MV-6E,AIRDEEP_M_BOT,74,2025-12-07 13:54,2025-12-07 13:54,0,R8,3,WrongPart,1K_ohm_J1608,,00000074_10.txt,2025-12-07 13:54,2025-12-07 13:54
MV-6E,AIRDEEP_M_BOT,74,2025-12-07 13:54,2025-12-07 13:54,0,R27,0,Missing,100K_ohm_F1608,,00000074_10.txt,2025-12-07 13:54,2025-12-07 13:54
MV-6E,AIRDEEP_M_BOT,74,2025-12-07 13:54,2025-12-07 13:54,0,R27,1,WrongPart,100K_ohm_F1608,,00000074_10.txt,2025-12-07 13:54,2025-12-07 13:54
MV-6E,AIRDEEP_M_BOT,74,2025-12-07 13:54,2025-12-07 13:54,0,R36,0,Missing,1M_ohm_F1608,,00000074_10.txt,2025-12-07 13:54,2025-12-07 13:54
MV-6E,AIRDEEP_M_BOT,74,2025-12-07 13:54,2025-12-07 13:54,0,R36,2,InsufficientSolder,1M_ohm_F1608,,00000074_10.txt,2025-12-07 13:54,2025-12-07 13:54
MV-6E,AIRDEEP_M_BOT,74,2025-12-07 13:54,2025-12-07 13:54,0,R36,3,WrongPart,1M_ohm_F1608,,00000074_10.txt,2025-12-07 13:54,2025-12-07 13:54
MV-6E,AIRDEEP_M_BOT,74,2025-12-07 13:54,2025-12-07 13:54,0,C26,0,Missing,6.8nF_16V_X5R_C1608,,00000074_10.txt,2025-12-07 13:54,2025-12-07 13:54
MV-6E,AIRDEEP_M_BOT,74,2025-12-07 13:54,2025-12-07 13:54,0,R2,0,Missing,10K_ohm_J1608,,00000074_10.txt,2025-12-07 13:54,2025-12-07 13:54
MV-6E,AIRDEEP_M_BOT,74,2025-12-07 13:54,2025-12-07 13:54,0,R2,3,WrongPart,10K_ohm_J1608,,00000074_10.txt,2025-12-07 13:54,2025-12-07 13:54
MV-6E,AIRDEEP_M_BOT,74,2025-12-07 13:54,2025-12-07 13:54,0,C20,0,Missing,100nF_16V_X5R_C1608,,00000074_10.txt,2025-12-07 13:54,2025-12-07 13:54
MV-6E,AIRDEEP_M_BOT,74,2025-12-07 13:54,2025-12-07 13:54,0,C22,0,Missing,100nF_16V_X5R_C1608,,00000074_10.txt,2025-12-07 13:54,2025-12-07 13:54
MV-6E,AIRDEEP_M_BOT,74,2025-12-07 13:54,2025-12-07 13:54,0,L5,0,Missing,SNR4018-4R7M,,00000074_10.txt,2025-12-07 13:54,2025-12-07 13:54
MV-6E,AIRDEEP_M_BOT,74,2025-12-07 13:54,2025-12-07 13:54,0,L5,3,WrongPart,SNR4018-4R7M,,00000074_10.txt,2025-12-07 13:54,2025-12-07 13:54
MV-6E,AIRDEEP_M_BOT,74,2025-12-07 13:54,2025-12-07 13:54,0,R29,0,Missing,2.2K_ohm_J1608,,00000074_10.txt,2025-12-07 13:54,2025-12-07 13:54
MV-6E,AIRDEEP_M_BOT,74,2025-12-07 13:54,2025-12-07 13:54,0,R29,3,WrongPart,2.2K_ohm_J1608,,00000074_10.txt,2025-12-07 13:54,2025-12-07 13:54
MV-6E,AIRDEEP_M_BOT,74,2025-12-07 13:54,2025-12-07 13:54,0,C3,0,Missing,100nF_16V_X5R_C1608,,00000074_10.txt,2025-12-07 13:54,2025-12-07 13:54
MV-6E,AIRDEEP_M_BOT,74,2025-12-07 13:54,2025-12-07 13:54,0,R33,0,Missing,1K_ohm_J1608,,00000074_10.txt,2025-12-07 13:54,2025-12-07 13:54
MV-6E,AIRDEEP_M_BOT,74,2025-12-07 13:54,2025-12-07 13:54,0,R33,3,WrongPart,1K_ohm_J1608,,00000074_10.txt,2025-12-07 13:54,2025-12-07 13:54
MV-6E,AIRDEEP_M_BOT,74,2025-12-07 13:54,2025-12-07 13:54,0,R18,0,Missing,33K_ohm_F1608,,00000074_10.txt,2025-12-07 13:54,2025-12-07 13:54
MV-6E,AIRDEEP_M_BOT,74,2025-12-07 13:54,2025-12-07 13:54,0,R18,3,WrongPart,33K_ohm_F1608,,00000074_10.txt,2025-12-07 13:54,2025-12-07 13:54
MV-6E,AIRDEEP_M_BOT,74,2025-12-07 13:54,2025-12-07 13:54,0,L3,0,Missing,BLM18PG181SN1,,00000074_10.txt,2025-12-07 13:54,2025-12-07 13:54
MV-6E,AIRDEEP_M_BOT,74,2025-12-07 13:54,2025-12-07 13:54,0,C10,0,Missing,1uF_16V_X5R_C1608,,00000074_10.txt,2025-12-07 13:54,2025-12-07 13:54
MV-6E,AIRDEEP_M_BOT,74,2025-12-07 13:54,2025-12-07 13:54,0,R35,0,Missing,30K_ohm_F1608,,00000074_10.txt,2025-12-07 13:54,2025-12-07 13:54
MV-6E,AIRDEEP_M_BOT,74,2025-12-07 13:54,2025-12-07 13:54,0,R35,3,WrongPart,30K_ohm_F1608,,00000074_10.txt,2025-12-07 13:54,2025-12-07 13:54
MV-6E,AIRDEEP_M_BOT,74,2025-12-07 13:54,2025-12-07 13:54,0,C1,0,Missing,100nF_16V_X5R_C1608,,00000074_10.txt,2025-12-07 13:54,2025-12-07 13:54
MV-6E,AIRDEEP_M_BOT,74,2025-12-07 13:54,2025-12-07 13:54,0,SW1,0,Missing,TS1107_1131-250G,,00000074_10.txt,2025-12-07 13:54,2025-12-07 13:54
MV-6E,AIRDEEP_M_BOT,74,2025-12-07 13:54,2025-12-07 13:54,0,R3,0,Missing,10_ohm_J1608,,00000074_10.txt,2025-12-07 13:54,2025-12-07 13:54
MV-6E,AIRDEEP_M_BOT,74,2025-12-07 13:54,2025-12-07 13:54,0,R3,3,WrongPart,10_ohm_J1608,,00000074_10.txt,2025-12-07 13:54,2025-12-07 13:54
MV-6E,AIRDEEP_M_BOT,74,2025-12-07 13:54,2025-12-07 13:54,0,R23,0,Missing,4.7K_ohm_J1608,,00000074_10.txt,2025-12-07 13:54,2025-12-07 13:54
MV-6E,AIRDEEP_M_BOT,74,2025-12-07 13:54,2025-12-07 13:54,0,R23,3,WrongPart,4.7K_ohm_J1608,,00000074_10.txt,2025-12-07 13:54,2025-12-07 13:54
MV-6E,AIRDEEP_M_BOT,74,2025-12-07 13:54,2025-12-07 13:54,0,C25,0,Missing,1nF_16V_X5R_C1608,,00000074_10.txt,2025-12-07 13:54,2025-12-07 13:54
MV-6E,AIRDEEP_M_BOT,74,2025-12-07 13:54,2025-12-07 13:54,0,C25,1,InsufficientSolder,1nF_16V_X5R_C1608,,00000074_10.txt,2025-12-07 13:54,2025-12-07 13:54
MV-6E,AIRDEEP_M_BOT,74,2025-12-07 13:54,2025-12-07 13:54,0,C8,0,Missing,10uF_10V_X5R_C2012,,00000074_10.txt,2025-12-07 13:54,2025-12-07 13:54
MV-6E,AIRDEEP_M_BOT,74,2025-12-07 13:54,2025-12-07 13:54,0,C8,1,InsufficientSolder,10uF_10V_X5R_C2012,,00000074_10.txt,2025-12-07 13:54,2025-12-07 13:54
MV-6E,AIRDEEP_M_BOT,74,2025-12-07 13:54,2025-12-07 13:54,0,C8,2,InsufficientSolder,10uF_10V_X5R_C2012,,00000074_10.txt,2025-12-07 13:54,2025-12-07 13:54
MV-6E,AIRDEEP_M_BOT,74,2025-12-07 13:54,2025-12-07 13:54,0,C28,0,Missing,10nF_16V_X5R_C1608,,00000074_10.txt,2025-12-07 13:54,2025-12-07 13:54
MV-6E,AIRDEEP_M_BOT,74,2025-12-07 13:54,2025-12-07 13:54,0,FET4,0,Missing,2N7002KA,,00000074_10.txt,2025-12-07 13:54,2025-12-07 13:54
MV-6E,AIRDEEP_M_BOT,74,2025-12-07 13:54,2025-12-07 13:54,0,FET4,4,WrongPart,2N7002KA,,00000074_10.txt,2025-12-07 13:54,2025-12-07 13:54
MV-6E,AIRDEEP_M_BOT,74,2025-12-07 13:54,2025-12-07 13:54,0,U3,0,Missing,AP7375-3.3V,,00000074_10.txt,2025-12-07 13:54,2025-12-07 13:54
MV-6E,AIRDEEP_M_BOT,74,2025-12-07 13:54,2025-12-07 13:54,0,U3,6,WrongPart,AP7375-3.3V,,00000074_10.txt,2025-12-07 13:54,2025-12-07 13:54
MV-6E,AIRDEEP_M_BOT,74,2025-12-07 13:54,2025-12-07 13:54,0,R22,0,Missing,2.2M_ohm_F1608,,00000074_10.txt,2025-12-07 13:54,2025-12-07 13:54
MV-6E,AIRDEEP_M_BOT,74,2025-12-07 13:54,2025-12-07 13:54,0,R22,2,InsufficientSolder,2.2M_ohm_F1608,,00000074_10.txt,2025-12-07 13:54,2025-12-07 13:54
MV-6E,AIRDEEP_M_BOT,74,2025-12-07 13:54,2025-12-07 13:54,0,R22,3,WrongPart,2.2M_ohm_F1608,,00000074_10.txt,2025-12-07 13:54,2025-12-07 13:54
MV-6E,AIRDEEP_M_BOT,74,2025-12-07 13:54,2025-12-07 13:54,0,R32,0,Missing,120K_ohm_F1608,,00000074_10.txt,2025-12-07 13:54,2025-12-07 13:54
MV-6E,AIRDEEP_M_BOT,74,2025-12-07 13:54,2025-12-07 13:54,0,R32,2,InsufficientSolder,120K_ohm_F1608,,00000074_10.txt,2025-12-07 13:54,2025-12-07 13:54
MV-6E,AIRDEEP_M_BOT,74,2025-12-07 13:54,2025-12-07 13:54,0,R32,3,WrongPart,120K_ohm_F1608,,00000074_10.txt,2025-12-07 13:54,2025-12-07 13:54
MV-6E,AIRDEEP_M_BOT,74,2025-12-07 13:54,2025-12-07 13:54,0,R28,0,Missing,300K_ohm_F1608,,00000074_10.txt,2025-12-07 13:54,2025-12-07 13:54
MV-6E,AIRDEEP_M_BOT,74,2025-12-07 13:54,2025-12-07 13:54,0,R28,3,WrongPart,300K_ohm_F1608,,00000074_10.txt,2025-12-07 13:54,2025-12-07 13:54
MV-6E,AIRDEEP_M_BOT,74,2025-12-07 13:54,2025-12-07 13:54,0,C23,0,Missing,1nF_16V_X5R_C1608,,00000074_10.txt,2025-12-07 13:54,2025-12-07 13:54
MV-6E,AIRDEEP_M_BOT,74,2025-12-07 13:54,2025-12-07 13:54,0,C14,0,Missing,10uF_10V_X5R_C2012,,00000074_10.txt,2025-12-07 13:54,2025-12-07 13:54
MV-6E,AIRDEEP_M_BOT,74,2025-12-07 13:54,2025-12-07 13:54,0,C14,1,InsufficientSolder,10uF_10V_X5R_C2012,,00000074_10.txt,2025-12-07 13:54,2025-12-07 13:54
MV-6E,AIRDEEP_M_BOT,74,2025-12-07 13:54,2025-12-07 13:54,0,C14,2,InsufficientSolder,10uF_10V_X5R_C2012,,00000074_10.txt,2025-12-07 13:54,2025-12-07 13:54
MV-6E,AIRDEEP_M_BOT,74,2025-12-07 13:54,2025-12-07 13:54,0,C30,0,Missing,10nF_16V_X5R_C1608,,00000074_10.txt,2025-12-07 13:54,2025-12-07 13:54
MV-6E,AIRDEEP_M_BOT,74,2025-12-07 13:54,2025-12-07 13:54,0,R20,0,Missing,2.2M_ohm_F1608,,00000074_10.txt,2025-12-07 13:54,2025-12-07 13:54
MV-6E,AIRDEEP_M_BOT,74,2025-12-07 13:54,2025-12-07 13:54,0,R20,2,InsufficientSolder,2.2M_ohm_F1608,,00000074_10.txt,2025-12-07 13:54,2025-12-07 13:54
MV-6E,AIRDEEP_M_BOT,74,2025-12-07 13:54,2025-12-07 13:54,0,R20,3,WrongPart,2.2M_ohm_F1608,,00000074_10.txt,2025-12-07 13:54,2025-12-07 13:54
MV-6E,AIRDEEP_M_BOT,74,2025-12-07 13:54,2025-12-07 13:54,0,R24,0,Missing,590K_ohm_F1608,,00000074_10.txt,2025-12-07 13:54,2025-12-07 13:54
MV-6E,AIRDEEP_M_BOT,74,2025-12-07 13:54,2025-12-07 13:54,0,R24,3,WrongPart,590K_ohm_F1608,,00000074_10.txt,2025-12-07 13:54,2025-12-07 13:54
MV-6E,AIRDEEP_M_BOT,74,2025-12-07 13:54,2025-12-07 13:54,0,R17,0,Missing,47K_ohm_J1608,,00000074_10.txt,2025-12-07 13:54,2025-12-07 13:54
MV-6E,AIRDEEP_M_BOT,74,2025-12-07 13:54,2025-12-07 13:54,0,R17,1,InsufficientSolder,47K_ohm_J1608,,00000074_10.txt,2025-12-07 13:54,2025-12-07 13:54
MV-6E,AIRDEEP_M_BOT,74,2025-12-07 13:54,2025-12-07 13:54,0,R17,3,WrongPart,47K_ohm_J1608,,00000074_10.txt,2025-12-07 13:54,2025-12-07 13:54
MV-6E,AIRDEEP_M_BOT,74,2025-12-07 13:54,2025-12-07 13:54,0,R14,0,Missing,100K_ohm_J1608,,00000074_10.txt,2025-12-07 13:54,2025-12-07 13:54
MV-6E,AIRDEEP_M_BOT,74,2025-12-07 13:54,2025-12-07 13:54,0,R14,3,WrongPart,100K_ohm_J1608,,00000074_10.txt,2025-12-07 13:54,2025-12-07 13:54
MV-6E,AIRDEEP_M_BOT,74,2025-12-07 13:54,2025-12-07 13:54,0,C24,0,Missing,3.3uF_16V_X5R_C1608,,00000074_10.txt,2025-12-07 13:54,2025-12-07 13:54
MV-6E,AIRDEEP_M_BOT,74,2025-12-07 13:54,2025-12-07 13:54,0,R21,0,Missing,22K_ohm_F1608,,00000074_10.txt,2025-12-07 13:54,2025-12-07 13:54
MV-6E,AIRDEEP_M_BOT,74,2025-12-07 13:54,2025-12-07 13:54,0,R21,3,WrongPart,22K_ohm_F1608,,00000074_10.txt,2025-12-07 13:54,2025-12-07 13:54
MV-6E,AIRDEEP_M_BOT,74,2025-12-07 13:54,2025-12-07 13:54,0,R34,0,Missing,68K_ohm_F1608,,00000074_10.txt,2025-12-07 13:54,2025-12-07 13:54
MV-6E,AIRDEEP_M_BOT,74,2025-12-07 13:54,2025-12-07 13:54,0,R34,3,WrongPart,68K_ohm_F1608,,00000074_10.txt,2025-12-07 13:54,2025-12-07 13:54
MV-6E,AIRDEEP_M_BOT,74,2025-12-07 13:54,2025-12-07 13:54,0,C32,0,Missing,10uF_10V_X5R_C2012,,00000074_10.txt,2025-12-07 13:54,2025-12-07 13:54
MV-6E,AIRDEEP_M_BOT,74,2025-12-07 13:54,2025-12-07 13:54,0,C32,1,InsufficientSolder,10uF_10V_X5R_C2012,,00000074_10.txt,2025-12-07 13:54,2025-12-07 13:54
MV-6E,AIRDEEP_M_BOT,74,2025-12-07 13:54,2025-12-07 13:54,0,C32,2,InsufficientSolder,10uF_10V_X5R_C2012,,00000074_10.txt,2025-12-07 13:54,2025-12-07 13:54
MV-6E,AIRDEEP_M_BOT,74,2025-12-07 13:54,2025-12-07 13:54,0,C27,0,Missing,10nF_16V_X5R_C1608,,00000074_10.txt,2025-12-07 13:54,2025-12-07 13:54
MV-6E,AIRDEEP_M_BOT,74,2025-12-07 13:54,2025-12-07 13:54,0,FET1,0,Missing,2N7002KA,,00000074_10.txt,2025-12-07 13:54,2025-12-07 13:54
MV-6E,AIRDEEP_M_BOT,74,2025-12-07 13:54,2025-12-07 13:54,0,FET1,4,WrongPart,2N7002KA,,00000074_10.txt,2025-12-07 13:54,2025-12-07 13:54
MV-6E,AIRDEEP_M_BOT,74,2025-12-07 13:54,2025-12-07 13:54,0,D6,0,Missing,LL4148,,00000074_10.txt,2025-12-07 13:54,2025-12-07 13:54
MV-6E,AIRDEEP_M_BOT,74,2025-12-07 13:54,2025-12-07 13:54,0,C29,0,Missing,10nF_16V_X5R_C1608,,00000074_10.txt,2025-12-07 13:54,2025-12-07 13:54
MV-6E,AIRDEEP_M_BOT,74,2025-12-07 13:54,2025-12-07 13:54,0,U2,0,Missing,BU33UV7NUX,,00000074_10.txt,2025-12-07 13:54,2025-12-07 13:54
MV-6E,AIRDEEP_M_BOT,74,2025-12-07 13:54,2025-12-07 13:54,0,U2,1,WrongPart,BU33UV7NUX,,00000074_10.txt,2025-12-07 13:54,2025-12-07 13:54
MV-6E,AIRDEEP_M_BOT,74,2025-12-07 13:54,2025-12-07 13:54,0,U2,2,WrongPart,BU33UV7NUX,,00000074_10.txt,2025-12-07 13:54,2025-12-07 13:54
MV-6E,AIRDEEP_M_BOT,74,2025-12-07 13:54,2025-12-07 13:54,0,U7,0,Missing,HT9294,,00000074_10.txt,2025-12-07 13:54,2025-12-07 13:54
MV-6E,AIRDEEP_M_BOT,74,2025-12-07 13:54,2025-12-07 13:54,0,U7,1,WrongPart,HT9294,,00000074_10.txt,2025-12-07 13:54,2025-12-07 13:54
MV-6E,G1408CH_FULL_251207,15,2025-12-08 8:46,2025-12-08 8:46,1,D15,0,LiftedPackage,LL4148,,00000015_10.txt,2025-12-08 8:46,2025-12-08 8:46
MV-6E,G1408CH_FULL_251207,22,2025-12-08 8:51,2025-12-08 8:51,1,U8,0,Shift,FR7809D,,00000022_10.txt,2025-12-08 8:51,2025-12-08 8:51
MV-6E,G1408CH_FULL_251207,23,2025-12-08 8:53,2025-12-08 8:53,0,Q1,2,InsufficientSolder,KRC104,,00000023_10.txt,2025-12-08 8:53,2025-12-08 8:53
MV-6E,G1408CH_FULL_251207,23,2025-12-08 8:53,2025-12-08 8:53,1,Q12,0,InsufficientSolder,KRC104,,00000023_10.txt,2025-12-08 8:53,2025-12-08 8:53
MV-6E,G1408CH_FULL_251207,34,2025-12-08 9:02,2025-12-08 9:02,0,D17,0,LiftedPackage,LL4148,,00000034_10.txt,2025-12-08 9:02,2025-12-08 9:02
MV-6E,G1408CH_FULL_251207,36,2025-12-08 9:03,2025-12-08 9:03,0,X1,0,Shift,11.0592MHz_SX-1,,00000036_10.txt,2025-12-08 9:03,2025-12-08 9:03
MV-6E,G1408CH_FULL_251207,45,2025-12-08 9:11,2025-12-08 9:11,1,R59,0,Missing,2K_ohm_J2012,,00000045_10.txt,2025-12-08 9:11,2025-12-08 9:11
MV-6E,G1408CH_FULL_251207,49,2025-12-08 9:15,2025-12-08 9:15,1,T3,1,WrongPart,Z0107NR,,00000049_10.txt,2025-12-08 9:15,2025-12-08 9:15
MV-6E,G1408CH_FULL_251207,54,2025-12-08 9:19,2025-12-08 9:19,1,U3,0,Shift,74HC240,,00000054_10.txt,2025-12-08 9:19,2025-12-08 9:19
MV-6E,G1408CH_FULL_251207,55,2025-12-08 9:20,2025-12-08 9:20,0,R59,0,Missing,2K_ohm_J2012,,00000055_10.txt,2025-12-08 9:20,2025-12-08 9:20
MV-6E,G1408CH_FULL_251207,60,2025-12-08 9:23,2025-12-08 9:23,1,D2,0,LiftedPackage,M7,,00000060_10.txt,2025-12-08 9:23,2025-12-08 9:23
MV-6E,G1408CH_FULL_251207,67,2025-12-08 9:29,2025-12-08 9:29,1,U8,0,Shift,FR7809D,,00000067_10.txt,2025-12-08 9:29,2025-12-08 9:29
MV-6E,G1408CH_FULL_251207,68,2025-12-08 9:30,2025-12-08 9:30,0,D10,0,Rotate,LL4148,,00000068_10.txt,2025-12-08 9:30,2025-12-08 9:30
MV-6E,G1408CH_FULL_251207,68,2025-12-08 9:30,2025-12-08 9:30,1,D13,0,Rotate,LL4148,,00000068_10.txt,2025-12-08 9:30,2025-12-08 9:30
MV-6E,G1408CH_FULL_251207,69,2025-12-08 9:31,2025-12-08 9:31,0,D17,0,Rotate,LL4148,,00000069_10.txt,2025-12-08 9:31,2025-12-08 9:31
MV-6E,G1408CH_FULL_251207,70,2025-12-08 9:31,2025-12-08 9:31,0,D17,0,Rotate,LL4148,,00000070_10.txt,2025-12-08 9:31,2025-12-08 9:31
MV-6E,G1408CH_FULL_251207,72,2025-12-08 9:33,2025-12-08 9:33,0,U4,1,WrongPart,SN75176BDR,,00000072_10.txt,2025-12-08 9:33,2025-12-08 9:33
MV-6E,G1408CH_FULL_251207,72,2025-12-08 9:33,2025-12-08 9:33,0,U2,1,WrongPart,SN75176BDR,,00000072_10.txt,2025-12-08 9:33,2025-12-08 9:33
MV-6E,G1408CH_FULL_251207,72,2025-12-08 9:33,2025-12-08 9:33,0,U5,1,WrongPart,SN75176BDR,,00000072_10.txt,2025-12-08 9:33,2025-12-08 9:33
MV-6E,G1408CH_FULL_251207,72,2025-12-08 9:33,2025-12-08 9:33,1,U4,1,WrongPart,SN75176BDR,,00000072_10.txt,2025-12-08 9:33,2025-12-08 9:33
MV-6E,G1408CH_FULL_251207,72,2025-12-08 9:33,2025-12-08 9:33,1,U2,1,WrongPart,SN75176BDR,,00000072_10.txt,2025-12-08 9:33,2025-12-08 9:33
MV-6E,G1408CH_FULL_251207,72,2025-12-08 9:33,2025-12-08 9:33,1,U5,1,WrongPart,SN75176BDR,,00000072_10.txt,2025-12-08 9:33,2025-12-08 9:33
MV-6E,G1408CH_FULL_251207,77,2025-12-08 9:37,2025-12-08 9:37,0,D11,0,Rotate,LL4148,,00000077_10.txt,2025-12-08 9:37,2025-12-08 9:37
MV-6E,G1408CH_FULL_251207,77,2025-12-08 9:37,2025-12-08 9:37,1,U5,0,Missing,SN75176BDR,,00000077_10.txt,2025-12-08 9:37,2025-12-08 9:37
MV-6E,G1408CH_FULL_251207,78,2025-12-08 9:37,2025-12-08 9:37,1,U4,0,Missing,SN75176BDR,,00000078_10.txt,2025-12-08 9:37,2025-12-08 9:37
MV-6E,G1408CH_FULL_251207,83,2025-12-08 9:41,2025-12-08 9:41,1,U4,0,Missing,SN75176BDR,,00000083_10.txt,2025-12-08 9:41,2025-12-08 9:41
MV-6E,G1408CH_FULL_251207,83,2025-12-08 9:41,2025-12-08 9:41,1,U8,0,Shift,FR7809D,,00000083_10.txt,2025-12-08 9:41,2025-12-08 9:41
MV-6E,G1408CH_FULL_251207,86,2025-12-08 9:44,2025-12-08 9:44,0,U8,0,Shift,FR7809D,,00000086_10.txt,2025-12-08 9:44,2025-12-08 9:44
MV-6E,G1408CH_FULL_251207,90,2025-12-08 9:47,2025-12-08 9:47,0,U2,0,Missing,SN75176BDR,,00000090_10.txt,2025-12-08 9:47,2025-12-08 9:47
MV-6E,G1408CH_FULL_251207,98,2025-12-08 9:54,2025-12-08 9:54,0,D15,0,Rotate,LL4148,,00000098_10.txt,2025-12-08 9:54,2025-12-08 9:54
MV-6E,G1408CH_FULL_251207,98,2025-12-08 9:54,2025-12-08 9:54,0,D6,0,Rotate,LL4148,,00000098_10.txt,2025-12-08 9:54,2025-12-08 9:54
MV-6E,G1408CH_FULL_251207,101,2025-12-08 9:57,2025-12-08 9:57,0,R9,0,Missing,510_ohm_J2012,,00000101_10.txt,2025-12-08 9:57,2025-12-08 9:57
MV-6E,G1408CH_FULL_251207,101,2025-12-08 9:57,2025-12-08 9:57,1,D16,0,Rotate,LL4148,,00000101_10.txt,2025-12-08 9:57,2025-12-08 9:57
MV-6E,G1408CH_FULL_251207,102,2025-12-08 9:58,2025-12-08 9:58,0,D8,0,Shift,LL4148,,00000102_10.txt,2025-12-08 9:58,2025-12-08 9:58
MV-6E,G1408CH_FULL_251207,103,2025-12-08 9:58,2025-12-08 9:58,0,D11,0,Shift,LL4148,,00000103_10.txt,2025-12-08 9:58,2025-12-08 9:58
MV-6E,G1408CH_FULL_251207,103,2025-12-08 9:58,2025-12-08 9:58,1,U2,0,Missing,SN75176BDR,,00000103_10.txt,2025-12-08 9:58,2025-12-08 9:58
MV-6E,G1408CH_FULL_251207,105,2025-12-08 10:00,2025-12-08 10:00,0,D17,0,Rotate,LL4148,,00000105_10.txt,2025-12-08 10:00,2025-12-08 10:00
MV-6E,G1408CH_FULL_251207,109,2025-12-08 10:03,2025-12-08 10:03,1,D20,0,Rotate,LL4148,,00000109_10.txt,2025-12-08 10:03,2025-12-08 10:03
MV-6E,G1408CH_FULL_251207,114,2025-12-08 10:08,2025-12-08 10:08,1,T13,1,WrongPart,Z0107NR,,00000114_10.txt,2025-12-08 10:08,2025-12-08 10:08
MV-6E,G1408CH_FULL_251207,115,2025-12-08 10:08,2025-12-08 10:08,0,R9,0,Missing,510_ohm_J2012,,00000115_10.txt,2025-12-08 10:08,2025-12-08 10:08
MV-6E,G1408CH_FULL_251207,122,2025-12-08 10:14,2025-12-08 10:14,0,U2,0,Missing,SN75176BDR,,00000122_10.txt,2025-12-08 10:14,2025-12-08 10:14
MV-6E,G1408CH_FULL_251207,125,2025-12-08 10:17,2025-12-08 10:17,0,T6,3,InsufficientSolder,Z0107NR,,00000125_10.txt,2025-12-08 10:17,2025-12-08 10:17
MV-6E,G1408CH_FULL_251207,127,2025-12-08 10:19,2025-12-08 10:19,1,C12,2,Shift,100uF_16V,,00000127_10.txt,2025-12-08 10:19,2025-12-08 10:19
MV-6E,G1408CH_FULL_251207,133,2025-12-08 10:24,2025-12-08 10:24,0,U4,3,Bridge,SN75176BDR,,00000133_10.txt,2025-12-08 10:24,2025-12-08 10:24
MV-6E,G1408CH_FULL_251207,133,2025-12-08 10:24,2025-12-08 10:24,0,U2,3,Bridge,SN75176BDR,,00000133_10.txt,2025-12-08 10:24,2025-12-08 10:24
MV-6E,G1408CH_FULL_251207,133,2025-12-08 10:24,2025-12-08 10:24,0,U5,3,Bridge,SN75176BDR,,00000133_10.txt,2025-12-08 10:24,2025-12-08 10:24
MV-6E,G1408CH_FULL_251207,133,2025-12-08 10:24,2025-12-08 10:24,1,U4,3,Bridge,SN75176BDR,,00000133_10.txt,2025-12-08 10:24,2025-12-08 10:24
MV-6E,G1408CH_FULL_251207,133,2025-12-08 10:24,2025-12-08 10:24,1,U2,3,Bridge,SN75176BDR,,00000133_10.txt,2025-12-08 10:24,2025-12-08 10:24
MV-6E,G1408CH_FULL_251207,133,2025-12-08 10:24,2025-12-08 10:24,1,U5,3,Bridge,SN75176BDR,,00000133_10.txt,2025-12-08 10:24,2025-12-08 10:24
MV-6E,G1408CH_FULL_251207,134,2025-12-08 10:24,2025-12-08 10:24,0,U4,3,Bridge,SN75176BDR,,00000134_10.txt,2025-12-08 10:24,2025-12-08 10:24
MV-6E,G1408CH_FULL_251207,134,2025-12-08 10:24,2025-12-08 10:24,0,U2,3,Bridge,SN75176BDR,,00000134_10.txt,2025-12-08 10:24,2025-12-08 10:24
MV-6E,G1408CH_FULL_251207,134,2025-12-08 10:24,2025-12-08 10:24,0,U5,3,Bridge,SN75176BDR,,00000134_10.txt,2025-12-08 10:24,2025-12-08 10:24
MV-6E,G1408CH_FULL_251207,134,2025-12-08 10:24,2025-12-08 10:24,1,U4,3,Bridge,SN75176BDR,,00000134_10.txt,2025-12-08 10:24,2025-12-08 10:24
MV-6E,G1408CH_FULL_251207,134,2025-12-08 10:24,2025-12-08 10:24,1,U2,3,Bridge,SN75176BDR,,00000134_10.txt,2025-12-08 10:24,2025-12-08 10:24
MV-6E,G1408CH_FULL_251207,134,2025-12-08 10:24,2025-12-08 10:24,1,U5,3,Bridge,SN75176BDR,,00000134_10.txt,2025-12-08 10:24,2025-12-08 10:24
MV-6E,G1408CH_FULL_251207,135,2025-12-08 10:25,2025-12-08 10:25,0,U4,3,Bridge,SN75176BDR,,00000135_10.txt,2025-12-08 10:25,2025-12-08 10:25
MV-6E,G1408CH_FULL_251207,135,2025-12-08 10:25,2025-12-08 10:25,0,U2,3,Bridge,SN75176BDR,,00000135_10.txt,2025-12-08 10:25,2025-12-08 10:25
MV-6E,G1408CH_FULL_251207,135,2025-12-08 10:25,2025-12-08 10:25,0,U5,3,Bridge,SN75176BDR,,00000135_10.txt,2025-12-08 10:25,2025-12-08 10:25
MV-6E,G1408CH_FULL_251207,135,2025-12-08 10:25,2025-12-08 10:25,1,R9,0,Missing,510_ohm_J2012,,00000135_10.txt,2025-12-08 10:25,2025-12-08 10:25
MV-6E,G1408CH_FULL_251207,135,2025-12-08 10:25,2025-12-08 10:25,1,U4,3,Bridge,SN75176BDR,,00000135_10.txt,2025-12-08 10:25,2025-12-08 10:25
MV-6E,G1408CH_FULL_251207,135,2025-12-08 10:25,2025-12-08 10:25,1,U2,3,Bridge,SN75176BDR,,00000135_10.txt,2025-12-08 10:25,2025-12-08 10:25
MV-6E,G1408CH_FULL_251207,135,2025-12-08 10:25,2025-12-08 10:25,1,U5,3,Bridge,SN75176BDR,,00000135_10.txt,2025-12-08 10:25,2025-12-08 10:25
MV-6E,G1408CH_FULL_251207,149,2025-12-08 10:37,2025-12-08 10:37,0,C12,2,Shift,100uF_16V,,00000149_10.txt,2025-12-08 10:37,2025-12-08 10:37
MV-6E,G1408CH_FULL_251207,150,2025-12-08 10:38,2025-12-08 10:38,1,U2,0,Missing,SN75176BDR,,00000150_10.txt,2025-12-08 10:38,2025-12-08 10:38
MV-6E,G1408CH_FULL_251207,163,2025-12-08 10:49,2025-12-08 10:49,1,C13,2,LiftedPackage,100uF_16V,,00000163_10.txt,2025-12-08 10:49,2025-12-08 10:49
MV-6E,G1408CH_FULL_251207,169,2025-12-08 10:54,2025-12-08 10:54,1,C12,2,Shift,100uF_16V,,00000169_10.txt,2025-12-08 10:54,2025-12-08 10:54
MV-6E,G1408CH_FULL_251207,189,2025-12-08 11:11,2025-12-08 11:11,0,R9,0,Missing,510_ohm_J2012,,00000189_10.txt,2025-12-08 11:11,2025-12-08 11:11
MV-6E,G1408CH_FULL_251207,195,2025-12-08 11:50,2025-12-08 11:50,0,X1,0,Shift,11.0592MHz_SX-1,,00000195_10.txt,2025-12-08 11:50,2025-12-08 11:50
MV-6E,G1408CH_FULL_251207,198,2025-12-08 11:53,2025-12-08 11:53,1,R6,0,Tilt,220_ohm_J2012,,00000198_10.txt,2025-12-08 11:53,2025-12-08 11:53
MV-6E,G1408CH_FULL_251207,204,2025-12-08 11:58,2025-12-08 11:58,1,U7,3,LiftedLead,LM1117GS-5.0,,00000204_10.txt,2025-12-08 11:58,2025-12-08 11:58
MV-6E,G1408CH_FULL_251207,206,2025-12-08 11:59,2025-12-08 11:59,1,U3,1,WrongPart,74HC240,,00000206_10.txt,2025-12-08 11:59,2025-12-08 11:59
MV-6E,G1408CH_FULL_251207,209,2025-12-08 12:02,2025-12-08 12:02,0,U3,1,WrongPart,74HC240,,00000209_10.txt,2025-12-08 12:02,2025-12-08 12:02
MV-6E,G1408CH_FULL_251207,246,2025-12-08 12:33,2025-12-08 12:33,1,X1,0,Shift,11.0592MHz_SX-1,,00000246_7.txt,2025-12-08 12:33,2025-12-08 12:33
MV-6E,G1408CH_FULL_251207,247,2025-12-08 12:34,2025-12-08 12:34,1,D2,0,LiftedPackage,M7,,00000247_6.txt,2025-12-08 12:34,2025-12-08 12:34
MV-6E,G1408CH_FULL_251207,250,2025-12-08 12:36,2025-12-08 12:36,0,U2,0,Shift,SN75176BDR,,00000250_7.txt,2025-12-08 12:36,2025-12-08 12:36
MV-6E,G1408CH_FULL_251207,266,2025-12-08 12:50,2025-12-08 12:50,1,R9,3,WrongPart,510_ohm_J2012,,00000266_7.txt,2025-12-08 12:50,2025-12-08 12:50
MV-6E,G1408CH_FULL_251207,291,2025-12-08 13:11,2025-12-08 13:11,1,U7,1,WrongPart,LM1117GS-5.0,,00000291_7.txt,2025-12-08 13:11,2025-12-08 13:11
MV-6E,G1408CH_FULL_251207,294,2025-12-08 13:13,2025-12-08 13:13,0,X1,0,Shift,11.0592MHz_SX-1,,00000294_7.txt,2025-12-08 13:13,2025-12-08 13:13
MV-6E,G1408CH_FULL_251207,300,2025-12-08 13:18,2025-12-08 13:18,0,X1,0,Shift,11.0592MHz_SX-1,,00000300_6.txt,2025-12-08 13:18,2025-12-08 13:18
MV-6E,G1408CH_FULL_251207,303,2025-12-08 13:21,2025-12-08 13:21,0,U2,1,WrongPart,SN75176BDR,,00000303_6.txt,2025-12-08 13:21,2025-12-08 13:21
MV-6E,G1408CH_FULL_251207,303,2025-12-08 13:21,2025-12-08 13:21,0,U5,1,WrongPart,SN75176BDR,,00000303_6.txt,2025-12-08 13:21,2025-12-08 13:21
MV-6E,G1408CH_FULL_251207,303,2025-12-08 13:21,2025-12-08 13:21,1,U4,1,WrongPart,SN75176BDR,,00000303_6.txt,2025-12-08 13:21,2025-12-08 13:21
MV-6E,G1408CH_FULL_251207,303,2025-12-08 13:21,2025-12-08 13:21,1,U2,1,WrongPart,SN75176BDR,,00000303_6.txt,2025-12-08 13:21,2025-12-08 13:21
MV-6E,G1408CH_FULL_251207,303,2025-12-08 13:21,2025-12-08 13:21,1,U5,1,WrongPart,SN75176BDR,,00000303_6.txt,2025-12-08 13:21,2025-12-08 13:21
MV-6E,G1408CH_FULL_251207,304,2025-12-08 13:22,2025-12-08 13:22,0,U4,1,WrongPart,SN75176BDR,,00000304_6.txt,2025-12-08 13:22,2025-12-08 13:22
MV-6E,G1408CH_FULL_251207,304,2025-12-08 13:22,2025-12-08 13:22,0,U2,1,WrongPart,SN75176BDR,,00000304_6.txt,2025-12-08 13:22,2025-12-08 13:22
MV-6E,G1408CH_FULL_251207,304,2025-12-08 13:22,2025-12-08 13:22,0,U5,1,WrongPart,SN75176BDR,,00000304_6.txt,2025-12-08 13:22,2025-12-08 13:22
MV-6E,G1408CH_FULL_251207,304,2025-12-08 13:22,2025-12-08 13:22,1,U4,1,WrongPart,SN75176BDR,,00000304_6.txt,2025-12-08 13:22,2025-12-08 13:22
MV-6E,G1408CH_FULL_251207,304,2025-12-08 13:22,2025-12-08 13:22,1,U2,1,WrongPart,SN75176BDR,,00000304_6.txt,2025-12-08 13:22,2025-12-08 13:22
MV-6E,G1408CH_FULL_251207,305,2025-12-08 13:23,2025-12-08 13:23,0,U4,1,WrongPart,SN75176BDR,,00000305_6.txt,2025-12-08 13:23,2025-12-08 13:23
MV-6E,G1408CH_FULL_251207,305,2025-12-08 13:23,2025-12-08 13:23,0,U2,1,WrongPart,SN75176BDR,,00000305_6.txt,2025-12-08 13:23,2025-12-08 13:23
MV-6E,G1408CH_FULL_251207,305,2025-12-08 13:23,2025-12-08 13:23,1,U2,1,WrongPart,SN75176BDR,,00000305_6.txt,2025-12-08 13:23,2025-12-08 13:23
MV-6E,G1408CH_FULL_251207,305,2025-12-08 13:23,2025-12-08 13:23,1,U5,1,WrongPart,SN75176BDR,,00000305_6.txt,2025-12-08 13:23,2025-12-08 13:23
MV-6E,G1408CH_FULL_251207,308,2025-12-08 13:25,2025-12-08 13:25,1,R9,3,WrongPart,510_ohm_J2012,,00000308_6.txt,2025-12-08 13:25,2025-12-08 13:25
MV-6E,G1408CH_FULL_251207,327,2025-12-08 13:41,2025-12-08 13:41,0,X1,0,Shift,11.0592MHz_SX-1,,00000327_5.txt,2025-12-08 13:41,2025-12-08 13:41
MV-6E,G1408CH_FULL_251207,333,2025-12-08 13:46,2025-12-08 13:46,0,X1,0,Shift,11.0592MHz_SX-1,,00000333_5.txt,2025-12-08 13:46,2025-12-08 13:46
MV-6E,G1408CH_FULL_251207,334,2025-12-08 13:47,2025-12-08 13:47,1,D2,0,LiftedPackage,M7,,00000334_5.txt,2025-12-08 13:47,2025-12-08 13:47
MV-6E,G1408CH_FULL_251207,370,2025-12-08 14:17,2025-12-08 14:17,1,T9,3,InsufficientSolder,Z0107NR,,00000370_5.txt,2025-12-08 14:17,2025-12-08 14:17
MV-6E,G1408CH_FULL_251207,393,2025-12-08 14:37,2025-12-08 14:37,1,T12,3,LiftedLead,Z0107NR,,00000393_5.txt,2025-12-08 14:37,2025-12-08 14:37
MV-6E,G1408CH_FULL_251207,406,2025-12-08 14:48,2025-12-08 14:48,0,T9,3,InsufficientSolder,Z0107NR,,00000406_5.txt,2025-12-08 14:48,2025-12-08 14:48
MV-6E,G1408CH_FULL_251207,410,2025-12-08 14:52,2025-12-08 14:52,0,T10,3,LiftedLead,Z0107NR,,00000410_5.txt,2025-12-08 14:52,2025-12-08 14:52
MV-6E,G1408CH_FULL_251207,425,2025-12-08 15:04,2025-12-08 15:04,1,R9,3,WrongPart,510_ohm_J2012,,00000425_3.txt,2025-12-08 15:04,2025-12-08 15:04
MV-6E,G1408CH_FULL_251207,432,2025-12-08 15:10,2025-12-08 15:10,0,T8,3,LiftedLead,Z0107NR,,00000432_3.txt,2025-12-08 15:10,2025-12-08 15:10
MV-6E,G1408CH_FULL_251207,484,2025-12-08 15:54,2025-12-08 15:54,0,T5,1,WrongPart,Z0107NR,,00000484_3.txt,2025-12-08 15:54,2025-12-08 15:54
MV-6E,G1408CH_FULL_251207,494,2025-12-08 16:02,2025-12-08 16:02,0,R4,0,Missing,10_ohm_J2012,,00000494_3.txt,2025-12-08 16:02,2025-12-08 16:02
MV-6E,G1408CH_FULL_251207,494,2025-12-08 16:02,2025-12-08 16:02,0,R4,3,WrongPart,10_ohm_J2012,,00000494_3.txt,2025-12-08 16:02,2025-12-08 16:02
MV-6E,G1408CH_FULL_251207,510,2025-12-08 16:16,2025-12-08 16:16,1,X1,0,Shift,11.0592MHz_SX-1,,00000510_3.txt,2025-12-08 16:16,2025-12-08 16:16
MV-6E,G1408CH_FULL_251207,514,2025-12-08 16:19,2025-12-08 16:19,0,D13,0,Shift,LL4148,,00000514_3.txt,2025-12-08 16:19,2025-12-08 16:19
MV-6E,NEW_DELIM4,17,2025-12-16 14:55,2025-12-16 14:55,1,R11,1,InsufficientSolder,2.2K_ohm_J2012,,00000017_10.txt,2025-12-16 14:55,2025-12-16 14:55
MV-6E,NEW_DELIM4,19,2025-12-16 14:56,2025-12-16 14:56,1,_MNT_28_,0,Missing,,,00000019_10.txt,2025-12-16 14:56,2025-12-16 14:56
MV-6E,NEW_DELIM4,19,2025-12-16 14:56,2025-12-16 14:56,2,_MNT_28_,0,Missing,,,00000019_10.txt,2025-12-16 14:56,2025-12-16 14:56
MV-6E,NEW_DELIM4,19,2025-12-16 14:56,2025-12-16 14:56,3,_MNT_28_,0,Missing,,,00000019_10.txt,2025-12-16 14:56,2025-12-16 14:56
MV-6E,NEW_DELIM4,21,2025-12-16 14:57,2025-12-16 14:57,1,U3,3,InsufficientSolder,LM1117GS-5.0,,00000021_10.txt,2025-12-16 14:57,2025-12-16 14:57
MV-6E,NEW_DELIM4,24,2025-12-16 14:58,2025-12-16 14:58,2,R11,1,InsufficientSolder,2.2K_ohm_J2012,,00000024_10.txt,2025-12-16 14:58,2025-12-16 14:58
MV-6E,NEW_DELIM4,26,2025-12-16 15:00,2025-12-16 15:00,3,R7,1,InsufficientSolder,510_ohm_J2012,,00000026_10.txt,2025-12-16 15:00,2025-12-16 15:00
MV-6E,NEW_DELIM4,27,2025-12-16 15:00,2025-12-16 15:00,0,U2,3,Bridge,SN75176BDR,,00000027_10.txt,2025-12-16 15:00,2025-12-16 15:00
MV-6E,NEW_DELIM4,28,2025-12-16 15:01,2025-12-16 15:01,1,U3,3,InsufficientSolder,LM1117GS-5.0,,00000028_10.txt,2025-12-16 15:01,2025-12-16 15:01
MV-6E,NEW_DELIM4,30,2025-12-16 15:02,2025-12-16 15:02,3,_MNT_28_,0,Missing,,,00000030_10.txt,2025-12-16 15:02,2025-12-16 15:02
MV-6E,NEW_DELIM4,32,2025-12-16 15:03,2025-12-16 15:03,3,U3,3,InsufficientSolder,LM1117GS-5.0,,00000032_10.txt,2025-12-16 15:03,2025-12-16 15:03
MV-6E,NEW_DELIM4,37,2025-12-16 15:05,2025-12-16 15:05,1,D2,0,LiftedPackage,M7,,00000037_10.txt,2025-12-16 15:05,2025-12-16 15:05
MV-6E,NEW_DELIM4,39,2025-12-16 15:06,2025-12-16 15:06,1,U2,3,Bridge,SN75176BDR,,00000039_10.txt,2025-12-16 15:06,2025-12-16 15:06
MV-6E,NEW_DELIM4,39,2025-12-16 15:06,2025-12-16 15:06,3,R7,1,InsufficientSolder,510_ohm_J2012,,00000039_10.txt,2025-12-16 15:06,2025-12-16 15:06
MV-6E,NEW_DELIM4,41,2025-12-16 15:07,2025-12-16 15:07,0,U3,3,InsufficientSolder,LM1117GS-5.0,,00000041_10.txt,2025-12-16 15:07,2025-12-16 15:07
MV-6E,NEW_DELIM4,62,2025-12-16 15:18,2025-12-16 15:18,2,IC1,4,InsufficientSolder,MC96F6432,,00000062_10.txt,2025-12-16 15:18,2025-12-16 15:18
MV-6E,NEW_DELIM4,64,2025-12-16 15:19,2025-12-16 15:19,3,IC1,4,InsufficientSolder,MC96F6432,,00000064_10.txt,2025-12-16 15:19,2025-12-16 15:19
MV-6E,NEW_DELIM4,66,2025-12-16 15:20,2025-12-16 15:20,3,IC1,4,InsufficientSolder,MC96F6432,,00000066_10.txt,2025-12-16 15:20,2025-12-16 15:20
MV-6E,NEW_DELIM4,71,2025-12-16 15:23,2025-12-16 15:23,3,U2,2,LiftedLead,SN75176BDR,,00000071_10.txt,2025-12-16 15:23,2025-12-16 15:23
MV-6E,NEW_DELIM4,73,2025-12-16 15:24,2025-12-16 15:24,3,U2,2,LiftedLead,SN75176BDR,,00000073_10.txt,2025-12-16 15:24,2025-12-16 15:24
MV-6E,NEW_DELIM4,76,2025-12-16 15:25,2025-12-16 15:25,2,R11,1,InsufficientSolder,2.2K_ohm_J2012,,00000076_10.txt,2025-12-16 15:25,2025-12-16 15:25
MV-6E,NEW_DELIM4,79,2025-12-16 15:27,2025-12-16 15:27,3,R11,1,InsufficientSolder,2.2K_ohm_J2012,,00000079_10.txt,2025-12-16 15:27,2025-12-16 15:27
MV-6E,NEW_DELIM4,84,2025-12-16 15:29,2025-12-16 15:29,2,IC1,4,InsufficientSolder,MC96F6432,,00000084_10.txt,2025-12-16 15:29,2025-12-16 15:29
MV-6E,NEW_DELIM4,87,2025-12-16 15:31,2025-12-16 15:31,0,IC1,4,InsufficientSolder,MC96F6432,,00000087_10.txt,2025-12-16 15:31,2025-12-16 15:31
MV-6E,NEW_DELIM4,87,2025-12-16 15:31,2025-12-16 15:31,2,U2,3,Bridge,SN75176BDR,,00000087_10.txt,2025-12-16 15:31,2025-12-16 15:31
MV-6E,NEW_DELIM4,87,2025-12-16 15:31,2025-12-16 15:31,3,IC1,4,InsufficientSolder,MC96F6432,,00000087_10.txt,2025-12-16 15:31,2025-12-16 15:31
MV-6E,NEW_DELIM4,88,2025-12-16 15:31,2025-12-16 15:31,2,IC1,4,InsufficientSolder,MC96F6432,,00000088_10.txt,2025-12-16 15:31,2025-12-16 15:31
MV-6E,NEW_DELIM4,91,2025-12-16 15:33,2025-12-16 15:33,3,U2,2,LiftedLead,SN75176BDR,,00000091_10.txt,2025-12-16 15:33,2025-12-16 15:33
MV-6E,NEW_DELIM4,92,2025-12-16 15:33,2025-12-16 15:33,3,R10,0,Missing,4.7K_ohm_J2012,,00000092_10.txt,2025-12-16 15:33,2025-12-16 15:33
MV-6E,NEW_DELIM4,94,2025-12-16 15:34,2025-12-16 15:34,2,IC1,4,InsufficientSolder,MC96F6432,,00000094_10.txt,2025-12-16 15:34,2025-12-16 15:34
MV-6E,NEW_DELIM4,94,2025-12-16 15:34,2025-12-16 15:34,3,R11,1,InsufficientSolder,2.2K_ohm_J2012,,00000094_10.txt,2025-12-16 15:34,2025-12-16 15:34
MV-6E,NEW_DELIM4,95,2025-12-16 15:35,2025-12-16 15:35,3,U2,2,LiftedLead,SN75176BDR,,00000095_10.txt,2025-12-16 15:35,2025-12-16 15:35
MV-6E,NEW_DELIM4,96,2025-12-16 15:35,2025-12-16 15:35,1,IC1,4,InsufficientSolder,MC96F6432,,00000096_10.txt,2025-12-16 15:35,2025-12-16 15:35
MV-6E,NEW_DELIM4,107,2025-12-16 15:46,2025-12-16 15:46,0,R1,0,Missing,4.7K_ohm_J2012,,00000107_10.txt,2025-12-16 15:46,2025-12-16 15:46
MV-6E,NEW_DELIM4,110,2025-12-16 15:48,2025-12-16 15:48,3,C8,0,LiftedPackage,22u_6.3V_TT,,00000110_10.txt,2025-12-16 15:48,2025-12-16 15:48
MV-6E,NEW_DELIM4,111,2025-12-16 15:48,2025-12-16 15:48,2,IC1,4,InsufficientSolder,MC96F6432,,00000111_10.txt,2025-12-16 15:48,2025-12-16 15:48
MV-6E,NEW_DELIM4,111,2025-12-16 15:48,2025-12-16 15:48,3,IC1,4,InsufficientSolder,MC96F6432,,00000111_10.txt,2025-12-16 15:48,2025-12-16 15:48
MV-6E,NEW_DELIM4,119,2025-12-16 15:52,2025-12-16 15:52,2,U2,2,LiftedLead,SN75176BDR,,00000119_10.txt,2025-12-16 15:52,2025-12-16 15:52
MV-6E,NEW_DELIM4,121,2025-12-16 15:53,2025-12-16 15:53,2,U2,2,LiftedLead,SN75176BDR,,00000121_10.txt,2025-12-16 15:53,2025-12-16 15:53
MV-6E,NEW_DELIM4,137,2025-12-16 16:02,2025-12-16 16:02,2,U2,2,LiftedLead,SN75176BDR,,00000137_10.txt,2025-12-16 16:02,2025-12-16 16:02
MV-6E,NEW_DELIM4,141,2025-12-16 16:04,2025-12-16 16:04,2,U2,2,LiftedLead,SN75176BDR,,00000141_10.txt,2025-12-16 16:04,2025-12-16 16:04
MV-6E,NEW_DELIM4,151,2025-12-16 16:10,2025-12-16 16:10,0,R11,1,InsufficientSolder,2.2K_ohm_J2012,,00000151_10.txt,2025-12-16 16:10,2025-12-16 16:10
MV-6E,NEW_DELIM4,153,2025-12-16 16:11,2025-12-16 16:11,3,R11,1,InsufficientSolder,2.2K_ohm_J2012,,00000153_10.txt,2025-12-16 16:11,2025-12-16 16:11
MV-6E,NEW_DELIM4,172,2025-12-16 16:21,2025-12-16 16:21,1,R11,1,InsufficientSolder,2.2K_ohm_J2012,,00000172_10.txt,2025-12-16 16:21,2025-12-16 16:21
MV-6E,NEW_DELIM4,191,2025-12-16 16:31,2025-12-16 16:31,2,Q1,0,Shift,KRC104S,,00000191_10.txt,2025-12-16 16:31,2025-12-16 16:31
MV-6E,NEW_DELIM4,191,2025-12-16 16:31,2025-12-16 16:31,2,U3,0,Shift,LM1117GS-5.0,,00000191_10.txt,2025-12-16 16:31,2025-12-16 16:31
MV-6E,NEW_DELIM4,197,2025-12-16 16:34,2025-12-16 16:34,0,IC1,1,InsufficientSolder,MC96F6432,,00000197_10.txt,2025-12-16 16:34,2025-12-16 16:34
MV-6E,NEW_DELIM4,197,2025-12-16 16:34,2025-12-16 16:34,2,U2,2,LiftedLead,SN75176BDR,,00000197_10.txt,2025-12-16 16:34,2025-12-16 16:34
MV-6E,NEW_DELIM4,214,2025-12-17 10:26,2025-12-17 10:26,0,C1,0,LiftedPackage,22u_6.3V_TT,,00000214_10.txt,2025-12-17 10:26,2025-12-17 10:26
MV-6E,NEW_DELIM4,217,2025-12-17 10:27,2025-12-17 10:27,3,R10,0,Missing,4.7K_ohm_J2012,,00000217_10.txt,2025-12-17 10:27,2025-12-17 10:27
MV-6E,NEW_DELIM4,231,2025-12-17 10:35,2025-12-17 10:35,0,C8,0,LiftedPackage,22u_6.3V_TT,,00000231_8.txt,2025-12-17 10:35,2025-12-17 10:35
MV-6E,NEW_DELIM4,238,2025-12-17 10:38,2025-12-17 10:38,1,BZ1,0,LiftedPackage,TYE1109S,,00000238_8.txt,2025-12-17 10:38,2025-12-17 10:38
MV-6E,NEW_DELIM4,252,2025-12-17 10:45,2025-12-17 10:45,0,BZ1,0,LiftedPackage,TYE1109S,,00000252_8.txt,2025-12-17 10:45,2025-12-17 10:45
MV-6E,NEW_DELIM4,258,2025-12-17 10:49,2025-12-17 10:49,3,R10,0,Missing,4.7K_ohm_J2012,,00000258_8.txt,2025-12-17 10:49,2025-12-17 10:49
MV-6E,NEW_DELIM4,263,2025-12-17 10:51,2025-12-17 10:51,3,BZ1,0,LiftedPackage,TYE1109S,,00000263_8.txt,2025-12-17 10:51,2025-12-17 10:51
MV-6E,NEW_DELIM4,289,2025-12-17 11:05,2025-12-17 11:05,1,U3,3,InsufficientSolder,LM1117GS-5.0,,00000289_8.txt,2025-12-17 11:05,2025-12-17 11:05
MV-6E,NEW_DELIM4,301,2025-12-17 11:12,2025-12-17 11:12,2,U3,1,WrongPart,LM1117GS-5.0,,00000301_7.txt,2025-12-17 11:12,2025-12-17 11:12
MV-6E,NEW_DELIM4,325,2025-12-17 12:04,2025-12-17 12:04,2,BZ1,0,LiftedPackage,TYE1109S,,00000325_6.txt,2025-12-17 12:04,2025-12-17 12:04
MV-6E,NEW_DELIM4,361,2025-12-17 12:23,2025-12-17 12:23,0,R1,0,Missing,4.7K_ohm_J2012,,00000361_5.txt,2025-12-17 12:23,2025-12-17 12:23
MV-6E,NEW_DELIM4,370,2025-12-17 12:28,2025-12-17 12:28,2,BZ1,0,LiftedPackage,TYE1109S,,00000370_6.txt,2025-12-17 12:28,2025-12-17 12:28
MV-6E,NEW_DELIM4,371,2025-12-17 12:28,2025-12-17 12:28,2,U3,1,WrongPart,LM1117GS-5.0,,00000371_6.txt,2025-12-17 12:28,2025-12-17 12:28
MV-6E,NEW_DELIM4,399,2025-12-17 12:44,2025-12-17 12:44,1,R10,0,Missing,4.7K_ohm_J2012,,00000399_6.txt,2025-12-17 12:44,2025-12-17 12:44
MV-6E,NEW_DELIM4,403,2025-12-17 12:46,2025-12-17 12:46,3,U3,3,InsufficientSolder,LM1117GS-5.0,,00000403_6.txt,2025-12-17 12:46,2025-12-17 12:46
MV-6E,NEW_DELIM4,422,2025-12-17 12:56,2025-12-17 12:56,3,U2,2,LiftedLead,SN75176BDR,,00000422_5.txt,2025-12-17 12:56,2025-12-17 12:56
MV-6E,NEW_DELIM4,426,2025-12-17 12:58,2025-12-17 12:58,2,U2,2,LiftedLead,SN75176BDR,,00000426_4.txt,2025-12-17 12:58,2025-12-17 12:58
MV-6E,NEW_DELIM4,457,2025-12-17 13:14,2025-12-17 13:14,0,R10,0,Missing,4.7K_ohm_J2012,,00000457_4.txt,2025-12-17 13:14,2025-12-17 13:14
MV-6E,NEW_DELIM4,462,2025-12-17 13:17,2025-12-17 13:17,0,R10,0,Missing,4.7K_ohm_J2012,,00000462_4.txt,2025-12-17 13:17,2025-12-17 13:17
MV-6E,NEW_DELIM4,485,2025-12-17 13:29,2025-12-17 13:29,3,U3,3,InsufficientSolder,LM1117GS-5.0,,00000485_4.txt,2025-12-17 13:29,2025-12-17 13:29
MV-6E,NEW_DELIM4,504,2025-12-17 13:39,2025-12-17 13:39,0,R1,0,Missing,4.7K_ohm_J2012,,00000504_4.txt,2025-12-17 13:39,2025-12-17 13:39
MV-6E,NEW_DELIM4,508,2025-12-17 13:41,2025-12-17 13:41,2,R10,0,Missing,4.7K_ohm_J2012,,00000508_4.txt,2025-12-17 13:41,2025-12-17 13:41
MV-6E,NEW_DELIM4,512,2025-12-17 13:43,2025-12-17 13:43,1,U3,3,InsufficientSolder,LM1117GS-5.0,,00000512_4.txt,2025-12-17 13:43,2025-12-17 13:43
MV-6E,NEW_DELIM4,513,2025-12-17 13:43,2025-12-17 13:43,2,D4,2,WrongPart,M7,,00000513_4.txt,2025-12-17 13:43,2025-12-17 13:43
MV-6E,NEW_DELIM4,518,2025-12-17 13:46,2025-12-17 13:46,2,U3,3,InsufficientSolder,LM1117GS-5.0,,00000518_4.txt,2025-12-17 13:46,2025-12-17 13:46
MV-6E,NEW_DELIM4,522,2025-12-17 13:49,2025-12-17 13:49,0,U3,3,Bridge,LM1117GS-5.0,,00000522_4.txt,2025-12-17 13:49,2025-12-17 13:49
MV-6E,NEW_DELIM4,526,2025-12-17 13:52,2025-12-17 13:52,0,U3,3,InsufficientSolder,LM1117GS-5.0,,00000526_3.txt,2025-12-17 13:52,2025-12-17 13:52
MV-6E,NEW_DELIM4,533,2025-12-17 13:55,2025-12-17 13:55,0,R10,0,Missing,4.7K_ohm_J2012,,00000533_3.txt,2025-12-17 13:55,2025-12-17 13:55
MV-6E,NEW_DELIM4,547,2025-12-17 14:02,2025-12-17 14:02,2,R10,0,Missing,4.7K_ohm_J2012,,00000547_3.txt,2025-12-17 14:02,2025-12-17 14:02
MV-6E,NEW_DELIM4,561,2025-12-17 14:10,2025-12-17 14:10,0,R9,0,Tilt,24K_ohm_F2012,,00000561_4.txt,2025-12-17 14:10,2025-12-17 14:10
MV-6E,NEW_DELIM4,568,2025-12-17 14:13,2025-12-17 14:13,0,Q1,1,WrongPart,KRC104S,,00000568_4.txt,2025-12-17 14:13,2025-12-17 14:13
MV-6E,NEW_DELIM4,593,2025-12-17 14:27,2025-12-17 14:27,2,D2,0,LiftedPackage,M7,,00000593_3.txt,2025-12-17 14:27,2025-12-17 14:27
MV-6E,NEW_DELIM4,617,2025-12-17 14:39,2025-12-17 14:39,2,Q1,1,WrongPart,KRC104S,,00000617_2.txt,2025-12-17 14:39,2025-12-17 14:39
MV-6E,NEW_DELIM4,625,2025-12-17 14:43,2025-12-17 14:43,0,R10,0,Missing,4.7K_ohm_J2012,,00000625_2.txt,2025-12-17 14:43,2025-12-17 14:43
MV-6E,NEW_DELIM4,626,2025-12-17 14:44,2025-12-17 14:44,1,Q2,0,LiftedPackage,KTC3876S,,00000626_2.txt,2025-12-17 14:44,2025-12-17 14:44
MV-6E,NEW_DELIM4,627,2025-12-17 14:44,2025-12-17 14:44,2,Q1,1,WrongPart,KRC104S,,00000627_2.txt,2025-12-17 14:44,2025-12-17 14:44
MV-6E,NEW_DELIM4,634,2025-12-17 14:48,2025-12-17 14:48,3,D3,2,WrongPart,M7,,00000634_2.txt,2025-12-17 14:48,2025-12-17 14:48
MV-6E,NEW_DELIM4,643,2025-12-17 14:52,2025-12-17 14:52,1,R10,0,Missing,4.7K_ohm_J2012,,00000643_2.txt,2025-12-17 14:52,2025-12-17 14:52
MV-6E,NEW_DELIM4,646,2025-12-17 14:54,2025-12-17 14:54,3,U2,2,LiftedLead,SN75176BDR,,00000646_2.txt,2025-12-17 14:54,2025-12-17 14:54
MV-6E,NEW_DELIM4,657,2025-12-17 14:59,2025-12-17 14:59,3,R10,0,Missing,4.7K_ohm_J2012,,00000657_3.txt,2025-12-17 14:59,2025-12-17 14:59
MV-6E,NEW_DELIM4,664,2025-12-17 15:03,2025-12-17 15:03,0,U2,2,LiftedLead,SN75176BDR,,00000664_2.txt,2025-12-17 15:03,2025-12-17 15:03
MV-6E,NEW_DELIM4,673,2025-12-17 15:08,2025-12-17 15:08,2,U3,3,InsufficientSolder,LM1117GS-5.0,,00000673_2.txt,2025-12-17 15:08,2025-12-17 15:08
MV-6E,NEW_DELIM4,685,2025-12-17 15:14,2025-12-17 15:14,3,R10,0,Missing,4.7K_ohm_J2012,,00000685_2.txt,2025-12-17 15:14,2025-12-17 15:14
MV-6E,NEW_DELIM4,703,2025-12-17 15:25,2025-12-17 15:25,2,Q1,1,WrongPart,KRC104S,,00000703_2.txt,2025-12-17 15:25,2025-12-17 15:25
MV-6E,NEW_DELIM4,712,2025-12-17 15:29,2025-12-17 15:29,2,R10,0,Missing,4.7K_ohm_J2012,,00000712_2.txt,2025-12-17 15:29,2025-12-17 15:29
MV-6E,NEW_DELIM4,715,2025-12-17 15:31,2025-12-17 15:31,3,Q2,0,LiftedPackage,KTC3876S,,00000715_2.txt,2025-12-17 15:31,2025-12-17 15:31
MV-6E,NEW_DELIM4,720,2025-12-17 15:33,2025-12-17 15:33,2,C1,0,LiftedPackage,22u_6.3V_TT,,00000720_2.txt,2025-12-17 15:33,2025-12-17 15:33
MV-6E,NEW_DELIM4,722,2025-12-17 15:34,2025-12-17 15:34,1,Q1,1,WrongPart,KRC104S,,00000722_2.txt,2025-12-17 15:34,2025-12-17 15:34
MV-6E,NEW_DELIM4,728,2025-12-17 15:38,2025-12-17 15:38,2,R10,0,Missing,4.7K_ohm_J2012,,00000728_2.txt,2025-12-17 15:38,2025-12-17 15:38
MV-6E,NEW_DELIM4,733,2025-12-17 15:40,2025-12-17 15:40,3,U2,2,LiftedLead,SN75176BDR,,00000733_2.txt,2025-12-17 15:40,2025-12-17 15:40
MV-6E,NEW_DELIM4,737,2025-12-17 15:42,2025-12-17 15:42,1,R10,0,Missing,4.7K_ohm_J2012,,00000737_2.txt,2025-12-17 15:42,2025-12-17 15:42
MV-6E,NEW_DELIM4,749,2025-12-17 15:49,2025-12-17 15:49,2,U2,2,LiftedLead,SN75176BDR,,00000749_2.txt,2025-12-17 15:49,2025-12-17 15:49
MV-6E,NEW_DELIM4,761,2025-12-17 15:55,2025-12-17 15:55,3,U2,2,LiftedLead,SN75176BDR,,00000761_2.txt,2025-12-17 15:55,2025-12-17 15:55
MV-6E,NEW_DELIM4,768,2025-12-17 15:58,2025-12-17 15:58,2,Q1,1,WrongPart,KRC104S,,00000768_2.txt,2025-12-17 15:58,2025-12-17 15:58
MV-6E,NEW_DELIM4,778,2025-12-17 16:04,2025-12-17 16:04,0,U3,3,Bridge,LM1117GS-5.0,,00000778_2.txt,2025-12-17 16:04,2025-12-17 16:04
MV-6E,NEW_DELIM4,779,2025-12-17 16:04,2025-12-17 16:04,2,Q2,0,LiftedPackage,KTC3876S,,00000779_2.txt,2025-12-17 16:04,2025-12-17 16:04
MV-6E,NEW_DELIM4,791,2025-12-17 16:11,2025-12-17 16:11,1,U2,2,LiftedLead,SN75176BDR,,00000791_2.txt,2025-12-17 16:11,2025-12-17 16:11
MV-6E,NEW_DELIM4,795,2025-12-17 16:13,2025-12-17 16:13,1,U3,3,InsufficientSolder,LM1117GS-5.0,,00000795_2.txt,2025-12-17 16:13,2025-12-17 16:13
MV-6E,NEW_DELIM4,796,2025-12-17 16:13,2025-12-17 16:13,0,Q1,1,WrongPart,KRC104S,,00000796_2.txt,2025-12-17 16:13,2025-12-17 16:13
MV-6E,NEW_DELIM4,804,2025-12-17 16:17,2025-12-17 16:17,1,R11,1,InsufficientSolder,2.2K_ohm_J2012,,00000804_2.txt,2025-12-17 16:17,2025-12-17 16:17
MV-6E,NEW_DELIM4,807,2025-12-17 16:19,2025-12-17 16:19,0,BZ1,0,Shift,TYE1109S,,00000807_2.txt,2025-12-17 16:19,2025-12-17 16:19
MV-6E,NEW_DELIM4,808,2025-12-17 16:19,2025-12-17 16:19,3,Q1,1,WrongPart,KRC104S,,00000808_2.txt,2025-12-17 16:19,2025-12-17 16:19
MV-6E,NEW_DELIM4,809,2025-12-17 16:20,2025-12-17 16:20,1,R10,0,Missing,4.7K_ohm_J2012,,00000809_2.txt,2025-12-17 16:20,2025-12-17 16:20
MV-6E,NEW_DELIM4,819,2025-12-17 16:25,2025-12-17 16:25,0,R10,0,Missing,4.7K_ohm_J2012,,00000819_2.txt,2025-12-17 16:25,2025-12-17 16:25
MV-6E,NEW_DELIM4,820,2025-12-17 16:25,2025-12-17 16:25,0,C1,0,LiftedPackage,22u_6.3V_TT,,00000820_2.txt,2025-12-17 16:25,2025-12-17 16:25
MV-6E,NEW_DELIM4,851,2025-12-17 16:41,2025-12-17 16:41,2,Q1,1,WrongPart,KRC104S,,00000851_2.txt,2025-12-17 16:41,2025-12-17 16:41
MV-6E,NEW_DELIM4,854,2025-12-17 16:43,2025-12-17 16:43,0,Q1,1,WrongPart,KRC104S,,00000854_2.txt,2025-12-17 16:43,2025-12-17 16:43
MV-6E,NEW_DELIM4,885,2025-12-17 17:03,2025-12-17 17:03,2,R10,0,Missing,4.7K_ohm_J2012,,00000885_2.txt,2025-12-17 17:03,2025-12-17 17:03
MV-6E,NEW_DELIM4,896,2025-12-17 17:09,2025-12-17 17:09,1,Q1,1,WrongPart,KRC104S,,00000896_2.txt,2025-12-17 17:09,2025-12-17 17:09
MV-6E,NEW_DELIM4,902,2025-12-17 17:12,2025-12-17 17:12,0,IC1,2,InsufficientSolder,MC96F6432,,00000902_2.txt,2025-12-17 17:12,2025-12-17 17:12
MV-6E,NEW_DELIM4,904,2025-12-17 17:13,2025-12-17 17:13,3,C1,0,LiftedPackage,22u_6.3V_TT,,00000904_2.txt,2025-12-17 17:13,2025-12-17 17:13
MV-6E,NEW_DELIM4,905,2025-12-17 17:14,2025-12-17 17:14,1,C1,0,LiftedPackage,22u_6.3V_TT,,00000905_2.txt,2025-12-17 17:14,2025-12-17 17:14
MV-6E,NEW_DELIM4,908,2025-12-17 17:15,2025-12-17 17:15,2,Q1,1,WrongPart,KRC104S,,00000908_2.txt,2025-12-17 17:15,2025-12-17 17:15
MV-6E,NEW_DELIM4,922,2025-12-17 17:22,2025-12-17 17:22,2,IC1,4,InsufficientSolder,MC96F6432,,00000922_2.txt,2025-12-17 17:22,2025-12-17 17:22
MV-6E,NEW_DELIM4,930,2025-12-17 17:26,2025-12-17 17:26,2,R10,0,Missing,4.7K_ohm_J2012,,00000930_1.txt,2025-12-17 17:26,2025-12-17 17:26
MV-6E,NEW_DELIM4,941,2025-12-17 17:32,2025-12-17 17:32,2,Q1,1,WrongPart,KRC104S,,00000941_2.txt,2025-12-17 17:32,2025-12-17 17:32
MV-6E,RTU_SMPS,897,2025-12-18 17:00,2025-12-18 17:00,2,BD1,1,LiftedLead,ABS10,,00000897_3.txt,2025-12-18 17:00,2025-12-18 17:00
MV-6E,RTU_SMPS,897,2025-12-18 17:00,2025-12-18 17:00,7,BD1,1,LiftedLead,ABS10,,00000897_3.txt,2025-12-18 17:00,2025-12-18 17:00
MV-6E,RTU_SMPS,900,2025-12-18 17:05,2025-12-18 17:05,2,BD1,1,LiftedLead,ABS10,,00000900_3.txt,2025-12-18 17:05,2025-12-18 17:05
MV-6E,RTU_SMPS,907,2025-12-18 17:18,2025-12-18 17:18,8,R6,0,Tilt,R1608-39K-F,,00000907_3.txt,2025-12-18 17:18,2025-12-18 17:18
MV-6E,RTU_SMPS,912,2025-12-18 17:21,2025-12-18 17:21,2,BD1,0,Bridge,ABS10,,00000912_3.txt,2025-12-18 17:21,2025-12-18 17:21
MV-6E,RTU_SMPS,912,2025-12-18 17:21,2025-12-18 17:21,2,BD1,0,Bridge,ABS10,,00000912_3.txt,2025-12-18 17:21,2025-12-18 17:21
MV-6E,RTU_SMPS,913,2025-12-18 17:22,2025-12-18 17:22,8,BD1,0,LiftedLead,ABS10,,00000913_3.txt,2025-12-18 17:22,2025-12-18 17:22
MV-6E,RTU_SMPS,913,2025-12-18 17:22,2025-12-18 17:22,8,BD1,0,LiftedLead,ABS10,,00000913_3.txt,2025-12-18 17:22,2025-12-18 17:22
MV-6E,RTU_SMPS,915,2025-12-18 17:23,2025-12-18 17:23,4,BD1,1,LiftedLead,ABS10,,00000915_3.txt,2025-12-18 17:23,2025-12-18 17:23
MV-6E,RTU_SMPS,938,2025-12-18 17:47,2025-12-18 17:47,7,RX1,0,Tomstone,R1608-5.1R,,00000938_3.txt,2025-12-18 17:47,2025-12-18 17:47
MV-6E,RTU_SMPS,945,2025-12-18 17:52,2025-12-18 17:52,6,BD1,1,LiftedLead,ABS10,,00000945_3.txt,2025-12-18 17:52,2025-12-18 17:52
MV-6E,RTU_SMPS,949,2025-12-19 9:57,2025-12-19 9:57,0,BD1,0,LiftedLead,ABS10,,00000949_3.txt,2025-12-19 9:57,2025-12-19 9:57
MV-6E,RTU_SMPS,949,2025-12-19 9:57,2025-12-19 9:57,0,BD1,0,LiftedLead,ABS10,,00000949_3.txt,2025-12-19 9:57,2025-12-19 9:57
MV-6E,RTU_SMPS,949,2025-12-19 9:57,2025-12-19 9:57,0,BD1,1,LiftedLead,ABS10,,00000949_3.txt,2025-12-19 9:57,2025-12-19 9:57
MV-6E,RTU_SMPS,953,2025-12-19 9:59,2025-12-19 9:59,7,BD1,1,LiftedLead,ABS10,,00000953_3.txt,2025-12-19 9:59,2025-12-19 9:59
MV-6E,RTU_SMPS,957,2025-12-19 10:01,2025-12-19 10:01,4,R5,0,Missing,R1608-5.1R,,00000957_4.txt,2025-12-19 10:01,2025-12-19 10:01
MV-6E,RTU_SMPS,958,2025-12-19 10:02,2025-12-19 10:02,7,D1,3,Shift,SOD4007,,00000958_4.txt,2025-12-19 10:02,2025-12-19 10:02
MV-6E,RTU_SMPS,960,2025-12-19 10:03,2025-12-19 10:03,2,C5,0,Missing,C2012-2.2uF_25V,,00000960_4.txt,2025-12-19 10:03,2025-12-19 10:03
MV-6E,RTU_SMPS,960,2025-12-19 10:03,2025-12-19 10:03,2,C5,2,InsufficientSolder,C2012-2.2uF_25V,,00000960_4.txt,2025-12-19 10:03,2025-12-19 10:03
MV-6E,RTU_SMPS,964,2025-12-19 10:05,2025-12-19 10:05,2,BD1,1,LiftedLead,ABS10,,00000964_3.txt,2025-12-19 10:05,2025-12-19 10:05
MV-6E,RTU_SMPS,966,2025-12-19 10:07,2025-12-19 10:07,0,BD1,2,WrongPart,ABS10,,00000966_3.txt,2025-12-19 10:07,2025-12-19 10:07
MV-6E,RTU_SMPS,966,2025-12-19 10:07,2025-12-19 10:07,1,BD1,2,WrongPart,ABS10,,00000966_3.txt,2025-12-19 10:07,2025-12-19 10:07
MV-6E,RTU_SMPS,966,2025-12-19 10:07,2025-12-19 10:07,2,BD1,2,WrongPart,ABS10,,00000966_3.txt,2025-12-19 10:07,2025-12-19 10:07
MV-6E,RTU_SMPS,966,2025-12-19 10:07,2025-12-19 10:07,3,BD1,2,WrongPart,ABS10,,00000966_3.txt,2025-12-19 10:07,2025-12-19 10:07
MV-6E,RTU_SMPS,966,2025-12-19 10:07,2025-12-19 10:07,4,BD1,2,WrongPart,ABS10,,00000966_3.txt,2025-12-19 10:07,2025-12-19 10:07
MV-6E,RTU_SMPS,966,2025-12-19 10:07,2025-12-19 10:07,5,BD1,2,WrongPart,ABS10,,00000966_3.txt,2025-12-19 10:07,2025-12-19 10:07
MV-6E,RTU_SMPS,966,2025-12-19 10:07,2025-12-19 10:07,6,BD1,2,WrongPart,ABS10,,00000966_3.txt,2025-12-19 10:07,2025-12-19 10:07
MV-6E,RTU_SMPS,966,2025-12-19 10:07,2025-12-19 10:07,7,BD1,2,WrongPart,ABS10,,00000966_3.txt,2025-12-19 10:07,2025-12-19 10:07
MV-6E,RTU_SMPS,966,2025-12-19 10:07,2025-12-19 10:07,8,BD1,2,WrongPart,ABS10,,00000966_3.txt,2025-12-19 10:07,2025-12-19 10:07
MV-6E,RTU_SMPS,966,2025-12-19 10:07,2025-12-19 10:07,9,BD1,2,WrongPart,ABS10,,00000966_3.txt,2025-12-19 10:07,2025-12-19 10:07
MV-6E,RTU_SMPS,967,2025-12-19 10:08,2025-12-19 10:08,2,BD1,0,LiftedLead,ABS10,,00000967_3.txt,2025-12-19 10:08,2025-12-19 10:08
MV-6E,RTU_SMPS,967,2025-12-19 10:08,2025-12-19 10:08,2,BD1,0,LiftedLead,ABS10,,00000967_3.txt,2025-12-19 10:08,2025-12-19 10:08
MV-6E,RTU_SMPS,974,2025-12-19 10:14,2025-12-19 10:14,5,BD1,0,Shift,ABS10,,00000974_3.txt,2025-12-19 10:14,2025-12-19 10:14
MV-6E,RTU_SMPS,974,2025-12-19 10:14,2025-12-19 10:14,5,BD1,0,Shift,ABS10,,00000974_3.txt,2025-12-19 10:14,2025-12-19 10:14
MV-6E,RTU_SMPS,978,2025-12-19 10:17,2025-12-19 10:17,0,R7,0,Tilt,R1608-5.6K-F,,00000978_3.txt,2025-12-19 10:17,2025-12-19 10:17
MV-6E,RTU_SMPS,980,2025-12-19 10:18,2025-12-19 10:18,2,D2,2,LiftedSolder,SOD4007,,00000980_3.txt,2025-12-19 10:18,2025-12-19 10:18
MV-6E,RTU_SMPS,983,2025-12-19 10:20,2025-12-19 10:20,1,R1,0,Missing,R1608-3M,,00000983_3.txt,2025-12-19 10:20,2025-12-19 10:20
MV-6E,RTU_SMPS,983,2025-12-19 10:20,2025-12-19 10:20,7,R1,0,Missing,R1608-3M,,00000983_3.txt,2025-12-19 10:20,2025-12-19 10:20
MV-6E,RTU_SMPS,986,2025-12-19 10:22,2025-12-19 10:22,4,R1,0,Missing,R1608-3M,,00000986_3.txt,2025-12-19 10:22,2025-12-19 10:22
MV-6E,RTU_SMPS,986,2025-12-19 10:22,2025-12-19 10:22,4,R1,3,WrongPart,R1608-3M,,00000986_3.txt,2025-12-19 10:22,2025-12-19 10:22
MV-6E,RTU_SMPS,992,2025-12-19 10:26,2025-12-19 10:26,5,BD1,1,LiftedLead,ABS10,,00000992_3.txt,2025-12-19 10:26,2025-12-19 10:26
MV-6E,RTU_SMPS,997,2025-12-19 10:29,2025-12-19 10:29,2,BD1,0,LiftedLead,ABS10,,00000997_3.txt,2025-12-19 10:29,2025-12-19 10:29
MV-6E,RTU_SMPS,997,2025-12-19 10:29,2025-12-19 10:29,2,BD1,0,LiftedLead,ABS10,,00000997_3.txt,2025-12-19 10:29,2025-12-19 10:29
MV-6E,RTU_SMPS,1001,2025-12-19 10:32,2025-12-19 10:32,0,BD1,0,LiftedLead,ABS10,,00001001_3.txt,2025-12-19 10:32,2025-12-19 10:32
MV-6E,RTU_SMPS,1001,2025-12-19 10:32,2025-12-19 10:32,0,BD1,0,LiftedLead,ABS10,,00001001_3.txt,2025-12-19 10:32,2025-12-19 10:32
MV-6E,RTU_SMPS,1016,2025-12-19 10:40,2025-12-19 10:40,1,R5,0,Missing,R1608-5.1R,,00001016_3.txt,2025-12-19 10:40,2025-12-19 10:40
MV-6E,RTU_SMPS,1020,2025-12-19 10:43,2025-12-19 10:43,9,BD1,1,LiftedLead,ABS10,,00001020_3.txt,2025-12-19 10:43,2025-12-19 10:43
MV-6E,RTU_SMPS,1027,2025-12-19 10:47,2025-12-19 10:47,3,BD1,2,WrongPart,ABS10,,00001027_3.txt,2025-12-19 10:47,2025-12-19 10:47
MV-6E,RTU_SMPS,1032,2025-12-19 10:50,2025-12-19 10:50,0,R6,0,Tilt,R1608-39K-F,,00001032_3.txt,2025-12-19 10:50,2025-12-19 10:50
MV-6E,RTU_SMPS,1047,2025-12-19 10:58,2025-12-19 10:58,0,D2,3,WrongPart,SOD4007,,00001047_3.txt,2025-12-19 10:58,2025-12-19 10:58
MV-6E,RTU_SMPS,1047,2025-12-19 10:58,2025-12-19 10:58,5,D2,3,WrongPart,SOD4007,,00001047_3.txt,2025-12-19 10:58,2025-12-19 10:58
MV-6E,RTU_SMPS,1054,2025-12-19 11:04,2025-12-19 11:04,1,BD1,1,LiftedLead,ABS10,,00001054_3.txt,2025-12-19 11:04,2025-12-19 11:04
MV-6E,RTU_SMPS,1063,2025-12-19 12:08,2025-12-19 12:08,4,BD1,0,Shift,ABS10,,00001063_3.txt,2025-12-19 12:08,2025-12-19 12:08
MV-6E,RTU_SMPS,1063,2025-12-19 12:08,2025-12-19 12:08,4,BD1,0,Shift,ABS10,,00001063_3.txt,2025-12-19 12:08,2025-12-19 12:08
MV-6E,RTU_SMPS,1074,2025-12-19 12:15,2025-12-19 12:15,3,D2,3,WrongPart,SOD4007,,00001074_3.txt,2025-12-19 12:15,2025-12-19 12:15
MV-6E,RTU_SMPS,1083,2025-12-19 12:20,2025-12-19 12:20,7,RX1,1,InsufficientSolder,R1608-5.1R,,00001083_3.txt,2025-12-19 12:20,2025-12-19 12:20
MV-6E,RTU_SMPS,1096,2025-12-19 12:27,2025-12-19 12:27,1,BD1,0,LiftedLead,ABS10,,00001096_3.txt,2025-12-19 12:27,2025-12-19 12:27
MV-6E,RTU_SMPS,1096,2025-12-19 12:27,2025-12-19 12:27,1,BD1,0,LiftedLead,ABS10,,00001096_3.txt,2025-12-19 12:27,2025-12-19 12:27
MV-6E,RTU_SMPS,1097,2025-12-19 12:28,2025-12-19 12:28,6,D2,3,WrongPart,SOD4007,,00001097_3.txt,2025-12-19 12:28,2025-12-19 12:28
MV-6E,RTU_SMPS,1122,2025-12-19 12:42,2025-12-19 12:42,0,D2,3,WrongPart,SOD4007,,00001122_3.txt,2025-12-19 12:42,2025-12-19 12:42
MV-6E,RTU_SMPS,1125,2025-12-19 12:44,2025-12-19 12:44,4,R5,0,Missing,R1608-5.1R,,00001125_3.txt,2025-12-19 12:44,2025-12-19 12:44
MV-6E,RTU_SMPS,1127,2025-12-19 12:45,2025-12-19 12:45,1,RX1,1,InsufficientSolder,R1608-5.1R,,00001127_3.txt,2025-12-19 12:45,2025-12-19 12:45
MV-6E,RTU_SMPS,1133,2025-12-19 12:49,2025-12-19 12:49,3,BD1,0,Shift,ABS10,,00001133_3.txt,2025-12-19 12:49,2025-12-19 12:49
MV-6E,RTU_SMPS,1133,2025-12-19 12:49,2025-12-19 12:49,3,BD1,0,Shift,ABS10,,00001133_3.txt,2025-12-19 12:49,2025-12-19 12:49
MV-6E,RTU_SMPS,1151,2025-12-19 12:59,2025-12-19 12:59,9,RX1,0,Tilt,R1608-5.1R,,00001151_2.txt,2025-12-19 12:59,2025-12-19 12:59
MV-6E,RTU_SMPS,1165,2025-12-19 13:07,2025-12-19 13:07,0,R5,0,Missing,R1608-5.1R,,00001165_2.txt,2025-12-19 13:07,2025-12-19 13:07
MV-6E,RTU_SMPS,1174,2025-12-19 13:12,2025-12-19 13:12,6,D1,3,Shift,SOD4007,,00001174_2.txt,2025-12-19 13:12,2025-12-19 13:12
MV-6E,RTU_SMPS,1176,2025-12-19 13:13,2025-12-19 13:13,0,BD1,0,InsufficientSolder,ABS10,,00001176_2.txt,2025-12-19 13:13,2025-12-19 13:13
MV-6E,RTU_SMPS,1176,2025-12-19 13:13,2025-12-19 13:13,0,BD1,0,InsufficientSolder,ABS10,,00001176_2.txt,2025-12-19 13:13,2025-12-19 13:13
MV-6E,RTU_SMPS,1179,2025-12-19 13:15,2025-12-19 13:15,3,BD1,0,Shift,ABS10,,00001179_2.txt,2025-12-19 13:15,2025-12-19 13:15
MV-6E,RTU_SMPS,1179,2025-12-19 13:15,2025-12-19 13:15,3,BD1,0,Shift,ABS10,,00001179_2.txt,2025-12-19 13:15,2025-12-19 13:15
MV-6E,RTU_SMPS,1189,2025-12-19 13:21,2025-12-19 13:21,3,BD1,0,Shift,ABS10,,00001189_2.txt,2025-12-19 13:21,2025-12-19 13:21
MV-6E,RTU_SMPS,1189,2025-12-19 13:21,2025-12-19 13:21,3,BD1,0,Shift,ABS10,,00001189_2.txt,2025-12-19 13:21,2025-12-19 13:21
MV-6E,RTU_SMPS,1191,2025-12-19 13:22,2025-12-19 13:22,2,BD1,2,WrongPart,ABS10,,00001191_2.txt,2025-12-19 13:22,2025-12-19 13:22
MV-6E,RTU_SMPS,1191,2025-12-19 13:22,2025-12-19 13:22,6,BD1,2,WrongPart,ABS10,,00001191_2.txt,2025-12-19 13:22,2025-12-19 13:22
MV-6E,RTU_SMPS,1192,2025-12-19 13:23,2025-12-19 13:23,2,BD1,2,WrongPart,ABS10,,00001192_2.txt,2025-12-19 13:23,2025-12-19 13:23
MV-6E,RTU_SMPS,1192,2025-12-19 13:23,2025-12-19 13:23,3,BD1,2,WrongPart,ABS10,,00001192_2.txt,2025-12-19 13:23,2025-12-19 13:23
MV-6E,RTU_SMPS,1192,2025-12-19 13:23,2025-12-19 13:23,5,BD1,2,WrongPart,ABS10,,00001192_2.txt,2025-12-19 13:23,2025-12-19 13:23
MV-6E,RTU_SMPS,1192,2025-12-19 13:23,2025-12-19 13:23,6,BD1,2,WrongPart,ABS10,,00001192_2.txt,2025-12-19 13:23,2025-12-19 13:23
MV-6E,RTU_SMPS,1192,2025-12-19 13:23,2025-12-19 13:23,8,BD1,2,WrongPart,ABS10,,00001192_2.txt,2025-12-19 13:23,2025-12-19 13:23
MV-6E,RTU_SMPS,1193,2025-12-19 13:23,2025-12-19 13:23,4,BD1,2,WrongPart,ABS10,,00001193_2.txt,2025-12-19 13:23,2025-12-19 13:23
MV-6E,RTU_SMPS,1193,2025-12-19 13:23,2025-12-19 13:23,7,BD1,2,WrongPart,ABS10,,00001193_2.txt,2025-12-19 13:23,2025-12-19 13:23
MV-6E,RTU_SMPS,1193,2025-12-19 13:23,2025-12-19 13:23,9,BD1,2,WrongPart,ABS10,,00001193_2.txt,2025-12-19 13:23,2025-12-19 13:23
MV-6E,RTU_MAIN_BOT,4564,2025-12-19 17:27,2025-12-19 17:27,0,J5,0,LiftedLead,TM0520-0016,,00004564.txt,2025-12-19 17:27,2025-12-19 17:27
MV-6E,RTU_MAIN_BOT,4564,2025-12-19 17:27,2025-12-19 17:27,1,J5,0,InsufficientSolder,TM0520-0016,,00004564.txt,2025-12-19 17:27,2025-12-19 17:27
MV-6E,RTU_MAIN_BOT,4567,2025-12-19 17:40,2025-12-19 17:40,1,J5,0,LiftedLead,TM0520-0016,,00004567.txt,2025-12-19 17:40,2025-12-19 17:40
MV-6E,RTU_MAIN_BOT,4570,2025-12-19 17:42,2025-12-19 17:42,1,J5,0,LiftedLead,TM0520-0016,,00004570.txt,2025-12-19 17:42,2025-12-19 17:42
MV-6E,RTU_MAIN_BOT,4580,2025-12-19 17:48,2025-12-19 17:48,1,J5,0,InsufficientSolder,TM0520-0016,,00004580.txt,2025-12-19 17:48,2025-12-19 17:48
MV-6E,RTU_MAIN_BOT,4581,2025-12-19 17:48,2025-12-19 17:48,1,J5,0,InsufficientSolder,TM0520-0016,,00004581.txt,2025-12-19 17:48,2025-12-19 17:48
MV-6E,RTU_MAIN_BOT,4585,2025-12-19 17:50,2025-12-19 17:50,1,J5,0,LiftedLead,TM0520-0016,,00004585.txt,2025-12-19 17:50,2025-12-19 17:50
MV-6E,RTU_MAIN_BOT,4586,2025-12-19 17:50,2025-12-19 17:50,1,J5,0,LiftedLead,TM0520-0016,,00004586.txt,2025-12-19 17:50,2025-12-19 17:50
MV-6E,RTU_MAIN_BOT,4587,2025-12-19 17:51,2025-12-19 17:51,0,J5,0,InsufficientSolder,TM0520-0016,,00004587.txt,2025-12-19 17:51,2025-12-19 17:51
MV-6E,RTU_MAIN_BOT,4587,2025-12-19 17:51,2025-12-19 17:51,1,J5,0,LiftedLead,TM0520-0016,,00004587.txt,2025-12-19 17:51,2025-12-19 17:51
MV-6E,RTU_MAIN_BOT,4589,2025-12-19 17:52,2025-12-19 17:52,1,J5,0,LiftedLead,TM0520-0016,,00004589.txt,2025-12-19 17:52,2025-12-19 17:52
MV-6E,RTU_MAIN_BOT,4591,2025-12-19 17:53,2025-12-19 17:53,1,J5,0,LiftedLead,TM0520-0016,,00004591.txt,2025-12-19 17:53,2025-12-19 17:53
MV-6E,RTU_MAIN_BOT,4593,2025-12-19 17:54,2025-12-19 17:54,1,J5,0,InsufficientSolder,TM0520-0016,,00004593.txt,2025-12-19 17:54,2025-12-19 17:54
MV-6E,RTU_MAIN_BOT,4594,2025-12-19 17:54,2025-12-19 17:54,0,R38,0,Shift,47K_J1608,,00004594.txt,2025-12-19 17:54,2025-12-19 17:54
MV-6E,RTU_MAIN_BOT,4596,2025-12-19 17:56,2025-12-19 17:56,1,J5,0,LiftedLead,TM0520-0016,,00004596.txt,2025-12-19 17:56,2025-12-19 17:56
MV-6E,RTU_MAIN_BOT,4598,2025-12-19 17:57,2025-12-19 17:57,0,J5,0,LiftedLead,TM0520-0016,,00004598.txt,2025-12-19 17:57,2025-12-19 17:57
MV-6E,RTU_MAIN_BOT,4666,2025-12-19 18:39,2025-12-19 18:39,1,R73,3,WrongPart,10K_J1608,,00004666.txt,2025-12-19 18:39,2025-12-19 18:39
MV-6E,RTU_MAIN_BOT,4671,2025-12-19 18:42,2025-12-19 18:42,1,R69,3,WrongPart,10K_J1608,,00004671.txt,2025-12-19 18:42,2025-12-19 18:42
MV-6E,RTU_MAIN_BOT,4684,2025-12-19 18:47,2025-12-19 18:47,0,_MNT_669_,0,Missing,,,00004684.txt,2025-12-19 18:47,2025-12-19 18:47
MV-6E,RTU_MAIN_BOT,4688,2025-12-19 18:49,2025-12-19 18:49,1,R69,3,WrongPart,10K_J1608,,00004688.txt,2025-12-19 18:49,2025-12-19 18:49
MV-6E,RTU_MAIN_BOT,4697,2025-12-19 18:55,2025-12-19 18:55,0,C43,0,Tomstone,3pF_50V_1608,,00004697.txt,2025-12-19 18:55,2025-12-19 18:55
MV-6E,RTU_MAIN_BOT,4713,2025-12-19 19:03,2025-12-19 19:03,1,R74,3,WrongPart,10K_J1608,,00004713.txt,2025-12-19 19:03,2025-12-19 19:03
MV-6E,RTU_MAIN_BOT,4726,2025-12-19 19:09,2025-12-19 19:09,0,R70,3,WrongPart,10K_J1608,,00004726.txt,2025-12-19 19:09,2025-12-19 19:09
MV-6E,RTU_MAIN_BOT,4879,2025-12-20 10:57,2025-12-20 10:57,0,D14,0,Shift,EGA10603V05A1-1608,,00004879.txt,2025-12-20 10:57,2025-12-20 10:57
MV-6E,RTU_MAIN_BOT,4888,2025-12-20 11:01,2025-12-20 11:01,1,R56,0,Rotate,820_J1608,,00004888.txt,2025-12-20 11:01,2025-12-20 11:01
MV-6E,RTU_MAIN_BOT,4906,2025-12-20 11:09,2025-12-20 11:09,0,C23,0,Missing,2.2uF_50V_1608,,00004906.txt,2025-12-20 11:09,2025-12-20 11:09
MV-6E,RTU_MAIN_BOT,4906,2025-12-20 11:09,2025-12-20 11:09,0,C30,0,Tomstone,1uF_16V_1608,,00004906.txt,2025-12-20 11:09,2025-12-20 11:09
MV-6E,RTU_MAIN_BOT,4907,2025-12-20 11:09,2025-12-20 11:09,0,C23,0,Missing,2.2uF_50V_1608,,00004907.txt,2025-12-20 11:09,2025-12-20 11:09
MV-6E,RTU_MAIN_BOT,4908,2025-12-20 11:10,2025-12-20 11:10,0,C23,0,Missing,2.2uF_50V_1608,,00004908.txt,2025-12-20 11:10,2025-12-20 11:10
MV-6E,RTU_MAIN_BOT,4908,2025-12-20 11:10,2025-12-20 11:10,0,C23,1,InsufficientSolder,2.2uF_50V_1608,,00004908.txt,2025-12-20 11:10,2025-12-20 11:10
MV-6E,RTU_MAIN_BOT,4909,2025-12-20 11:10,2025-12-20 11:10,0,C23,0,Missing,2.2uF_50V_1608,,00004909.txt,2025-12-20 11:10,2025-12-20 11:10
MV-6E,RTU_MAIN_BOT,4911,2025-12-20 11:11,2025-12-20 11:11,0,R56,0,Rotate,820_J1608,,00004911.txt,2025-12-20 11:11,2025-12-20 11:11
MV-6E,RTU_MAIN_BOT,4911,2025-12-20 11:11,2025-12-20 11:11,0,C23,0,Missing,2.2uF_50V_1608,,00004911.txt,2025-12-20 11:11,2025-12-20 11:11
MV-6E,RTU_MAIN_BOT,4911,2025-12-20 11:11,2025-12-20 11:11,0,C23,1,InsufficientSolder,2.2uF_50V_1608,,00004911.txt,2025-12-20 11:11,2025-12-20 11:11
MV-6E,RTU_MAIN_BOT,4931,2025-12-20 11:21,2025-12-20 11:21,0,R38,0,Shift,47K_J1608,,00004931.txt,2025-12-20 11:21,2025-12-20 11:21
MV-6E,RTU_MAIN_BOT,4960,2025-12-20 11:34,2025-12-20 11:34,1,R38,3,WrongPart,47K_J1608,,00004960.txt,2025-12-20 11:34,2025-12-20 11:34
MV-6E,RTU_MAIN_BOT,4970,2025-12-20 11:38,2025-12-20 11:38,1,_MNT_669_,0,Missing,,,00004970.txt,2025-12-20 11:38,2025-12-20 11:38
MV-6E,RTU_MAIN_BOT,4981,2025-12-20 11:43,2025-12-20 11:43,0,R75,0,Missing,200_J1608,,00004981.txt,2025-12-20 11:43,2025-12-20 11:43
MV-6E,RTU_MAIN_BOT,5050,2025-12-20 12:14,2025-12-20 12:14,1,C44,0,Tomstone,3pF_50V_1608,,00005050.txt,2025-12-20 12:14,2025-12-20 12:14
MV-6E,RTU_MAIN_BOT,5054,2025-12-20 12:16,2025-12-20 12:16,0,R34,0,Missing,47K_J1608,,00005054.txt,2025-12-20 12:16,2025-12-20 12:16
MV-6E,RTU_MAIN_BOT,5058,2025-12-20 12:18,2025-12-20 12:18,0,R38,0,Missing,47K_J1608,,00005058.txt,2025-12-20 12:18,2025-12-20 12:18
MV-6E,RTU_MAIN_BOT,5059,2025-12-20 12:18,2025-12-20 12:18,0,R38,0,Missing,47K_J1608,,00005059.txt,2025-12-20 12:18,2025-12-20 12:18
MV-6E,RTU_MAIN_BOT,5062,2025-12-20 12:20,2025-12-20 12:20,0,R38,0,Missing,47K_J1608,,00005062.txt,2025-12-20 12:20,2025-12-20 12:20
MV-6E,RTU_MAIN_BOT,5062,2025-12-20 12:20,2025-12-20 12:20,1,R38,0,Missing,47K_J1608,,00005062.txt,2025-12-20 12:20,2025-12-20 12:20
MV-6E,RTU_MAIN_BOT,5074,2025-12-20 12:25,2025-12-20 12:25,0,R68,0,Missing,200_J1608,,00005074.txt,2025-12-20 12:25,2025-12-20 12:25
MV-6E,RTU_MAIN_BOT,5074,2025-12-20 12:25,2025-12-20 12:25,1,R55,3,WrongPart,820_J1608,,00005074.txt,2025-12-20 12:25,2025-12-20 12:25
MV-6E,RTU_MAIN_BOT,5102,2025-12-20 12:38,2025-12-20 12:38,0,R75,0,Missing,200_J1608,,00005102.txt,2025-12-20 12:38,2025-12-20 12:38
MV-6E,RTU_MAIN_BOT,5193,2025-12-20 13:18,2025-12-20 13:18,0,R75,0,Missing,200_J1608,,00005193.txt,2025-12-20 13:18,2025-12-20 13:18
MV-6E,RTU_MAIN_BOT,5220,2025-12-20 13:30,2025-12-20 13:30,0,R68,0,Missing,200_J1608,,00005220.txt,2025-12-20 13:30,2025-12-20 13:30
MV-6E,RTU_MAIN_BOT,5229,2025-12-20 13:34,2025-12-20 13:34,0,R67,0,Missing,200_J1608,,00005229.txt,2025-12-20 13:34,2025-12-20 13:34
MV-6E,RTU_MAIN_BOT,5244,2025-12-20 13:41,2025-12-20 13:41,0,C23,0,Missing,2.2uF_50V_1608,,00005244.txt,2025-12-20 13:41,2025-12-20 13:41
MV-6E,RTU_MAIN_BOT,5256,2025-12-20 13:47,2025-12-20 13:47,0,R67,0,Missing,200_J1608,,00005256.txt,2025-12-20 13:47,2025-12-20 13:47
MV-6E,RTU_MAIN_BOT,5258,2025-12-20 13:48,2025-12-20 13:48,1,R77,0,Rotate,820_J1608,,00005258.txt,2025-12-20 13:48,2025-12-20 13:48
MV-6E,RTU_MAIN_BOT,5258,2025-12-20 13:48,2025-12-20 13:48,1,R77,3,WrongPart,820_J1608,,00005258.txt,2025-12-20 13:48,2025-12-20 13:48
MV-6E,RTU_MAIN_BOT,5309,2025-12-20 14:12,2025-12-20 14:12,1,R75,0,Missing,200_J1608,,00005309.txt,2025-12-20 14:12,2025-12-20 14:12
MV-6E,RTU_MAIN_BOT,5343,2025-12-20 14:27,2025-12-20 14:27,1,R68,0,Missing,200_J1608,,00005343.txt,2025-12-20 14:27,2025-12-20 14:27
MV-6E,RTU_MAIN_BOT,5371,2025-12-20 14:40,2025-12-20 14:40,0,FB4-1,0,Missing,BLM18KG601BH1D,,00005371.txt,2025-12-20 14:40,2025-12-20 14:40
MV-6E,RTU_MAIN_BOT,5371,2025-12-20 14:40,2025-12-20 14:40,0,FB4-1,2,NoSolder,BLM18KG601BH1D,,00005371.txt,2025-12-20 14:40,2025-12-20 14:40
MV-6E,RTU_MAIN_BOT,5371,2025-12-20 14:40,2025-12-20 14:40,0,C43,0,Missing,3pF_50V_1608,,00005371.txt,2025-12-20 14:40,2025-12-20 14:40
MV-6E,RTU_MAIN_BOT,5371,2025-12-20 14:40,2025-12-20 14:40,0,C44,0,Missing,3pF_50V_1608,,00005371.txt,2025-12-20 14:40,2025-12-20 14:40
MV-6E,RTU_MAIN_BOT,5371,2025-12-20 14:40,2025-12-20 14:40,0,C44,2,InsufficientSolder,3pF_50V_1608,,00005371.txt,2025-12-20 14:40,2025-12-20 14:40
MV-6E,RTU_MAIN_BOT,5388,2025-12-20 14:47,2025-12-20 14:47,0,R67,0,Missing,200_J1608,,00005388.txt,2025-12-20 14:47,2025-12-20 14:47
MV-6E,RTU_MAIN_BOT,5411,2025-12-20 14:57,2025-12-20 14:57,1,R68,0,Missing,200_J1608,,00005411.txt,2025-12-20 14:57,2025-12-20 14:57
MV-6E,RTU_MAIN_BOT,5439,2025-12-20 15:10,2025-12-20 15:10,1,U8,1,WrongPart,GT504L-SO,,00005439.txt,2025-12-20 15:10,2025-12-20 15:10
MV-6E,RTU_MAIN_BOT,5442,2025-12-20 15:11,2025-12-20 15:11,1,R75,0,Missing,200_J1608,,00005442.txt,2025-12-20 15:11,2025-12-20 15:11
MV-6E,RTU_MAIN_BOT,5459,2025-12-20 15:19,2025-12-20 15:19,1,U8,1,WrongPart,GT504L-SO,,00005459.txt,2025-12-20 15:19,2025-12-20 15:19
MV-6E,RTU_MAIN_BOT,5491,2025-12-20 15:33,2025-12-20 15:33,0,R75,0,Missing,200_J1608,,00005491.txt,2025-12-20 15:33,2025-12-20 15:33
MV-6E,RTU_MAIN_BOT,5518,2025-12-20 15:45,2025-12-20 15:45,0,C45,0,Missing,3pF_50V_1608,,00005518.txt,2025-12-20 15:45,2025-12-20 15:45
MV-6E,RTU_MAIN_BOT,5526,2025-12-20 15:49,2025-12-20 15:49,0,R75,0,Missing,200_J1608,,00005526.txt,2025-12-20 15:49,2025-12-20 15:49
MV-6E,RTU_MAIN_BOT,5536,2025-12-20 15:53,2025-12-20 15:53,0,R75,0,Missing,200_J1608,,00005536.txt,2025-12-20 15:53,2025-12-20 15:53
MV-6E,RTU_MAIN_BOT,5582,2025-12-20 16:14,2025-12-20 16:14,1,R68,0,Missing,200_J1608,,00005582.txt,2025-12-20 16:14,2025-12-20 16:14
MV-6E,RTU_MAIN_BOT,5599,2025-12-20 16:22,2025-12-20 16:22,1,R67,0,Missing,200_J1608,,00005599.txt,2025-12-20 16:22,2025-12-20 16:22
MV-6E,RTU_MAIN_BOT,5606,2025-12-20 16:25,2025-12-20 16:25,0,R77,3,WrongPart,820_J1608,,00005606.txt,2025-12-20 16:25,2025-12-20 16:25
MV-6E,RTU_MAIN_BOT,5662,2025-12-20 16:50,2025-12-20 16:50,0,C45,0,Tomstone,3pF_50V_1608,,00005662.txt,2025-12-20 16:50,2025-12-20 16:50
MV-6E,RTU_MAIN_BOT,5686,2025-12-20 17:01,2025-12-20 17:01,1,R75,0,Missing,200_J1608,,00005686.txt,2025-12-20 17:01,2025-12-20 17:01
MV-6E,RTU_MAIN_BOT,5730,2025-12-22 10:02,2025-12-22 10:02,1,R56,0,Rotate,820_J1608,,00005730.txt,2025-12-22 10:02,2025-12-22 10:02
MV-6E,RTU_MAIN_BOT,5787,2025-12-22 10:29,2025-12-22 10:29,1,R56,0,Rotate,820_J1608,,00005787.txt,2025-12-22 10:29,2025-12-22 10:29
MV-6E,RTU_MAIN_BOT,5837,2025-12-22 10:52,2025-12-22 10:52,1,C46,0,Tomstone,100nF_100V_1608,,00005837.txt,2025-12-22 10:52,2025-12-22 10:52
MV-6E,RTU_MAIN_BOT,5974,2025-12-22 12:35,2025-12-22 12:35,1,R77,0,Tilt,820_J1608,,00005974.txt,2025-12-22 12:35,2025-12-22 12:35
MV-6E,RTU_MAIN_BOT,6014,2025-12-22 12:55,2025-12-22 12:55,0,R34,0,Tilt,47K_J1608,,00006014.txt,2025-12-22 12:55,2025-12-22 12:55
MV-6E,RTU_MAIN_TOP,4642,2025-12-22 15:02,2025-12-22 15:02,1,J6,3,LiftedPackage,USB-C-3.1_16P,,00004642_1.txt,2025-12-22 15:02,2025-12-22 15:02
MV-6E,RTU_MAIN_TOP,4643,2025-12-22 15:03,2025-12-22 15:03,1,LED1,0,Tomstone,RED-LED1608,,00004643_1.txt,2025-12-22 15:03,2025-12-22 15:03
MV-6E,RTU_MAIN_TOP,4648,2025-12-22 15:16,2025-12-22 15:16,0,LED2,0,Tilt,GREEN-LED1608,,00004648_1.txt,2025-12-22 15:16,2025-12-22 15:16
MV-6E,RTU_MAIN_TOP,4648,2025-12-22 15:16,2025-12-22 15:16,0,J6,1,InsufficientSolder,USB-C-3.1_16P,,00004648_1.txt,2025-12-22 15:16,2025-12-22 15:16
MV-6E,RTU_MAIN_TOP,4648,2025-12-22 15:16,2025-12-22 15:16,0,J6,3,Shift,USB-C-3.1_16P,,00004648_1.txt,2025-12-22 15:16,2025-12-22 15:16
MV-6E,RTU_MAIN_TOP,4649,2025-12-22 15:16,2025-12-22 15:16,1,LED2,0,Missing,GREEN-LED1608,,00004649_1.txt,2025-12-22 15:16,2025-12-22 15:16
MV-6E,RTU_MAIN_TOP,4650,2025-12-22 15:17,2025-12-22 15:17,0,J6,1,Bridge,USB-C-3.1_16P,,00004650_1.txt,2025-12-22 15:17,2025-12-22 15:17
MV-6E,RTU_MAIN_TOP,4650,2025-12-22 15:17,2025-12-22 15:17,0,J6,3,Shift,USB-C-3.1_16P,,00004650_1.txt,2025-12-22 15:17,2025-12-22 15:17
MV-6E,RTU_MAIN_TOP,4650,2025-12-22 15:17,2025-12-22 15:17,1,U3,0,WrongPart,NB860,,00004650_1.txt,2025-12-22 15:17,2025-12-22 15:17
MV-6E,RTU_MAIN_TOP,4651,2025-12-22 15:17,2025-12-22 15:17,0,LED2,0,Tilt,GREEN-LED1608,,00004651_1.txt,2025-12-22 15:17,2025-12-22 15:17
MV-6E,RTU_MAIN_TOP,4651,2025-12-22 15:17,2025-12-22 15:17,1,Q1,4,Shift,KN2222AS,,00004651_1.txt,2025-12-22 15:17,2025-12-22 15:17
MV-6E,RTU_MAIN_TOP,4652,2025-12-22 15:18,2025-12-22 15:18,0,LED2,0,Shift,GREEN-LED1608,,00004652_1.txt,2025-12-22 15:18,2025-12-22 15:18
MV-6E,RTU_MAIN_TOP,4652,2025-12-22 15:18,2025-12-22 15:18,1,TC1,2,Shift,10uF_16V_3216,,00004652_1.txt,2025-12-22 15:18,2025-12-22 15:18
MV-6E,RTU_MAIN_TOP,4663,2025-12-22 15:25,2025-12-22 15:25,1,R46,1,InsufficientSolder,10K_J1608,,00004663_1.txt,2025-12-22 15:25,2025-12-22 15:25
MV-6E,RTU_MAIN_TOP,4664,2025-12-22 15:26,2025-12-22 15:26,0,J6,0,InsufficientSolder,USB-C-3.1_16P,,00004664_1.txt,2025-12-22 15:26,2025-12-22 15:26
MV-6E,RTU_MAIN_TOP,4664,2025-12-22 15:26,2025-12-22 15:26,0,J6,1,InsufficientSolder,USB-C-3.1_16P,,00004664_1.txt,2025-12-22 15:26,2025-12-22 15:26
MV-6E,RTU_MAIN_TOP,4669,2025-12-22 15:28,2025-12-22 15:28,0,LED1,0,Rotate,RED-LED1608,,00004669_1.txt,2025-12-22 15:28,2025-12-22 15:28
MV-6E,RTU_MAIN_TOP,4669,2025-12-22 15:28,2025-12-22 15:28,0,J6,3,Shift,USB-C-3.1_16P,,00004669_1.txt,2025-12-22 15:28,2025-12-22 15:28
MV-6E,RTU_MAIN_TOP,4672,2025-12-22 15:30,2025-12-22 15:30,1,SW1,2,Shift,IT-1101NHA,,00004672_1.txt,2025-12-22 15:30,2025-12-22 15:30
MV-6E,RTU_MAIN_TOP,4673,2025-12-22 15:30,2025-12-22 15:30,0,J6,1,InsufficientSolder,USB-C-3.1_16P,,00004673_1.txt,2025-12-22 15:30,2025-12-22 15:30
MV-6E,RTU_MAIN_TOP,4673,2025-12-22 15:30,2025-12-22 15:30,0,J6,3,Shift,USB-C-3.1_16P,,00004673_1.txt,2025-12-22 15:30,2025-12-22 15:30
MV-6E,RTU_MAIN_TOP,4674,2025-12-22 15:31,2025-12-22 15:31,0,J6,3,LiftedPackage,USB-C-3.1_16P,,00004674_1.txt,2025-12-22 15:31,2025-12-22 15:31
MV-6E,RTU_MAIN_TOP,4674,2025-12-22 15:31,2025-12-22 15:31,1,J6,3,LiftedPackage,USB-C-3.1_16P,,00004674_1.txt,2025-12-22 15:31,2025-12-22 15:31
MV-6E,RTU_MAIN_TOP,4678,2025-12-22 15:34,2025-12-22 15:34,1,J6,1,InsufficientSolder,USB-C-3.1_16P,,00004678_1.txt,2025-12-22 15:34,2025-12-22 15:34
MV-6E,RTU_MAIN_TOP,4678,2025-12-22 15:34,2025-12-22 15:34,1,J6,2,InsufficientSolder,USB-C-3.1_16P,,00004678_1.txt,2025-12-22 15:34,2025-12-22 15:34
MV-6E,RTU_MAIN_TOP,4678,2025-12-22 15:34,2025-12-22 15:34,1,J6,3,Shift,USB-C-3.1_16P,,00004678_1.txt,2025-12-22 15:34,2025-12-22 15:34
MV-6E,RTU_MAIN_TOP,4679,2025-12-22 15:35,2025-12-22 15:35,0,U2,1,InsufficientSolder,ZLDO1117-3.3,,00004679_1.txt,2025-12-22 15:35,2025-12-22 15:35
MV-6E,RTU_MAIN_TOP,4679,2025-12-22 15:35,2025-12-22 15:35,0,J6,3,LiftedPackage,USB-C-3.1_16P,,00004679_1.txt,2025-12-22 15:35,2025-12-22 15:35
MV-6E,RTU_MAIN_TOP,4679,2025-12-22 15:35,2025-12-22 15:35,1,J6,1,Bridge,USB-C-3.1_16P,,00004679_1.txt,2025-12-22 15:35,2025-12-22 15:35
MV-6E,RTU_MAIN_TOP,4679,2025-12-22 15:35,2025-12-22 15:35,1,J6,3,LiftedPackage,USB-C-3.1_16P,,00004679_1.txt,2025-12-22 15:35,2025-12-22 15:35
MV-6E,RTU_MAIN_TOP,4680,2025-12-22 15:36,2025-12-22 15:36,0,J6,0,InsufficientSolder,USB-C-3.1_16P,,00004680_1.txt,2025-12-22 15:36,2025-12-22 15:36
MV-6E,RTU_MAIN_TOP,4680,2025-12-22 15:36,2025-12-22 15:36,0,J6,1,InsufficientSolder,USB-C-3.1_16P,,00004680_1.txt,2025-12-22 15:36,2025-12-22 15:36
MV-6E,RTU_MAIN_TOP,4680,2025-12-22 15:36,2025-12-22 15:36,0,J6,2,InsufficientSolder,USB-C-3.1_16P,,00004680_1.txt,2025-12-22 15:36,2025-12-22 15:36
MV-6E,RTU_MAIN_TOP,4680,2025-12-22 15:36,2025-12-22 15:36,0,J6,3,Shift,USB-C-3.1_16P,,00004680_1.txt,2025-12-22 15:36,2025-12-22 15:36
MV-6E,RTU_MAIN_TOP,4680,2025-12-22 15:36,2025-12-22 15:36,1,R45,1,InsufficientSolder,10K_J1608,,00004680_1.txt,2025-12-22 15:36,2025-12-22 15:36
MV-6E,RTU_MAIN_TOP,4680,2025-12-22 15:36,2025-12-22 15:36,1,R46,1,InsufficientSolder,10K_J1608,,00004680_1.txt,2025-12-22 15:36,2025-12-22 15:36
MV-6E,RTU_MAIN_TOP,4680,2025-12-22 15:36,2025-12-22 15:36,1,J6,3,Shift,USB-C-3.1_16P,,00004680_1.txt,2025-12-22 15:36,2025-12-22 15:36
MV-6E,RTU_MAIN_TOP,4681,2025-12-22 15:36,2025-12-22 15:36,1,U5,2,InsufficientSolder,A31G224CLN,,00004681_1.txt,2025-12-22 15:36,2025-12-22 15:36
MV-6E,RTU_MAIN_TOP,4682,2025-12-22 15:37,2025-12-22 15:37,1,TC1,2,Shift,10uF_16V_3216,,00004682_1.txt,2025-12-22 15:37,2025-12-22 15:37
MV-6E,RTU_MAIN_TOP,4683,2025-12-22 15:37,2025-12-22 15:37,0,J6,0,InsufficientSolder,USB-C-3.1_16P,,00004683_1.txt,2025-12-22 15:37,2025-12-22 15:37
MV-6E,RTU_MAIN_TOP,4683,2025-12-22 15:37,2025-12-22 15:37,0,J6,1,InsufficientSolder,USB-C-3.1_16P,,00004683_1.txt,2025-12-22 15:37,2025-12-22 15:37
MV-6E,RTU_MAIN_TOP,4683,2025-12-22 15:37,2025-12-22 15:37,0,J6,2,InsufficientSolder,USB-C-3.1_16P,,00004683_1.txt,2025-12-22 15:37,2025-12-22 15:37
MV-6E,RTU_MAIN_TOP,4683,2025-12-22 15:37,2025-12-22 15:37,0,J6,3,Shift,USB-C-3.1_16P,,00004683_1.txt,2025-12-22 15:37,2025-12-22 15:37
MV-6E,RTU_MAIN_TOP,4685,2025-12-22 15:38,2025-12-22 15:38,1,R45,1,InsufficientSolder,10K_J1608,,00004685_1.txt,2025-12-22 15:38,2025-12-22 15:38
MV-6E,RTU_MAIN_TOP,4692,2025-12-22 15:44,2025-12-22 15:44,1,LED2,0,LiftedPackage,GREEN-LED1608,,00004692_1.txt,2025-12-22 15:44,2025-12-22 15:44
MV-6E,RTU_MAIN_TOP,4693,2025-12-22 15:45,2025-12-22 15:45,1,J6,0,Shift,USB-C-3.1_16P,,00004693_1.txt,2025-12-22 15:45,2025-12-22 15:45
MV-6E,RTU_MAIN_TOP,4694,2025-12-22 15:46,2025-12-22 15:46,0,J6,0,LiftedPackage,USB-C-3.1_16P,,00004694_1.txt,2025-12-22 15:46,2025-12-22 15:46
MV-6E,RTU_MAIN_TOP,4700,2025-12-22 15:49,2025-12-22 15:49,0,R45,1,InsufficientSolder,10K_J1608,,00004700_1.txt,2025-12-22 15:49,2025-12-22 15:49
MV-6E,RTU_MAIN_TOP,4700,2025-12-22 15:49,2025-12-22 15:49,1,R45,1,InsufficientSolder,10K_J1608,,00004700_1.txt,2025-12-22 15:49,2025-12-22 15:49
MV-6E,RTU_MAIN_TOP,4705,2025-12-22 15:51,2025-12-22 15:51,0,J6,0,Shift,USB-C-3.1_16P,,00004705_1.txt,2025-12-22 15:51,2025-12-22 15:51
MV-6E,RTU_MAIN_TOP,4705,2025-12-22 15:51,2025-12-22 15:51,1,J6,0,LiftedPackage,USB-C-3.1_16P,,00004705_1.txt,2025-12-22 15:51,2025-12-22 15:51
MV-6E,RTU_MAIN_TOP,4707,2025-12-22 15:52,2025-12-22 15:52,0,J6,0,LiftedPackage,USB-C-3.1_16P,,00004707_1.txt,2025-12-22 15:52,2025-12-22 15:52
MV-6E,RTU_MAIN_TOP,4709,2025-12-22 15:53,2025-12-22 15:53,0,J6,0,Shift,USB-C-3.1_16P,,00004709_1.txt,2025-12-22 15:53,2025-12-22 15:53
MV-6E,RTU_MAIN_TOP,4710,2025-12-22 15:54,2025-12-22 15:54,1,TC1,2,Shift,10uF_16V_3216,,00004710_1.txt,2025-12-22 15:54,2025-12-22 15:54
MV-6E,RTU_MAIN_TOP,4713,2025-12-22 15:55,2025-12-22 15:55,1,J6,0,LiftedPackage,USB-C-3.1_16P,,00004713_1.txt,2025-12-22 15:55,2025-12-22 15:55
MV-6E,RTU_MAIN_TOP,4714,2025-12-22 15:56,2025-12-22 15:56,1,J6,0,Shift,USB-C-3.1_16P,,00004714_1.txt,2025-12-22 15:56,2025-12-22 15:56
MV-6E,RTU_MAIN_TOP,4717,2025-12-22 15:58,2025-12-22 15:58,0,LED2,0,LiftedPackage,GREEN-LED1608,,00004717_1.txt,2025-12-22 15:58,2025-12-22 15:58
MV-6E,RTU_MAIN_TOP,4717,2025-12-22 15:58,2025-12-22 15:58,1,Q1,3,WrongPart,KN2222AS,,00004717_1.txt,2025-12-22 15:58,2025-12-22 15:58
MV-6E,RTU_MAIN_TOP,4717,2025-12-22 15:58,2025-12-22 15:58,1,J6,0,LiftedPackage,USB-C-3.1_16P,,00004717_1.txt,2025-12-22 15:58,2025-12-22 15:58
MV-6E,RTU_MAIN_TOP,4719,2025-12-22 15:59,2025-12-22 15:59,1,J6,0,Shift,USB-C-3.1_16P,,00004719_1.txt,2025-12-22 15:59,2025-12-22 15:59
MV-6E,RTU_MAIN_TOP,4719,2025-12-22 15:59,2025-12-22 15:59,1,LED2,0,Tomstone,GREEN-LED1608,,00004719_1.txt,2025-12-22 15:59,2025-12-22 15:59
MV-6E,RTU_MAIN_TOP,4725,2025-12-22 16:02,2025-12-22 16:02,0,Q4,3,WrongPart,KN2222AS,,00004725_1.txt,2025-12-22 16:02,2025-12-22 16:02
MV-6E,RTU_MAIN_TOP,4733,2025-12-22 16:06,2025-12-22 16:06,0,J6,0,Shift,USB-C-3.1_16P,,00004733_1.txt,2025-12-22 16:06,2025-12-22 16:06
MV-6E,RTU_MAIN_TOP,4733,2025-12-22 16:06,2025-12-22 16:06,1,TC1,2,Shift,10uF_16V_3216,,00004733_1.txt,2025-12-22 16:06,2025-12-22 16:06
MV-6E,RTU_MAIN_TOP,4736,2025-12-22 16:08,2025-12-22 16:08,0,U3,1,Shift,NB860,,00004736_1.txt,2025-12-22 16:08,2025-12-22 16:08
MV-6E,RTU_MAIN_TOP,4737,2025-12-22 16:09,2025-12-22 16:09,0,J6,0,Shift,USB-C-3.1_16P,,00004737_1.txt,2025-12-22 16:09,2025-12-22 16:09
MV-6E,RTU_MAIN_TOP,4747,2025-12-22 16:14,2025-12-22 16:14,1,R63,0,Missing,22_J1608,,00004747_1.txt,2025-12-22 16:14,2025-12-22 16:14
MV-6E,RTU_MAIN_TOP,4747,2025-12-22 16:14,2025-12-22 16:14,1,R61,0,Missing,22_J1608,,00004747_1.txt,2025-12-22 16:14,2025-12-22 16:14
MV-6E,RTU_MAIN_TOP,4747,2025-12-22 16:14,2025-12-22 16:14,1,R10,0,Missing,22_J1608,,00004747_1.txt,2025-12-22 16:14,2025-12-22 16:14
MV-6E,RTU_MAIN_TOP,4748,2025-12-22 16:14,2025-12-22 16:14,0,R13,0,Missing,22_J1608,,00004748_1.txt,2025-12-22 16:14,2025-12-22 16:14
MV-6E,RTU_MAIN_TOP,4749,2025-12-22 16:15,2025-12-22 16:15,0,R61,0,Missing,22_J1608,,00004749_1.txt,2025-12-22 16:15,2025-12-22 16:15
MV-6E,RTU_MAIN_TOP,4749,2025-12-22 16:15,2025-12-22 16:15,1,R6,0,Missing,22_J1608,,00004749_1.txt,2025-12-22 16:15,2025-12-22 16:15
MV-6E,RTU_MAIN_TOP,4754,2025-12-22 16:18,2025-12-22 16:18,0,U3,1,Shift,NB860,,00004754_1.txt,2025-12-22 16:18,2025-12-22 16:18
MV-6E,RTU_MAIN_TOP,4757,2025-12-22 16:19,2025-12-22 16:19,1,U5,5,Bridge,A31G224CLN,,00004757_1.txt,2025-12-22 16:19,2025-12-22 16:19
MV-6E,RTU_MAIN_TOP,4758,2025-12-22 16:20,2025-12-22 16:20,0,U3,1,Shift,NB860,,00004758_1.txt,2025-12-22 16:20,2025-12-22 16:20
MV-6E,RTU_MAIN_TOP,4758,2025-12-22 16:20,2025-12-22 16:20,1,U5,5,Bridge,A31G224CLN,,00004758_1.txt,2025-12-22 16:20,2025-12-22 16:20
MV-6E,RTU_MAIN_TOP,4758,2025-12-22 16:20,2025-12-22 16:20,1,J6,0,LiftedPackage,USB-C-3.1_16P,,00004758_1.txt,2025-12-22 16:20,2025-12-22 16:20
MV-6E,RTU_MAIN_TOP,4762,2025-12-22 16:22,2025-12-22 16:22,1,U2,3,Shift,ZLDO1117-3.3,,00004762_1.txt,2025-12-22 16:22,2025-12-22 16:22
MV-6E,RTU_MAIN_TOP,4763,2025-12-22 16:23,2025-12-22 16:23,0,J6,0,Shift,USB-C-3.1_16P,,00004763_1.txt,2025-12-22 16:23,2025-12-22 16:23
MV-6E,RTU_MAIN_TOP,4766,2025-12-22 16:24,2025-12-22 16:24,0,R16,0,Missing,22_J1608,,00004766_1.txt,2025-12-22 16:24,2025-12-22 16:24
MV-6E,RTU_MAIN_TOP,4766,2025-12-22 16:24,2025-12-22 16:24,0,J6,0,Shift,USB-C-3.1_16P,,00004766_1.txt,2025-12-22 16:24,2025-12-22 16:24
MV-6E,RTU_MAIN_TOP,4767,2025-12-22 16:25,2025-12-22 16:25,0,U5,1,InsufficientSolder,A31G224CLN,,00004767_1.txt,2025-12-22 16:25,2025-12-22 16:25
MV-6E,RTU_MAIN_TOP,4767,2025-12-22 16:25,2025-12-22 16:25,0,U5,2,InsufficientSolder,A31G224CLN,,00004767_1.txt,2025-12-22 16:25,2025-12-22 16:25
MV-6E,RTU_MAIN_TOP,4771,2025-12-22 16:27,2025-12-22 16:27,0,Q1,3,WrongPart,KN2222AS,,00004771_1.txt,2025-12-22 16:27,2025-12-22 16:27
MV-6E,RTU_MAIN_TOP,4771,2025-12-22 16:27,2025-12-22 16:27,1,J6,0,Shift,USB-C-3.1_16P,,00004771_1.txt,2025-12-22 16:27,2025-12-22 16:27
MV-6E,RTU_MAIN_TOP,4783,2025-12-22 16:33,2025-12-22 16:33,0,U5,4,InsufficientSolder,A31G224CLN,,00004783_1.txt,2025-12-22 16:33,2025-12-22 16:33
MV-6E,RTU_MAIN_TOP,4785,2025-12-22 16:34,2025-12-22 16:34,0,SW1,2,Shift,IT-1101NHA,,00004785_1.txt,2025-12-22 16:34,2025-12-22 16:34
MV-6E,RTU_MAIN_TOP,4786,2025-12-22 16:35,2025-12-22 16:35,0,U3,1,Shift,NB860,,00004786_1.txt,2025-12-22 16:35,2025-12-22 16:35
MV-6E,RTU_MAIN_TOP,4796,2025-12-22 16:40,2025-12-22 16:40,0,R45,1,InsufficientSolder,10K_J1608,,00004796_1.txt,2025-12-22 16:40,2025-12-22 16:40
MV-6E,RTU_MAIN_TOP,4796,2025-12-22 16:40,2025-12-22 16:40,0,J6,0,LiftedPackage,USB-C-3.1_16P,,00004796_1.txt,2025-12-22 16:40,2025-12-22 16:40
MV-6E,RTU_MAIN_TOP,4796,2025-12-22 16:40,2025-12-22 16:40,1,J6,0,LiftedPackage,USB-C-3.1_16P,,00004796_1.txt,2025-12-22 16:40,2025-12-22 16:40
MV-6E,RTU_MAIN_TOP,4797,2025-12-22 16:41,2025-12-22 16:41,0,J6,0,LiftedPackage,USB-C-3.1_16P,,00004797_1.txt,2025-12-22 16:41,2025-12-22 16:41
MV-6E,RTU_MAIN_TOP,4797,2025-12-22 16:41,2025-12-22 16:41,1,J6,0,LiftedPackage,USB-C-3.1_16P,,00004797_1.txt,2025-12-22 16:41,2025-12-22 16:41
MV-6E,RTU_MAIN_TOP,4800,2025-12-22 16:43,2025-12-22 16:43,0,J6,0,LiftedPackage,USB-C-3.1_16P,,00004800_1.txt,2025-12-22 16:43,2025-12-22 16:43
MV-6E,RTU_MAIN_TOP,4802,2025-12-22 16:44,2025-12-22 16:44,1,LED1,0,Rotate,RED-LED1608,,00004802_1.txt,2025-12-22 16:44,2025-12-22 16:44
MV-6E,RTU_MAIN_TOP,4803,2025-12-22 16:44,2025-12-22 16:44,0,R45,1,InsufficientSolder,10K_J1608,,00004803_1.txt,2025-12-22 16:44,2025-12-22 16:44
MV-6E,RTU_MAIN_TOP,4804,2025-12-22 16:45,2025-12-22 16:45,0,R46,1,InsufficientSolder,10K_J1608,,00004804_1.txt,2025-12-22 16:45,2025-12-22 16:45
MV-6E,RTU_MAIN_TOP,4808,2025-12-22 16:48,2025-12-22 16:48,0,LED2,0,Tomstone,GREEN-LED1608,,00004808_1.txt,2025-12-22 16:48,2025-12-22 16:48
MV-6E,RTU_MAIN_TOP,4816,2025-12-22 16:52,2025-12-22 16:52,0,U5,4,InsufficientSolder,A31G224CLN,,00004816_1.txt,2025-12-22 16:52,2025-12-22 16:52
MV-6E,RTU_MAIN_TOP,4823,2025-12-22 16:56,2025-12-22 16:56,0,J6,0,LiftedPackage,USB-C-3.1_16P,,00004823_1.txt,2025-12-22 16:56,2025-12-22 16:56
MV-6E,RTU_MAIN_TOP,4827,2025-12-22 16:58,2025-12-22 16:58,0,J6,0,LiftedPackage,USB-C-3.1_16P,,00004827_1.txt,2025-12-22 16:58,2025-12-22 16:58
MV-6E,RTU_MAIN_TOP,4827,2025-12-22 16:58,2025-12-22 16:58,1,J6,0,LiftedPackage,USB-C-3.1_16P,,00004827_1.txt,2025-12-22 16:58,2025-12-22 16:58
MV-6E,RTU_MAIN_TOP,4828,2025-12-22 16:59,2025-12-22 16:59,0,Q1,3,WrongPart,KN2222AS,,00004828_1.txt,2025-12-22 16:59,2025-12-22 16:59
MV-6E,RTU_MAIN_TOP,4829,2025-12-22 16:59,2025-12-22 16:59,1,J6,0,Shift,USB-C-3.1_16P,,00004829_1.txt,2025-12-22 16:59,2025-12-22 16:59
MV-6E,RTU_MAIN_TOP,4832,2025-12-22 17:01,2025-12-22 17:01,1,J6,0,Shift,USB-C-3.1_16P,,00004832_1.txt,2025-12-22 17:01,2025-12-22 17:01
MV-6E,RTU_MAIN_TOP,4834,2025-12-22 17:03,2025-12-22 17:03,1,D9,3,WrongPart,1N5819HW-7-F,,00004834_1.txt,2025-12-22 17:03,2025-12-22 17:03
MV-6E,RTU_MAIN_TOP,4837,2025-12-22 17:04,2025-12-22 17:04,1,J6,0,Shift,USB-C-3.1_16P,,00004837_1.txt,2025-12-22 17:04,2025-12-22 17:04
MV-6E,RTU_MAIN_TOP,4839,2025-12-22 17:05,2025-12-22 17:05,1,J6,0,Shift,USB-C-3.1_16P,,00004839_1.txt,2025-12-22 17:05,2025-12-22 17:05
MV-6E,RTU_MAIN_TOP,4842,2025-12-22 17:07,2025-12-22 17:07,1,J6,0,Shift,USB-C-3.1_16P,,00004842_1.txt,2025-12-22 17:07,2025-12-22 17:07
MV-6E,RTU_MAIN_TOP,4842,2025-12-22 17:07,2025-12-22 17:07,1,LED2,0,Tomstone,GREEN-LED1608,,00004842_1.txt,2025-12-22 17:07,2025-12-22 17:07
MV-6E,RTU_MAIN_TOP,4843,2025-12-22 17:07,2025-12-22 17:07,1,J6,0,LiftedPackage,USB-C-3.1_16P,,00004843_1.txt,2025-12-22 17:07,2025-12-22 17:07
MV-6E,RTU_MAIN_TOP,4844,2025-12-22 17:08,2025-12-22 17:08,0,J6,0,Shift,USB-C-3.1_16P,,00004844_1.txt,2025-12-22 17:08,2025-12-22 17:08
MV-6E,RTU_MAIN_TOP,4845,2025-12-22 17:09,2025-12-22 17:09,0,J6,0,Shift,USB-C-3.1_16P,,00004845_1.txt,2025-12-22 17:09,2025-12-22 17:09
MV-6E,RTU_MAIN_TOP,4846,2025-12-22 17:09,2025-12-22 17:09,0,J6,0,LiftedPackage,USB-C-3.1_16P,,00004846_1.txt,2025-12-22 17:09,2025-12-22 17:09
MV-6E,RTU_MAIN_TOP,4848,2025-12-22 17:10,2025-12-22 17:10,1,LED1,0,Tomstone,RED-LED1608,,00004848_1.txt,2025-12-22 17:10,2025-12-22 17:10
MV-6E,RTU_MAIN_TOP,4867,2025-12-22 17:22,2025-12-22 17:22,0,D2,3,WrongPart,1N5819HW-7-F,,00004867_1.txt,2025-12-22 17:22,2025-12-22 17:22
MV-6E,RTU_MAIN_TOP,4869,2025-12-22 17:23,2025-12-22 17:23,1,J6,0,Shift,USB-C-3.1_16P,,00004869_1.txt,2025-12-22 17:23,2025-12-22 17:23
MV-6E,RTU_MAIN_TOP,4876,2025-12-22 17:26,2025-12-22 17:26,1,J6,0,LiftedPackage,USB-C-3.1_16P,,00004876_1.txt,2025-12-22 17:26,2025-12-22 17:26
MV-6E,RTU_MAIN_TOP,4885,2025-12-22 17:31,2025-12-22 17:31,0,J6,0,Shift,USB-C-3.1_16P,,00004885_1.txt,2025-12-22 17:31,2025-12-22 17:31
MV-6E,RTU_MAIN_TOP,4885,2025-12-22 17:31,2025-12-22 17:31,1,J6,0,Shift,USB-C-3.1_16P,,00004885_1.txt,2025-12-22 17:31,2025-12-22 17:31
MV-6E,RTU_MAIN_TOP,4889,2025-12-22 17:33,2025-12-22 17:33,1,J6,0,LiftedPackage,USB-C-3.1_16P,,00004889_1.txt,2025-12-22 17:33,2025-12-22 17:33
MV-6E,RTU_MAIN_TOP,4891,2025-12-22 17:35,2025-12-22 17:35,0,R16,3,WrongPart,22_J1608,,00004891_1.txt,2025-12-22 17:35,2025-12-22 17:35
MV-6E,RTU_MAIN_TOP,4896,2025-12-22 17:37,2025-12-22 17:37,1,J6,0,Shift,USB-C-3.1_16P,,00004896_1.txt,2025-12-22 17:37,2025-12-22 17:37
MV-6E,RTU_MAIN_TOP,4903,2025-12-22 17:41,2025-12-22 17:41,1,D9,3,WrongPart,1N5819HW-7-F,,00004903_1.txt,2025-12-22 17:41,2025-12-22 17:41
MV-6E,RTU_MAIN_TOP,4907,2025-12-22 17:43,2025-12-22 17:43,1,U2,1,InsufficientSolder,ZLDO1117-3.3,,00004907_1.txt,2025-12-22 17:43,2025-12-22 17:43
MV-6E,RTU_MAIN_TOP,4923,2025-12-22 17:53,2025-12-22 17:53,1,LED2,0,Tomstone,GREEN-LED1608,,00004923_1.txt,2025-12-22 17:53,2025-12-22 17:53
MV-6E,RTU_MAIN_TOP,4927,2025-12-22 17:55,2025-12-22 17:55,1,TC1,2,Shift,10uF_16V_3216,,00004927_1.txt,2025-12-22 17:55,2025-12-22 17:55
MV-6E,RTU_MAIN_TOP,4927,2025-12-22 17:55,2025-12-22 17:55,1,J6,0,Shift,USB-C-3.1_16P,,00004927_1.txt,2025-12-22 17:55,2025-12-22 17:55
MV-6E,RTU_MAIN_TOP,4933,2025-12-22 17:58,2025-12-22 17:58,1,LED1,0,Rotate,RED-LED1608,,00004933_1.txt,2025-12-22 17:58,2025-12-22 17:58
MV-6E,RTU_MAIN_TOP,4938,2025-12-22 18:01,2025-12-22 18:01,1,FB3,0,Tilt,BLM18KG601BH1D,,00004938_1.txt,2025-12-22 18:01,2025-12-22 18:01
MV-6E,RTU_MAIN_TOP,4954,2025-12-22 18:09,2025-12-22 18:09,1,J6,0,LiftedPackage,USB-C-3.1_16P,,00004954_1.txt,2025-12-22 18:09,2025-12-22 18:09
MV-6E,RTU_MAIN_TOP,4968,2025-12-22 18:17,2025-12-22 18:17,1,J6,0,LiftedPackage,USB-C-3.1_16P,,00004968_1.txt,2025-12-22 18:17,2025-12-22 18:17
MV-6E,RTU_MAIN_TOP,4973,2025-12-22 18:20,2025-12-22 18:20,0,J6,0,Shift,USB-C-3.1_16P,,00004973_1.txt,2025-12-22 18:20,2025-12-22 18:20
MV-6E,RTU_MAIN_TOP,4978,2025-12-22 18:22,2025-12-22 18:22,1,J6,0,Shift,USB-C-3.1_16P,,00004978_1.txt,2025-12-22 18:22,2025-12-22 18:22
MV-6E,RTU_MAIN_TOP,4979,2025-12-22 18:23,2025-12-22 18:23,1,J6,0,Shift,USB-C-3.1_16P,,00004979_1.txt,2025-12-22 18:23,2025-12-22 18:23
MV-6E,RTU_MAIN_TOP,4983,2025-12-22 18:25,2025-12-22 18:25,0,J6,0,Rotate,USB-C-3.1_16P,,00004983_1.txt,2025-12-22 18:25,2025-12-22 18:25
MV-6E,RTU_MAIN_TOP,4983,2025-12-22 18:25,2025-12-22 18:25,1,J6,0,LiftedPackage,USB-C-3.1_16P,,00004983_1.txt,2025-12-22 18:25,2025-12-22 18:25
MV-6E,RTU_MAIN_TOP,4991,2025-12-22 18:29,2025-12-22 18:29,1,LED2,0,Tomstone,GREEN-LED1608,,00004991_1.txt,2025-12-22 18:29,2025-12-22 18:29
MV-6E,RTU_MAIN_TOP,4993,2025-12-22 18:30,2025-12-22 18:30,1,LED1,0,Tomstone,RED-LED1608,,00004993_1.txt,2025-12-22 18:30,2025-12-22 18:30
MV-6E,RTU_MAIN_TOP,5004,2025-12-22 18:36,2025-12-22 18:36,1,Y1,5,WrongPart,DSX321G(8MHz),,00005004_1.txt,2025-12-22 18:36,2025-12-22 18:36
MV-6E,RTU_MAIN_TOP,5005,2025-12-22 18:37,2025-12-22 18:37,1,J6,0,LiftedPackage,USB-C-3.1_16P,,00005005_1.txt,2025-12-22 18:37,2025-12-22 18:37
MV-6E,RTU_MAIN_TOP,5007,2025-12-22 18:38,2025-12-22 18:38,1,J6,0,Shift,USB-C-3.1_16P,,00005007_1.txt,2025-12-22 18:38,2025-12-22 18:38
MV-6E,RTU_MAIN_TOP,5019,2025-12-22 18:45,2025-12-22 18:45,1,FB5,1,InsufficientSolder,BLM18KG601BH1D,,00005019_1.txt,2025-12-22 18:45,2025-12-22 18:45
MV-6E,RTU_MAIN_TOP,5019,2025-12-22 18:45,2025-12-22 18:45,1,C42,0,Shift,4.7uF_10V_1608,,00005019_1.txt,2025-12-22 18:45,2025-12-22 18:45
MV-6E,RTU_MAIN_TOP,5019,2025-12-22 18:45,2025-12-22 18:45,1,J6,0,Shift,USB-C-3.1_16P,,00005019_1.txt,2025-12-22 18:45,2025-12-22 18:45
MV-6E,RTU_MAIN_TOP,5023,2025-12-22 18:47,2025-12-22 18:47,1,TC1,2,Shift,10uF_16V_3216,,00005023_1.txt,2025-12-22 18:47,2025-12-22 18:47
MV-6E,RTU_MAIN_TOP,5027,2025-12-22 18:49,2025-12-22 18:49,0,R5,3,WrongPart,100_J1608,,00005027_1.txt,2025-12-22 18:49,2025-12-22 18:49
MV-6E,RTU_MAIN_TOP,5031,2025-12-22 18:51,2025-12-22 18:51,0,J6,0,LiftedPackage,USB-C-3.1_16P,,00005031_1.txt,2025-12-22 18:51,2025-12-22 18:51
MV-6E,RTU_MAIN_TOP,5042,2025-12-22 18:57,2025-12-22 18:57,1,J6,0,Shift,USB-C-3.1_16P,,00005042_1.txt,2025-12-22 18:57,2025-12-22 18:57
MV-6E,RTU_MAIN_TOP,5045,2025-12-22 18:59,2025-12-22 18:59,0,LED2,0,Tomstone,GREEN-LED1608,,00005045_1.txt,2025-12-22 18:59,2025-12-22 18:59
MV-6E,RTU_MAIN_TOP,5045,2025-12-22 18:59,2025-12-22 18:59,0,D2,3,WrongPart,1N5819HW-7-F,,00005045_1.txt,2025-12-22 18:59,2025-12-22 18:59
MV-6E,RTU_MAIN_TOP,5049,2025-12-22 19:01,2025-12-22 19:01,1,FB3,0,Tilt,BLM18KG601BH1D,,00005049_1.txt,2025-12-22 19:01,2025-12-22 19:01
MV-6E,RTU_MAIN_TOP,5050,2025-12-22 19:01,2025-12-22 19:01,0,J6,0,Shift,USB-C-3.1_16P,,00005050_1.txt,2025-12-22 19:01,2025-12-22 19:01
MV-6E,RTU_MAIN_TOP,5054,2025-12-22 19:04,2025-12-22 19:04,0,U5,4,InsufficientSolder,A31G224CLN,,00005054_1.txt,2025-12-22 19:04,2025-12-22 19:04
MV-6E,RTU_MAIN_TOP,5057,2025-12-22 19:10,2025-12-22 19:10,0,J6,0,Shift,USB-C-3.1_16P,,00005057_1.txt,2025-12-22 19:10,2025-12-22 19:10
MV-6E,RTU_MAIN_TOP,5057,2025-12-22 19:10,2025-12-22 19:10,1,J6,0,LiftedPackage,USB-C-3.1_16P,,00005057_1.txt,2025-12-22 19:10,2025-12-22 19:10
MV-6E,RTU_MAIN_TOP,5062,2025-12-22 19:11,2025-12-22 19:11,0,J6,0,LiftedPackage,USB-C-3.1_16P,,00005062_1.txt,2025-12-22 19:11,2025-12-22 19:11
MV-6E,RTU_MAIN_TOP,5062,2025-12-22 19:11,2025-12-22 19:11,1,J6,0,Shift,USB-C-3.1_16P,,00005062_1.txt,2025-12-22 19:11,2025-12-22 19:11
MV-6E,RTU_MAIN_TOP,5063,2025-12-22 19:12,2025-12-22 19:12,0,TC1,2,LiftedPackage,10uF_16V_3216,,00005063_1.txt,2025-12-22 19:12,2025-12-22 19:12
MV-6E,RTU_MAIN_TOP,5066,2025-12-23 8:36,2025-12-23 8:36,1,U5,4,InsufficientSolder,A31G224CLN,,00005066_1.txt,2025-12-23 8:36,2025-12-23 8:36
MV-6E,RTU_MAIN_TOP,5070,2025-12-23 8:38,2025-12-23 8:38,1,U5,4,InsufficientSolder,A31G224CLN,,00005070_1.txt,2025-12-23 8:38,2025-12-23 8:38
MV-6E,RTU_MAIN_TOP,5078,2025-12-23 8:42,2025-12-23 8:42,0,U5,4,InsufficientSolder,A31G224CLN,,00005078_1.txt,2025-12-23 8:42,2025-12-23 8:42
MV-6E,RTU_MAIN_TOP,5078,2025-12-23 8:42,2025-12-23 8:42,1,U5,4,InsufficientSolder,A31G224CLN,,00005078_1.txt,2025-12-23 8:42,2025-12-23 8:42
MV-6E,RTU_MAIN_TOP,5081,2025-12-23 8:44,2025-12-23 8:44,1,U5,4,InsufficientSolder,A31G224CLN,,00005081_1.txt,2025-12-23 8:44,2025-12-23 8:44
MV-6E,RTU_MAIN_TOP,5082,2025-12-23 8:44,2025-12-23 8:44,0,U5,4,InsufficientSolder,A31G224CLN,,00005082_1.txt,2025-12-23 8:44,2025-12-23 8:44
MV-6E,RTU_MAIN_TOP,5083,2025-12-23 8:45,2025-12-23 8:45,0,U5,4,InsufficientSolder,A31G224CLN,,00005083_1.txt,2025-12-23 8:45,2025-12-23 8:45
MV-6E,RTU_MAIN_TOP,5088,2025-12-23 8:48,2025-12-23 8:48,1,FB5,1,InsufficientSolder,BLM18KG601BH1D,,00005088_1.txt,2025-12-23 8:48,2025-12-23 8:48
MV-6E,RTU_MAIN_TOP,5088,2025-12-23 8:48,2025-12-23 8:48,1,J6,0,Shift,USB-C-3.1_16P,,00005088_1.txt,2025-12-23 8:48,2025-12-23 8:48
MV-6E,RTU_MAIN_TOP,5092,2025-12-23 8:50,2025-12-23 8:50,0,J6,0,Shift,USB-C-3.1_16P,,00005092_1.txt,2025-12-23 8:50,2025-12-23 8:50
MV-6E,RTU_MAIN_TOP,5099,2025-12-23 8:53,2025-12-23 8:53,1,C17,0,Tilt,8pF_50V_1608,,00005099_1.txt,2025-12-23 8:53,2025-12-23 8:53
MV-6E,RTU_MAIN_TOP,5108,2025-12-23 8:58,2025-12-23 8:58,1,D9,2,LiftedPackage,1N5819HW-7-F,,00005108_1.txt,2025-12-23 8:58,2025-12-23 8:58
MV-6E,RTU_MAIN_TOP,5109,2025-12-23 8:59,2025-12-23 8:59,1,J6,0,LiftedPackage,USB-C-3.1_16P,,00005109_1.txt,2025-12-23 8:59,2025-12-23 8:59
MV-6E,RTU_MAIN_TOP,5113,2025-12-23 9:01,2025-12-23 9:01,1,R63,3,WrongPart,22_J1608,,00005113_1.txt,2025-12-23 9:01,2025-12-23 9:01
MV-6E,RTU_MAIN_TOP,5115,2025-12-23 9:02,2025-12-23 9:02,0,J6,0,Shift,USB-C-3.1_16P,,00005115_1.txt,2025-12-23 9:02,2025-12-23 9:02
MV-6E,RTU_MAIN_TOP,5115,2025-12-23 9:02,2025-12-23 9:02,1,J6,0,Shift,USB-C-3.1_16P,,00005115_1.txt,2025-12-23 9:02,2025-12-23 9:02
MV-6E,RTU_MAIN_TOP,5116,2025-12-23 9:03,2025-12-23 9:03,1,U2,1,InsufficientSolder,ZLDO1117-3.3,,00005116_1.txt,2025-12-23 9:03,2025-12-23 9:03
MV-6E,RTU_MAIN_TOP,5130,2025-12-23 9:11,2025-12-23 9:11,0,J6,0,Shift,USB-C-3.1_16P,,00005130_1.txt,2025-12-23 9:11,2025-12-23 9:11
MV-6E,RTU_MAIN_TOP,5133,2025-12-23 9:12,2025-12-23 9:12,0,J6,0,Shift,USB-C-3.1_16P,,00005133_1.txt,2025-12-23 9:12,2025-12-23 9:12
MV-6E,RTU_MAIN_TOP,5142,2025-12-23 9:17,2025-12-23 9:17,0,R63,0,Missing,22_J1608,,00005142_1.txt,2025-12-23 9:17,2025-12-23 9:17
MV-6E,RTU_MAIN_TOP,5142,2025-12-23 9:17,2025-12-23 9:17,0,R63,3,WrongPart,22_J1608,,00005142_1.txt,2025-12-23 9:17,2025-12-23 9:17
MV-6E,RTU_MAIN_TOP,5142,2025-12-23 9:17,2025-12-23 9:17,0,C42,1,InsufficientSolder,4.7uF_10V_1608,,00005142_1.txt,2025-12-23 9:17,2025-12-23 9:17
MV-6E,RTU_MAIN_TOP,5142,2025-12-23 9:17,2025-12-23 9:17,0,R62,0,Shift,22_J1608,,00005142_1.txt,2025-12-23 9:17,2025-12-23 9:17
MV-6E,RTU_MAIN_TOP,5142,2025-12-23 9:17,2025-12-23 9:17,0,J6,0,Shift,USB-C-3.1_16P,,00005142_1.txt,2025-12-23 9:17,2025-12-23 9:17
MV-6E,RTU_MAIN_TOP,5143,2025-12-23 9:18,2025-12-23 9:18,0,U5,2,Bridge,A31G224CLN,,00005143_1.txt,2025-12-23 9:18,2025-12-23 9:18
MV-6E,RTU_MAIN_TOP,5143,2025-12-23 9:18,2025-12-23 9:18,1,J6,0,Shift,USB-C-3.1_16P,,00005143_1.txt,2025-12-23 9:18,2025-12-23 9:18
MV-6E,RTU_MAIN_TOP,5148,2025-12-23 9:20,2025-12-23 9:20,1,J6,0,Shift,USB-C-3.1_16P,,00005148_1.txt,2025-12-23 9:20,2025-12-23 9:20
MV-6E,RTU_MAIN_TOP,5151,2025-12-23 9:22,2025-12-23 9:22,0,LED1,0,Rotate,RED-LED1608,,00005151_1.txt,2025-12-23 9:22,2025-12-23 9:22
MV-6E,RTU_MAIN_TOP,5151,2025-12-23 9:22,2025-12-23 9:22,0,J6,0,Shift,USB-C-3.1_16P,,00005151_1.txt,2025-12-23 9:22,2025-12-23 9:22
MV-6E,RTU_MAIN_TOP,5152,2025-12-23 9:23,2025-12-23 9:23,1,J6,0,LiftedPackage,USB-C-3.1_16P,,00005152_1.txt,2025-12-23 9:23,2025-12-23 9:23
MV-6E,RTU_MAIN_TOP,5154,2025-12-23 9:25,2025-12-23 9:25,1,U5,2,Bridge,A31G224CLN,,00005154_1.txt,2025-12-23 9:25,2025-12-23 9:25
MV-6E,RTU_MAIN_TOP,5154,2025-12-23 9:25,2025-12-23 9:25,1,J6,0,LiftedPackage,USB-C-3.1_16P,,00005154_1.txt,2025-12-23 9:25,2025-12-23 9:25
MV-6E,RTU_MAIN_TOP,5165,2025-12-23 9:30,2025-12-23 9:30,0,J6,0,Shift,USB-C-3.1_16P,,00005165_1.txt,2025-12-23 9:30,2025-12-23 9:30
MV-6E,RTU_MAIN_TOP,5167,2025-12-23 9:31,2025-12-23 9:31,1,J6,0,Shift,USB-C-3.1_16P,,00005167_1.txt,2025-12-23 9:31,2025-12-23 9:31
MV-6E,RTU_MAIN_TOP,5198,2025-12-23 9:49,2025-12-23 9:49,1,J6,0,LiftedPackage,USB-C-3.1_16P,,00005198_1.txt,2025-12-23 9:49,2025-12-23 9:49
MV-6E,RTU_MAIN_TOP,5204,2025-12-23 9:52,2025-12-23 9:52,1,U5,2,InsufficientSolder,A31G224CLN,,00005204_1.txt,2025-12-23 9:52,2025-12-23 9:52
MV-6E,RTU_MAIN_TOP,5209,2025-12-23 9:55,2025-12-23 9:55,0,LED2,0,Tomstone,GREEN-LED1608,,00005209_1.txt,2025-12-23 9:55,2025-12-23 9:55
MV-6E,RTU_MAIN_TOP,5228,2025-12-23 10:06,2025-12-23 10:06,1,J6,0,Shift,USB-C-3.1_16P,,00005228_1.txt,2025-12-23 10:06,2025-12-23 10:06
MV-6E,RTU_MAIN_TOP,5235,2025-12-23 10:10,2025-12-23 10:10,0,LED2,0,Tomstone,GREEN-LED1608,,00005235_1.txt,2025-12-23 10:10,2025-12-23 10:10
MV-6E,RTU_MAIN_TOP,5240,2025-12-23 10:13,2025-12-23 10:13,0,U5,1,InsufficientSolder,A31G224CLN,,00005240_1.txt,2025-12-23 10:13,2025-12-23 10:13
MV-6E,RTU_MAIN_TOP,5242,2025-12-23 10:14,2025-12-23 10:14,0,LED1,0,Rotate,RED-LED1608,,00005242_1.txt,2025-12-23 10:14,2025-12-23 10:14
MV-6E,RTU_MAIN_TOP,5242,2025-12-23 10:14,2025-12-23 10:14,0,LED2,0,Tomstone,GREEN-LED1608,,00005242_1.txt,2025-12-23 10:14,2025-12-23 10:14
MV-6E,RTU_MAIN_TOP,5242,2025-12-23 10:14,2025-12-23 10:14,1,U5,4,InsufficientSolder,A31G224CLN,,00005242_1.txt,2025-12-23 10:14,2025-12-23 10:14
MV-6E,RTU_MAIN_TOP,5243,2025-12-23 10:14,2025-12-23 10:14,0,U2,1,InsufficientSolder,ZLDO1117-3.3,,00005243_1.txt,2025-12-23 10:14,2025-12-23 10:14
MV-6E,RTU_MAIN_TOP,5244,2025-12-23 10:15,2025-12-23 10:15,0,J6,0,LiftedPackage,USB-C-3.1_16P,,00005244_1.txt,2025-12-23 10:15,2025-12-23 10:15
MV-6E,RTU_MAIN_TOP,5244,2025-12-23 10:15,2025-12-23 10:15,1,J6,0,LiftedPackage,USB-C-3.1_16P,,00005244_1.txt,2025-12-23 10:15,2025-12-23 10:15
MV-6E,RTU_MAIN_TOP,5245,2025-12-23 10:15,2025-12-23 10:15,1,J6,0,Shift,USB-C-3.1_16P,,00005245_1.txt,2025-12-23 10:15,2025-12-23 10:15
MV-6E,RTU_MAIN_TOP,5248,2025-12-23 10:17,2025-12-23 10:17,1,J6,0,Shift,USB-C-3.1_16P,,00005248_1.txt,2025-12-23 10:17,2025-12-23 10:17
MV-6E,RTU_MAIN_TOP,5254,2025-12-23 10:20,2025-12-23 10:20,0,J6,0,Shift,USB-C-3.1_16P,,00005254_1.txt,2025-12-23 10:20,2025-12-23 10:20
MV-6E,RTU_MAIN_TOP,5256,2025-12-23 10:21,2025-12-23 10:21,0,C4,2,InsufficientSolder,100nF_100V_1608,,00005256_1.txt,2025-12-23 10:21,2025-12-23 10:21
MV-6E,RTU_MAIN_TOP,5258,2025-12-23 10:22,2025-12-23 10:22,1,D9,3,WrongPart,1N5819HW-7-F,,00005258_1.txt,2025-12-23 10:22,2025-12-23 10:22
MV-6E,RTU_MAIN_TOP,5263,2025-12-23 10:25,2025-12-23 10:25,1,J6,0,Shift,USB-C-3.1_16P,,00005263_1.txt,2025-12-23 10:25,2025-12-23 10:25
MV-6E,RTU_MAIN_TOP,5270,2025-12-23 10:29,2025-12-23 10:29,0,LED2,0,Tomstone,GREEN-LED1608,,00005270_1.txt,2025-12-23 10:29,2025-12-23 10:29
MV-6E,RTU_MAIN_TOP,5273,2025-12-23 10:31,2025-12-23 10:31,0,U5,4,InsufficientSolder,A31G224CLN,,00005273_1.txt,2025-12-23 10:31,2025-12-23 10:31
MV-6E,RTU_MAIN_TOP,5278,2025-12-23 10:33,2025-12-23 10:33,1,U5,2,InsufficientSolder,A31G224CLN,,00005278_1.txt,2025-12-23 10:33,2025-12-23 10:33
MV-6E,RTU_MAIN_TOP,5282,2025-12-23 10:35,2025-12-23 10:35,0,Q4,3,WrongPart,KN2222AS,,00005282_1.txt,2025-12-23 10:35,2025-12-23 10:35
MV-6E,RTU_MAIN_TOP,5302,2025-12-23 10:46,2025-12-23 10:46,0,J6,0,Shift,USB-C-3.1_16P,,00005302_1.txt,2025-12-23 10:46,2025-12-23 10:46
MV-6E,RTU_MAIN_TOP,5303,2025-12-23 10:47,2025-12-23 10:47,1,U5,2,Bridge,A31G224CLN,,00005303_1.txt,2025-12-23 10:47,2025-12-23 10:47
MV-6E,RTU_MAIN_TOP,5309,2025-12-23 10:50,2025-12-23 10:50,0,J6,0,Shift,USB-C-3.1_16P,,00005309_1.txt,2025-12-23 10:50,2025-12-23 10:50
MV-6E,RTU_MAIN_TOP,5316,2025-12-23 10:54,2025-12-23 10:54,1,LED2,0,Tomstone,GREEN-LED1608,,00005316_1.txt,2025-12-23 10:54,2025-12-23 10:54
MV-6E,RTU_MAIN_TOP,5318,2025-12-23 10:55,2025-12-23 10:55,1,J6,0,LiftedPackage,USB-C-3.1_16P,,00005318_1.txt,2025-12-23 10:55,2025-12-23 10:55
MV-6E,RTU_MAIN_TOP,5319,2025-12-23 10:56,2025-12-23 10:56,1,J6,0,LiftedPackage,USB-C-3.1_16P,,00005319_1.txt,2025-12-23 10:56,2025-12-23 10:56
MV-6E,RTU_MAIN_TOP,5320,2025-12-23 10:56,2025-12-23 10:56,0,LED2,0,Tomstone,GREEN-LED1608,,00005320_1.txt,2025-12-23 10:56,2025-12-23 10:56
MV-6E,RTU_MAIN_TOP,5324,2025-12-23 10:58,2025-12-23 10:58,1,Q1,3,WrongPart,KN2222AS,,00005324_1.txt,2025-12-23 10:58,2025-12-23 10:58
MV-6E,RTU_MAIN_TOP,5324,2025-12-23 10:58,2025-12-23 10:58,1,U5,4,InsufficientSolder,A31G224CLN,,00005324_1.txt,2025-12-23 10:58,2025-12-23 10:58
MV-6E,RTU_MAIN_TOP,5329,2025-12-23 11:01,2025-12-23 11:01,1,Q1,2,LiftedSolder,KN2222AS,,00005329_1.txt,2025-12-23 11:01,2025-12-23 11:01
MV-6E,RTU_MAIN_TOP,5329,2025-12-23 11:01,2025-12-23 11:01,1,U5,1,InsufficientSolder,A31G224CLN,,00005329_1.txt,2025-12-23 11:01,2025-12-23 11:01
MV-6E,RTU_MAIN_TOP,5331,2025-12-23 11:02,2025-12-23 11:02,0,J6,0,Shift,USB-C-3.1_16P,,00005331_1.txt,2025-12-23 11:02,2025-12-23 11:02
MV-6E,RTU_MAIN_TOP,5331,2025-12-23 11:02,2025-12-23 11:02,1,U3,0,WrongPart,NB860,,00005331_1.txt,2025-12-23 11:02,2025-12-23 11:02
MV-6E,RTU_MAIN_TOP,5334,2025-12-23 11:04,2025-12-23 11:04,0,R5,3,WrongPart,100_J1608,,00005334_1.txt,2025-12-23 11:04,2025-12-23 11:04
MV-6E,RTU_MAIN_TOP,5334,2025-12-23 11:04,2025-12-23 11:04,1,LED2,0,Tomstone,GREEN-LED1608,,00005334_1.txt,2025-12-23 11:04,2025-12-23 11:04
MV-6E,RTU_MAIN_TOP,5335,2025-12-23 11:04,2025-12-23 11:04,1,U2,1,InsufficientSolder,ZLDO1117-3.3,,00005335_1.txt,2025-12-23 11:04,2025-12-23 11:04
MV-6E,RTU_MAIN_TOP,5337,2025-12-23 11:06,2025-12-23 11:06,1,J6,0,LiftedPackage,USB-C-3.1_16P,,00005337_1.txt,2025-12-23 11:06,2025-12-23 11:06
MV-6E,RTU_MAIN_TOP,5340,2025-12-23 11:07,2025-12-23 11:07,0,J6,0,LiftedPackage,USB-C-3.1_16P,,00005340_1.txt,2025-12-23 11:07,2025-12-23 11:07
MV-6E,RTU_MAIN_TOP,5345,2025-12-23 11:10,2025-12-23 11:10,1,LED2,0,Tomstone,GREEN-LED1608,,00005345_1.txt,2025-12-23 11:10,2025-12-23 11:10
MV-6E,RTU_MAIN_TOP,5348,2025-12-23 11:11,2025-12-23 11:11,1,U5,2,InsufficientSolder,A31G224CLN,,00005348_1.txt,2025-12-23 11:11,2025-12-23 11:11
MV-6E,RTU_MAIN_TOP,5349,2025-12-23 11:12,2025-12-23 11:12,1,J6,0,Shift,USB-C-3.1_16P,,00005349_1.txt,2025-12-23 11:12,2025-12-23 11:12
MV-6E,RTU_MAIN_TOP,5351,2025-12-23 11:13,2025-12-23 11:13,1,R57,0,Missing,1K_J1608,,00005351_1.txt,2025-12-23 11:13,2025-12-23 11:13
MV-6E,RTU_MAIN_TOP,5360,2025-12-23 11:18,2025-12-23 11:18,1,J6,0,LiftedPackage,USB-C-3.1_16P,,00005360_1.txt,2025-12-23 11:18,2025-12-23 11:18
MV-6E,RTU_MAIN_TOP,5361,2025-12-23 11:18,2025-12-23 11:18,1,Y1,0,Missing,DSX321G(8MHz),,00005361_1.txt,2025-12-23 11:18,2025-12-23 11:18
MV-6E,RTU_MAIN_TOP,5361,2025-12-23 11:18,2025-12-23 11:18,1,LED2,0,Tomstone,GREEN-LED1608,,00005361_1.txt,2025-12-23 11:18,2025-12-23 11:18
MV-6E,RTU_MAIN_TOP,5374,2025-12-23 11:26,2025-12-23 11:26,0,Q1,3,WrongPart,KN2222AS,,00005374_1.txt,2025-12-23 11:26,2025-12-23 11:26
MV-6E,RTU_MAIN_TOP,5374,2025-12-23 11:26,2025-12-23 11:26,0,U5,4,InsufficientSolder,A31G224CLN,,00005374_1.txt,2025-12-23 11:26,2025-12-23 11:26
MV-6E,RTU_MAIN_TOP,5375,2025-12-23 11:26,2025-12-23 11:26,0,U5,4,InsufficientSolder,A31G224CLN,,00005375_1.txt,2025-12-23 11:26,2025-12-23 11:26
MV-6E,RTU_MAIN_TOP,5386,2025-12-23 11:32,2025-12-23 11:32,0,LED2,0,Tomstone,GREEN-LED1608,,00005386_1.txt,2025-12-23 11:32,2025-12-23 11:32
MV-6E,RTU_MAIN_TOP,5389,2025-12-23 11:34,2025-12-23 11:34,0,LED2,0,Tomstone,GREEN-LED1608,,00005389_1.txt,2025-12-23 11:34,2025-12-23 11:34
MV-6E,RTU_MAIN_TOP,5390,2025-12-23 11:34,2025-12-23 11:34,0,J6,0,Rotate,USB-C-3.1_16P,,00005390_1.txt,2025-12-23 11:34,2025-12-23 11:34
MV-6E,RTU_MAIN_TOP,5390,2025-12-23 11:34,2025-12-23 11:34,1,D9,3,WrongPart,1N5819HW-7-F,,00005390_1.txt,2025-12-23 11:34,2025-12-23 11:34
MV-6E,RTU_MAIN_TOP,5392,2025-12-23 11:36,2025-12-23 11:36,1,U5,4,InsufficientSolder,A31G224CLN,,00005392_1.txt,2025-12-23 11:36,2025-12-23 11:36
MV-6E,RTU_MAIN_TOP,5394,2025-12-23 11:37,2025-12-23 11:37,1,U5,4,InsufficientSolder,A31G224CLN,,00005394_1.txt,2025-12-23 11:37,2025-12-23 11:37
MV-6E,RTU_MAIN_TOP,5394,2025-12-23 11:37,2025-12-23 11:37,1,J6,0,Shift,USB-C-3.1_16P,,00005394_1.txt,2025-12-23 11:37,2025-12-23 11:37
MV-6E,RTU_MAIN_TOP,5395,2025-12-23 11:37,2025-12-23 11:37,0,U5,4,InsufficientSolder,A31G224CLN,,00005395_1.txt,2025-12-23 11:37,2025-12-23 11:37
MV-6E,RTU_MAIN_TOP,5395,2025-12-23 11:37,2025-12-23 11:37,0,J6,0,Shift,USB-C-3.1_16P,,00005395_1.txt,2025-12-23 11:37,2025-12-23 11:37
MV-6E,RTU_MAIN_TOP,5400,2025-12-23 11:40,2025-12-23 11:40,0,LED1,0,Rotate,RED-LED1608,,00005400_1.txt,2025-12-23 11:40,2025-12-23 11:40
MV-6E,RTU_MAIN_TOP,5401,2025-12-23 11:40,2025-12-23 11:40,0,J6,0,Shift,USB-C-3.1_16P,,00005401_1.txt,2025-12-23 11:40,2025-12-23 11:40
MV-6E,RTU_MAIN_TOP,5402,2025-12-23 11:41,2025-12-23 11:41,0,Q1,1,LiftedSolder,KN2222AS,,00005402_1.txt,2025-12-23 11:41,2025-12-23 11:41
MV-6E,RTU_MAIN_TOP,5402,2025-12-23 11:41,2025-12-23 11:41,0,U5,0,WrongPart,A31G224CLN,,00005402_1.txt,2025-12-23 11:41,2025-12-23 11:41
MV-6E,RTU_MAIN_TOP,5402,2025-12-23 11:41,2025-12-23 11:41,0,J6,0,LiftedPackage,USB-C-3.1_16P,,00005402_1.txt,2025-12-23 11:41,2025-12-23 11:41
MV-6E,RTU_MAIN_TOP,5404,2025-12-23 11:42,2025-12-23 11:42,0,J6,0,Shift,USB-C-3.1_16P,,00005404_1.txt,2025-12-23 11:42,2025-12-23 11:42
MV-6E,RTU_MAIN_TOP,5406,2025-12-23 11:43,2025-12-23 11:43,1,J6,0,LiftedPackage,USB-C-3.1_16P,,00005406_1.txt,2025-12-23 11:43,2025-12-23 11:43
MV-6E,RTU_MAIN_TOP,5408,2025-12-23 11:44,2025-12-23 11:44,1,D2,3,WrongPart,1N5819HW-7-F,,00005408_1.txt,2025-12-23 11:44,2025-12-23 11:44
MV-6E,RTU_MAIN_TOP,5410,2025-12-23 11:45,2025-12-23 11:45,0,D9,3,WrongPart,1N5819HW-7-F,,00005410_1.txt,2025-12-23 11:45,2025-12-23 11:45
MV-6E,RTU_MAIN_TOP,5410,2025-12-23 11:45,2025-12-23 11:45,1,J6,0,Shift,USB-C-3.1_16P,,00005410_1.txt,2025-12-23 11:45,2025-12-23 11:45
MV-6E,RTU_MAIN_TOP,5417,2025-12-23 11:49,2025-12-23 11:49,1,U2,1,InsufficientSolder,ZLDO1117-3.3,,00005417_1.txt,2025-12-23 11:49,2025-12-23 11:49
MV-6E,RTU_MAIN_TOP,5427,2025-12-23 11:54,2025-12-23 11:54,0,LED2,0,Tomstone,GREEN-LED1608,,00005427_1.txt,2025-12-23 11:54,2025-12-23 11:54
MV-6E,RTU_MAIN_TOP,5432,2025-12-23 11:58,2025-12-23 11:58,0,U5,4,InsufficientSolder,A31G224CLN,,00005432_1.txt,2025-12-23 11:58,2025-12-23 11:58
MV-6E,RTU_MAIN_TOP,5432,2025-12-23 11:58,2025-12-23 11:58,1,U5,4,InsufficientSolder,A31G224CLN,,00005432_1.txt,2025-12-23 11:58,2025-12-23 11:58
MV-6E,RTU_MAIN_TOP,5433,2025-12-23 11:58,2025-12-23 11:58,1,D9,2,LiftedPackage,1N5819HW-7-F,,00005433_1.txt,2025-12-23 11:58,2025-12-23 11:58
MV-6E,RTU_MAIN_TOP,5433,2025-12-23 11:58,2025-12-23 11:58,1,D9,3,WrongPart,1N5819HW-7-F,,00005433_1.txt,2025-12-23 11:58,2025-12-23 11:58
MV-6E,RTU_MAIN_TOP,5439,2025-12-23 12:01,2025-12-23 12:01,1,J6,0,Shift,USB-C-3.1_16P,,00005439_1.txt,2025-12-23 12:01,2025-12-23 12:01
MV-6E,RTU_MAIN_TOP,5440,2025-12-23 12:02,2025-12-23 12:02,0,D2,3,WrongPart,1N5819HW-7-F,,00005440_1.txt,2025-12-23 12:02,2025-12-23 12:02
MV-6E,RTU_MAIN_TOP,5440,2025-12-23 12:02,2025-12-23 12:02,1,U5,4,InsufficientSolder,A31G224CLN,,00005440_1.txt,2025-12-23 12:02,2025-12-23 12:02
MV-6E,RTU_MAIN_TOP,5444,2025-12-23 14:16,2025-12-23 14:16,0,J6,0,LiftedPackage,USB-C-3.1_16P,,00005444_1.txt,2025-12-23 14:16,2025-12-23 14:16
MV-6E,RTU_MAIN_TOP,5449,2025-12-23 14:19,2025-12-23 14:19,0,J6,0,LiftedPackage,USB-C-3.1_16P,,00005449_1.txt,2025-12-23 14:19,2025-12-23 14:19
MV-6E,RTU_MAIN_TOP,5449,2025-12-23 14:19,2025-12-23 14:19,1,J6,0,LiftedPackage,USB-C-3.1_16P,,00005449_1.txt,2025-12-23 14:19,2025-12-23 14:19
MV-6E,RTU_MAIN_TOP,5455,2025-12-23 14:22,2025-12-23 14:22,1,Q1,1,LiftedSolder,KN2222AS,,00005455_1.txt,2025-12-23 14:22,2025-12-23 14:22
MV-6E,RTU_MAIN_TOP,5459,2025-12-23 14:24,2025-12-23 14:24,1,C33,0,Rotate,100nF_100V_1608,,00005459_1.txt,2025-12-23 14:24,2025-12-23 14:24
MV-6E,RTU_MAIN_TOP,5463,2025-12-23 14:27,2025-12-23 14:27,1,U5,4,InsufficientSolder,A31G224CLN,,00005463_1.txt,2025-12-23 14:27,2025-12-23 14:27
MV-6E,RTU_MAIN_TOP,5464,2025-12-23 14:27,2025-12-23 14:27,1,U5,4,InsufficientSolder,A31G224CLN,,00005464_1.txt,2025-12-23 14:27,2025-12-23 14:27
MV-6E,RTU_MAIN_TOP,5476,2025-12-23 14:34,2025-12-23 14:34,0,D9,3,WrongPart,1N5819HW-7-F,,00005476_1.txt,2025-12-23 14:34,2025-12-23 14:34
MV-6E,RTU_MAIN_TOP,5480,2025-12-23 14:36,2025-12-23 14:36,0,J6,0,LiftedPackage,USB-C-3.1_16P,,00005480_1.txt,2025-12-23 14:36,2025-12-23 14:36
MV-6E,RTU_MAIN_TOP,5480,2025-12-23 14:36,2025-12-23 14:36,1,J6,0,LiftedPackage,USB-C-3.1_16P,,00005480_1.txt,2025-12-23 14:36,2025-12-23 14:36
MV-6E,RTU_MAIN_TOP,5480,2025-12-23 14:36,2025-12-23 14:36,1,D2,3,WrongPart,1N5819HW-7-F,,00005480_1.txt,2025-12-23 14:36,2025-12-23 14:36
MV-6E,RTU_MAIN_TOP,5481,2025-12-23 14:37,2025-12-23 14:37,1,U5,1,Bridge,A31G224CLN,,00005481_1.txt,2025-12-23 14:37,2025-12-23 14:37
MV-6E,RTU_MAIN_TOP,5482,2025-12-23 14:37,2025-12-23 14:37,1,U5,1,Bridge,A31G224CLN,,00005482_1.txt,2025-12-23 14:37,2025-12-23 14:37
MV-6E,RTU_MAIN_TOP,5482,2025-12-23 14:37,2025-12-23 14:37,1,U5,2,Bridge,A31G224CLN,,00005482_1.txt,2025-12-23 14:37,2025-12-23 14:37
MV-6E,RTU_MAIN_TOP,5483,2025-12-23 14:38,2025-12-23 14:38,1,U5,1,Bridge,A31G224CLN,,00005483_1.txt,2025-12-23 14:38,2025-12-23 14:38
MV-6E,RTU_MAIN_TOP,5484,2025-12-23 14:38,2025-12-23 14:38,1,U5,2,Bridge,A31G224CLN,,00005484_1.txt,2025-12-23 14:38,2025-12-23 14:38
MV-6E,RTU_MAIN_TOP,5487,2025-12-23 14:40,2025-12-23 14:40,1,U5,4,InsufficientSolder,A31G224CLN,,00005487_1.txt,2025-12-23 14:40,2025-12-23 14:40
MV-6E,RTU_MAIN_TOP,5491,2025-12-23 14:42,2025-12-23 14:42,0,LED2,0,LiftedPackage,GREEN-LED1608,,00005491_1.txt,2025-12-23 14:42,2025-12-23 14:42
MV-6E,RTU_MAIN_TOP,5500,2025-12-23 14:47,2025-12-23 14:47,1,Q1,3,WrongPart,KN2222AS,,00005500_1.txt,2025-12-23 14:47,2025-12-23 14:47
MV-6E,RTU_MAIN_TOP,5501,2025-12-23 14:48,2025-12-23 14:48,0,U5,4,InsufficientSolder,A31G224CLN,,00005501_1.txt,2025-12-23 14:48,2025-12-23 14:48
MV-6E,RTU_MAIN_TOP,5502,2025-12-23 14:48,2025-12-23 14:48,0,U3,1,Shift,NB860,,00005502_1.txt,2025-12-23 14:48,2025-12-23 14:48
MV-6E,RTU_MAIN_TOP,5510,2025-12-23 14:52,2025-12-23 14:52,1,LED1,0,Tomstone,RED-LED1608,,00005510_1.txt,2025-12-23 14:52,2025-12-23 14:52
MV-6E,RTU_MAIN_TOP,5514,2025-12-23 14:55,2025-12-23 14:55,0,R63,1,InsufficientSolder,22_J1608,,00005514_1.txt,2025-12-23 14:55,2025-12-23 14:55
MV-6E,RTU_MAIN_TOP,5514,2025-12-23 14:55,2025-12-23 14:55,0,J6,0,Shift,USB-C-3.1_16P,,00005514_1.txt,2025-12-23 14:55,2025-12-23 14:55
MV-6E,RTU_MAIN_TOP,5517,2025-12-23 14:56,2025-12-23 14:56,1,J6,0,Shift,USB-C-3.1_16P,,00005517_1.txt,2025-12-23 14:56,2025-12-23 14:56
MV-6E,RTU_MAIN_TOP,5520,2025-12-23 14:58,2025-12-23 14:58,1,Q1,1,LiftedSolder,KN2222AS,,00005520_1.txt,2025-12-23 14:58,2025-12-23 14:58
MV-6E,RTU_MAIN_TOP,5529,2025-12-23 15:03,2025-12-23 15:03,0,Q4,3,WrongPart,KN2222AS,,00005529_1.txt,2025-12-23 15:03,2025-12-23 15:03
MV-6E,RTU_MAIN_TOP,5531,2025-12-23 15:04,2025-12-23 15:04,1,D9,3,WrongPart,1N5819HW-7-F,,00005531_1.txt,2025-12-23 15:04,2025-12-23 15:04
MV-6E,RTU_MAIN_TOP,5532,2025-12-23 15:04,2025-12-23 15:04,0,J6,0,LiftedPackage,USB-C-3.1_16P,,00005532_1.txt,2025-12-23 15:04,2025-12-23 15:04
MV-6E,RTU_MAIN_TOP,5532,2025-12-23 15:04,2025-12-23 15:04,1,TC1,2,Shift,10uF_16V_3216,,00005532_1.txt,2025-12-23 15:04,2025-12-23 15:04
MV-6E,RTU_MAIN_TOP,5536,2025-12-23 15:07,2025-12-23 15:07,0,U3,1,Shift,NB860,,00005536_1.txt,2025-12-23 15:07,2025-12-23 15:07
MV-6E,RTU_MAIN_TOP,5538,2025-12-23 15:08,2025-12-23 15:08,1,TC1,2,Shift,10uF_16V_3216,,00005538_1.txt,2025-12-23 15:08,2025-12-23 15:08
MV-6E,RTU_MAIN_TOP,5548,2025-12-23 15:13,2025-12-23 15:13,1,J6,0,LiftedPackage,USB-C-3.1_16P,,00005548_1.txt,2025-12-23 15:13,2025-12-23 15:13
MV-6E,RTU_MAIN_TOP,5549,2025-12-23 15:14,2025-12-23 15:14,1,U2,1,InsufficientSolder,ZLDO1117-3.3,,00005549_1.txt,2025-12-23 15:14,2025-12-23 15:14
MV-6E,RTU_MAIN_TOP,5555,2025-12-23 15:17,2025-12-23 15:17,0,U5,4,InsufficientSolder,A31G224CLN,,00005555_1.txt,2025-12-23 15:17,2025-12-23 15:17
MV-6E,RTU_MAIN_TOP,5555,2025-12-23 15:17,2025-12-23 15:17,1,TC1,2,Shift,10uF_16V_3216,,00005555_1.txt,2025-12-23 15:17,2025-12-23 15:17
MV-6E,RTU_MAIN_TOP,5557,2025-12-23 15:18,2025-12-23 15:18,0,U7,0,WrongPart,MX25L3233FM2I-08,,00005557_1.txt,2025-12-23 15:18,2025-12-23 15:18
MV-6E,RTU_MAIN_TOP,5559,2025-12-23 15:19,2025-12-23 15:19,1,D9,3,WrongPart,1N5819HW-7-F,,00005559_1.txt,2025-12-23 15:19,2025-12-23 15:19
MV-6E,RTU_MAIN_TOP,5561,2025-12-23 15:20,2025-12-23 15:20,1,J6,0,LiftedPackage,USB-C-3.1_16P,,00005561_1.txt,2025-12-23 15:20,2025-12-23 15:20
MV-6E,RTU_MAIN_TOP,5565,2025-12-23 15:22,2025-12-23 15:22,1,Q1,3,WrongPart,KN2222AS,,00005565_1.txt,2025-12-23 15:22,2025-12-23 15:22
MV-6E,RTU_MAIN_TOP,5570,2025-12-23 15:26,2025-12-23 15:26,0,D2,3,WrongPart,1N5819HW-7-F,,00005570_1.txt,2025-12-23 15:26,2025-12-23 15:26
MV-6E,RTU_MAIN_TOP,5591,2025-12-23 15:37,2025-12-23 15:37,1,J6,0,LiftedPackage,USB-C-3.1_16P,,00005591_1.txt,2025-12-23 15:37,2025-12-23 15:37
MV-6E,RTU_MAIN_TOP,5592,2025-12-23 15:37,2025-12-23 15:37,1,LED1,0,Shift,RED-LED1608,,00005592_1.txt,2025-12-23 15:37,2025-12-23 15:37
MV-6E,RTU_MAIN_TOP,5593,2025-12-23 15:38,2025-12-23 15:38,1,J6,0,LiftedPackage,USB-C-3.1_16P,,00005593_1.txt,2025-12-23 15:38,2025-12-23 15:38
MV-6E,RTU_MAIN_TOP,5597,2025-12-23 15:40,2025-12-23 15:40,1,U5,2,InsufficientSolder,A31G224CLN,,00005597_1.txt,2025-12-23 15:40,2025-12-23 15:40
MV-6E,RTU_MAIN_TOP,5600,2025-12-23 15:41,2025-12-23 15:41,0,R5,3,WrongPart,100_J1608,,00005600_1.txt,2025-12-23 15:41,2025-12-23 15:41
MV-6E,RTU_MAIN_TOP,5606,2025-12-23 15:45,2025-12-23 15:45,0,J6,0,LiftedPackage,USB-C-3.1_16P,,00005606_1.txt,2025-12-23 15:45,2025-12-23 15:45
MV-6E,RTU_MAIN_TOP,5606,2025-12-23 15:45,2025-12-23 15:45,1,J6,0,LiftedPackage,USB-C-3.1_16P,,00005606_1.txt,2025-12-23 15:45,2025-12-23 15:45
MV-6E,RTU_MAIN_TOP,5608,2025-12-23 15:46,2025-12-23 15:46,1,J6,0,LiftedPackage,USB-C-3.1_16P,,00005608_1.txt,2025-12-23 15:46,2025-12-23 15:46
MV-6E,RTU_MAIN_TOP,5609,2025-12-23 15:46,2025-12-23 15:46,1,SW1,2,LiftedPackage,IT-1101NHA,,00005609_1.txt,2025-12-23 15:46,2025-12-23 15:46
MV-6E,RTU_MAIN_TOP,5610,2025-12-23 15:47,2025-12-23 15:47,0,J6,0,LiftedPackage,USB-C-3.1_16P,,00005610_1.txt,2025-12-23 15:47,2025-12-23 15:47
MV-6E,RTU_MAIN_TOP,5619,2025-12-23 15:52,2025-12-23 15:52,1,J6,0,LiftedPackage,USB-C-3.1_16P,,00005619_1.txt,2025-12-23 15:52,2025-12-23 15:52
MV-6E,RTU_MAIN_TOP,5620,2025-12-23 15:52,2025-12-23 15:52,1,U5,2,Bridge,A31G224CLN,,00005620_1.txt,2025-12-23 15:52,2025-12-23 15:52
MV-6E,RTU_MAIN_TOP,5625,2025-12-23 15:55,2025-12-23 15:55,0,LED2,0,Tomstone,GREEN-LED1608,,00005625_1.txt,2025-12-23 15:55,2025-12-23 15:55
MV-6E,RTU_MAIN_TOP,5625,2025-12-23 15:55,2025-12-23 15:55,1,U5,2,InsufficientSolder,A31G224CLN,,00005625_1.txt,2025-12-23 15:55,2025-12-23 15:55
MV-6E,RTU_MAIN_TOP,5626,2025-12-23 15:56,2025-12-23 15:56,0,U5,4,InsufficientSolder,A31G224CLN,,00005626_1.txt,2025-12-23 15:56,2025-12-23 15:56
MV-6E,RTU_MAIN_TOP,5630,2025-12-23 15:58,2025-12-23 15:58,1,U5,2,InsufficientSolder,A31G224CLN,,00005630_1.txt,2025-12-23 15:58,2025-12-23 15:58
MV-6E,RTU_MAIN_TOP,5642,2025-12-23 16:05,2025-12-23 16:05,0,U7,0,WrongPart,MX25L3233FM2I-08,,00005642_1.txt,2025-12-23 16:05,2025-12-23 16:05
MV-6E,RTU_MAIN_TOP,5642,2025-12-23 16:05,2025-12-23 16:05,0,U7,3,InsufficientSolder,MX25L3233FM2I-08,,00005642_1.txt,2025-12-23 16:05,2025-12-23 16:05
MV-6E,RTU_MAIN_TOP,5642,2025-12-23 16:05,2025-12-23 16:05,1,U7,0,WrongPart,MX25L3233FM2I-08,,00005642_1.txt,2025-12-23 16:05,2025-12-23 16:05
MV-6E,RTU_MAIN_TOP,5642,2025-12-23 16:05,2025-12-23 16:05,1,U7,1,InsufficientSolder,MX25L3233FM2I-08,,00005642_1.txt,2025-12-23 16:05,2025-12-23 16:05
MV-6E,RTU_MAIN_TOP,5643,2025-12-23 16:05,2025-12-23 16:05,0,U7,1,InsufficientSolder,MX25L3233FM2I-08,,00005643_1.txt,2025-12-23 16:05,2025-12-23 16:05
MV-6E,RTU_MAIN_TOP,5643,2025-12-23 16:05,2025-12-23 16:05,0,J6,0,Rotate,USB-C-3.1_16P,,00005643_1.txt,2025-12-23 16:05,2025-12-23 16:05
MV-6E,RTU_MAIN_TOP,5644,2025-12-23 16:05,2025-12-23 16:05,0,J6,0,LiftedPackage,USB-C-3.1_16P,,00005644_1.txt,2025-12-23 16:05,2025-12-23 16:05
MV-6E,RTU_MAIN_TOP,5644,2025-12-23 16:05,2025-12-23 16:05,1,U7,1,InsufficientSolder,MX25L3233FM2I-08,,00005644_1.txt,2025-12-23 16:05,2025-12-23 16:05
MV-6E,RTU_MAIN_TOP,5644,2025-12-23 16:05,2025-12-23 16:05,1,J6,0,LiftedPackage,USB-C-3.1_16P,,00005644_1.txt,2025-12-23 16:05,2025-12-23 16:05
MV-6E,RTU_MAIN_TOP,5646,2025-12-23 16:07,2025-12-23 16:07,0,U7,1,InsufficientSolder,MX25L3233FM2I-08,,00005646_1.txt,2025-12-23 16:07,2025-12-23 16:07
MV-6E,RTU_MAIN_TOP,5646,2025-12-23 16:07,2025-12-23 16:07,1,U5,4,InsufficientSolder,A31G224CLN,,00005646_1.txt,2025-12-23 16:07,2025-12-23 16:07
MV-6E,RTU_MAIN_TOP,5646,2025-12-23 16:07,2025-12-23 16:07,1,U7,1,InsufficientSolder,MX25L3233FM2I-08,,00005646_1.txt,2025-12-23 16:07,2025-12-23 16:07
MV-6E,RTU_MAIN_TOP,5646,2025-12-23 16:07,2025-12-23 16:07,1,SW1,2,Shift,IT-1101NHA,,00005646_1.txt,2025-12-23 16:07,2025-12-23 16:07
MV-6E,RTU_MAIN_TOP,5647,2025-12-23 16:07,2025-12-23 16:07,1,U7,1,InsufficientSolder,MX25L3233FM2I-08,,00005647_1.txt,2025-12-23 16:07,2025-12-23 16:07
MV-6E,RTU_MAIN_TOP,5648,2025-12-23 16:08,2025-12-23 16:08,0,U7,0,WrongPart,MX25L3233FM2I-08,,00005648_1.txt,2025-12-23 16:08,2025-12-23 16:08
MV-6E,RTU_MAIN_TOP,5650,2025-12-23 16:09,2025-12-23 16:09,0,U7,0,WrongPart,MX25L3233FM2I-08,,00005650_1.txt,2025-12-23 16:09,2025-12-23 16:09
MV-6E,RTU_MAIN_TOP,5650,2025-12-23 16:09,2025-12-23 16:09,1,U7,1,InsufficientSolder,MX25L3233FM2I-08,,00005650_1.txt,2025-12-23 16:09,2025-12-23 16:09
MV-6E,RTU_MAIN_TOP,5653,2025-12-23 16:10,2025-12-23 16:10,1,U5,4,InsufficientSolder,A31G224CLN,,00005653_1.txt,2025-12-23 16:10,2025-12-23 16:10
MV-6E,RTU_MAIN_TOP,5655,2025-12-23 16:13,2025-12-23 16:13,1,R5,3,WrongPart,100_J1608,,00005655_1.txt,2025-12-23 16:13,2025-12-23 16:13
MV-6E,RTU_MAIN_TOP,5655,2025-12-23 16:13,2025-12-23 16:13,1,U5,4,InsufficientSolder,A31G224CLN,,00005655_1.txt,2025-12-23 16:13,2025-12-23 16:13
MV-6E,RTU_MAIN_TOP,5658,2025-12-23 16:15,2025-12-23 16:15,0,U5,4,InsufficientSolder,A31G224CLN,,00005658_1.txt,2025-12-23 16:15,2025-12-23 16:15
MV-6E,RTU_MAIN_TOP,5658,2025-12-23 16:15,2025-12-23 16:15,0,U2,1,InsufficientSolder,ZLDO1117-3.3,,00005658_1.txt,2025-12-23 16:15,2025-12-23 16:15
MV-6E,RTU_MAIN_TOP,5660,2025-12-23 16:16,2025-12-23 16:16,1,J6,0,Shift,USB-C-3.1_16P,,00005660_1.txt,2025-12-23 16:16,2025-12-23 16:16
MV-6E,RTU_MAIN_TOP,5666,2025-12-23 16:19,2025-12-23 16:19,0,J6,0,LiftedPackage,USB-C-3.1_16P,,00005666_1.txt,2025-12-23 16:19,2025-12-23 16:19
MV-6E,RTU_MAIN_TOP,5666,2025-12-23 16:19,2025-12-23 16:19,1,J6,0,LiftedPackage,USB-C-3.1_16P,,00005666_1.txt,2025-12-23 16:19,2025-12-23 16:19
MV-6E,RTU_MAIN_TOP,5668,2025-12-23 16:20,2025-12-23 16:20,1,Q1,3,WrongPart,KN2222AS,,00005668_1.txt,2025-12-23 16:20,2025-12-23 16:20
MV-6E,RTU_MAIN_TOP,5671,2025-12-23 16:22,2025-12-23 16:22,1,J6,0,Shift,USB-C-3.1_16P,,00005671_1.txt,2025-12-23 16:22,2025-12-23 16:22
MV-6E,RTU_MAIN_TOP,5675,2025-12-23 16:24,2025-12-23 16:24,0,J6,0,LiftedPackage,USB-C-3.1_16P,,00005675_1.txt,2025-12-23 16:24,2025-12-23 16:24
MV-6E,RTU_MAIN_TOP,5675,2025-12-23 16:24,2025-12-23 16:24,1,J6,0,LiftedPackage,USB-C-3.1_16P,,00005675_1.txt,2025-12-23 16:24,2025-12-23 16:24
MV-6E,RTU_MAIN_TOP,5677,2025-12-23 16:25,2025-12-23 16:25,0,R5,3,WrongPart,100_J1608,,00005677_1.txt,2025-12-23 16:25,2025-12-23 16:25
MV-6E,RTU_MAIN_TOP,5677,2025-12-23 16:25,2025-12-23 16:25,0,U5,4,InsufficientSolder,A31G224CLN,,00005677_1.txt,2025-12-23 16:25,2025-12-23 16:25
MV-6E,RTU_MAIN_TOP,5679,2025-12-23 16:26,2025-12-23 16:26,0,U5,4,InsufficientSolder,A31G224CLN,,00005679_1.txt,2025-12-23 16:26,2025-12-23 16:26
MV-6E,RTU_MAIN_TOP,5680,2025-12-23 16:27,2025-12-23 16:27,1,U5,4,InsufficientSolder,A31G224CLN,,00005680_1.txt,2025-12-23 16:27,2025-12-23 16:27
MV-6E,RTU_MAIN_TOP,5682,2025-12-23 16:28,2025-12-23 16:28,0,J6,0,LiftedPackage,USB-C-3.1_16P,,00005682_1.txt,2025-12-23 16:28,2025-12-23 16:28
MV-6E,RTU_MAIN_TOP,5682,2025-12-23 16:28,2025-12-23 16:28,1,J6,0,LiftedPackage,USB-C-3.1_16P,,00005682_1.txt,2025-12-23 16:28,2025-12-23 16:28
MV-6E,RTU_MAIN_TOP,5684,2025-12-23 16:29,2025-12-23 16:29,1,U5,4,InsufficientSolder,A31G224CLN,,00005684_1.txt,2025-12-23 16:29,2025-12-23 16:29
MV-6E,RTU_MAIN_TOP,5689,2025-12-23 16:31,2025-12-23 16:31,1,D15,2,Shift,KDS160,,00005689_1.txt,2025-12-23 16:31,2025-12-23 16:31
MV-6E,RTU_MAIN_TOP,5691,2025-12-23 16:33,2025-12-23 16:33,0,LED2,0,LiftedPackage,GREEN-LED1608,,00005691_1.txt,2025-12-23 16:33,2025-12-23 16:33
MV-6E,RTU_MAIN_TOP,5693,2025-12-23 16:34,2025-12-23 16:34,1,D9,3,WrongPart,1N5819HW-7-F,,00005693_1.txt,2025-12-23 16:34,2025-12-23 16:34
MV-6E,RTU_MAIN_TOP,5694,2025-12-23 16:34,2025-12-23 16:34,0,J6,0,LiftedPackage,USB-C-3.1_16P,,00005694_1.txt,2025-12-23 16:34,2025-12-23 16:34
MV-6E,RTU_MAIN_TOP,5695,2025-12-23 16:35,2025-12-23 16:35,1,Q1,3,WrongPart,KN2222AS,,00005695_1.txt,2025-12-23 16:35,2025-12-23 16:35
MV-6E,RTU_MAIN_TOP,5699,2025-12-23 16:37,2025-12-23 16:37,1,TC1,2,Shift,10uF_16V_3216,,00005699_1.txt,2025-12-23 16:37,2025-12-23 16:37
MV-6E,RTU_MAIN_TOP,5701,2025-12-23 16:38,2025-12-23 16:38,0,LED2,0,Tomstone,GREEN-LED1608,,00005701_1.txt,2025-12-23 16:38,2025-12-23 16:38
MV-6E,RTU_MAIN_TOP,5705,2025-12-23 16:40,2025-12-23 16:40,1,U2,1,InsufficientSolder,ZLDO1117-3.3,,00005705_1.txt,2025-12-23 16:40,2025-12-23 16:40
MV-6E,RTU_MAIN_TOP,5707,2025-12-23 16:42,2025-12-23 16:42,1,R63,3,WrongPart,22_J1608,,00005707_1.txt,2025-12-23 16:42,2025-12-23 16:42
MV-6E,RTU_MAIN_TOP,5707,2025-12-23 16:42,2025-12-23 16:42,1,U5,4,InsufficientSolder,A31G224CLN,,00005707_1.txt,2025-12-23 16:42,2025-12-23 16:42
MV-6E,RTU_MAIN_TOP,5712,2025-12-23 16:45,2025-12-23 16:45,1,J6,0,LiftedPackage,USB-C-3.1_16P,,00005712_1.txt,2025-12-23 16:45,2025-12-23 16:45
MV-6E,RTU_MAIN_TOP,5718,2025-12-23 16:48,2025-12-23 16:48,1,U5,4,InsufficientSolder,A31G224CLN,,00005718_1.txt,2025-12-23 16:48,2025-12-23 16:48
MV-6E,RTU_MAIN_TOP,5720,2025-12-23 16:49,2025-12-23 16:49,1,LED2,0,Tomstone,GREEN-LED1608,,00005720_1.txt,2025-12-23 16:49,2025-12-23 16:49
MV-6E,RTU_MAIN_TOP,5722,2025-12-23 16:50,2025-12-23 16:50,1,U5,2,InsufficientSolder,A31G224CLN,,00005722_1.txt,2025-12-23 16:50,2025-12-23 16:50
MV-6E,RTU_MAIN_TOP,5723,2025-12-23 16:51,2025-12-23 16:51,1,J6,0,Shift,USB-C-3.1_16P,,00005723_1.txt,2025-12-23 16:51,2025-12-23 16:51
MV-6E,RTU_MAIN_TOP,5726,2025-12-23 16:52,2025-12-23 16:52,1,D9,3,WrongPart,1N5819HW-7-F,,00005726_1.txt,2025-12-23 16:52,2025-12-23 16:52
MV-6E,RTU_MAIN_TOP,5728,2025-12-23 16:53,2025-12-23 16:53,0,U3,1,Shift,NB860,,00005728_1.txt,2025-12-23 16:53,2025-12-23 16:53
MV-6E,RTU_MAIN_TOP,5729,2025-12-23 16:54,2025-12-23 16:54,0,U3,1,Shift,NB860,,00005729_1.txt,2025-12-23 16:54,2025-12-23 16:54
MV-6E,RTU_MAIN_TOP,5730,2025-12-23 16:54,2025-12-23 16:54,1,J6,0,Shift,USB-C-3.1_16P,,00005730_1.txt,2025-12-23 16:54,2025-12-23 16:54
MV-6E,RTU_MAIN_TOP,5731,2025-12-23 16:55,2025-12-23 16:55,1,U7,1,InsufficientSolder,MX25L3233FM2I-08,,00005731_1.txt,2025-12-23 16:55,2025-12-23 16:55
MV-6E,RTU_MAIN_TOP,5731,2025-12-23 16:55,2025-12-23 16:55,1,D16,2,Rotate,KDS160,,00005731_1.txt,2025-12-23 16:55,2025-12-23 16:55
MV-6E,RTU_MAIN_TOP,5735,2025-12-23 16:57,2025-12-23 16:57,0,R57,0,Missing,1K_J1608,,00005735_1.txt,2025-12-23 16:57,2025-12-23 16:57
MV-6E,RTU_MAIN_TOP,5740,2025-12-23 17:00,2025-12-23 17:00,0,U5,4,InsufficientSolder,A31G224CLN,,00005740_1.txt,2025-12-23 17:00,2025-12-23 17:00
MV-6E,RTU_MAIN_TOP,5741,2025-12-23 17:00,2025-12-23 17:00,0,U5,4,InsufficientSolder,A31G224CLN,,00005741_1.txt,2025-12-23 17:00,2025-12-23 17:00
MV-6E,RTU_MAIN_TOP,5753,2025-12-23 17:07,2025-12-23 17:07,0,U5,4,InsufficientSolder,A31G224CLN,,00005753_1.txt,2025-12-23 17:07,2025-12-23 17:07
MV-6E,RTU_MAIN_TOP,5753,2025-12-23 17:07,2025-12-23 17:07,0,J6,0,LiftedPackage,USB-C-3.1_16P,,00005753_1.txt,2025-12-23 17:07,2025-12-23 17:07
MV-6E,RTU_MAIN_TOP,5753,2025-12-23 17:07,2025-12-23 17:07,1,U5,4,InsufficientSolder,A31G224CLN,,00005753_1.txt,2025-12-23 17:07,2025-12-23 17:07
MV-6E,RTU_MAIN_TOP,5753,2025-12-23 17:07,2025-12-23 17:07,1,J6,0,LiftedPackage,USB-C-3.1_16P,,00005753_1.txt,2025-12-23 17:07,2025-12-23 17:07
MV-6E,RTU_MAIN_TOP,5754,2025-12-23 17:07,2025-12-23 17:07,0,U5,4,InsufficientSolder,A31G224CLN,,00005754_1.txt,2025-12-23 17:07,2025-12-23 17:07
MV-6E,RTU_MAIN_TOP,5756,2025-12-23 17:08,2025-12-23 17:08,0,FB5,0,Tilt,BLM18KG601BH1D,,00005756_1.txt,2025-12-23 17:08,2025-12-23 17:08
MV-6E,RTU_MAIN_TOP,5757,2025-12-23 17:09,2025-12-23 17:09,1,U5,4,InsufficientSolder,A31G224CLN,,00005757_1.txt,2025-12-23 17:09,2025-12-23 17:09
MV-6E,RTU_MAIN_TOP,5765,2025-12-23 17:13,2025-12-23 17:13,1,J6,0,Shift,USB-C-3.1_16P,,00005765_1.txt,2025-12-23 17:13,2025-12-23 17:13
MV-6E,RTU_MAIN_TOP,5772,2025-12-23 17:17,2025-12-23 17:17,0,R62,1,InsufficientSolder,22_J1608,,00005772_1.txt,2025-12-23 17:17,2025-12-23 17:17
MV-6E,RTU_MAIN_TOP,5772,2025-12-23 17:17,2025-12-23 17:17,0,J6,0,Shift,USB-C-3.1_16P,,00005772_1.txt,2025-12-23 17:17,2025-12-23 17:17
MV-6E,RTU_MAIN_TOP,5772,2025-12-23 17:17,2025-12-23 17:17,1,TC1,2,Shift,10uF_16V_3216,,00005772_1.txt,2025-12-23 17:17,2025-12-23 17:17
MV-6E,RTU_MAIN_TOP,5773,2025-12-23 17:18,2025-12-23 17:18,1,U5,2,InsufficientSolder,A31G224CLN,,00005773_1.txt,2025-12-23 17:18,2025-12-23 17:18
MV-6E,RTU_MAIN_TOP,5774,2025-12-23 17:18,2025-12-23 17:18,0,J6,0,LiftedPackage,USB-C-3.1_16P,,00005774_1.txt,2025-12-23 17:18,2025-12-23 17:18
MV-6E,RTU_MAIN_TOP,5774,2025-12-23 17:18,2025-12-23 17:18,1,J6,0,LiftedPackage,USB-C-3.1_16P,,00005774_1.txt,2025-12-23 17:18,2025-12-23 17:18
MV-6E,RTU_MAIN_TOP,5776,2025-12-23 17:19,2025-12-23 17:19,1,J6,0,LiftedPackage,USB-C-3.1_16P,,00005776_1.txt,2025-12-23 17:19,2025-12-23 17:19
MV-6E,RTU_MAIN_TOP,5780,2025-12-23 17:22,2025-12-23 17:22,0,U2,1,InsufficientSolder,ZLDO1117-3.3,,00005780_1.txt,2025-12-23 17:22,2025-12-23 17:22
MV-6E,RTU_MAIN_TOP,5781,2025-12-23 17:22,2025-12-23 17:22,1,R6,3,WrongPart,22_J1608,,00005781_1.txt,2025-12-23 17:22,2025-12-23 17:22
MV-6E,RTU_MAIN_TOP,5788,2025-12-23 17:26,2025-12-23 17:26,1,C33,0,Shift,100nF_100V_1608,,00005788_1.txt,2025-12-23 17:26,2025-12-23 17:26
MV-6E,RTU_MAIN_TOP,5789,2025-12-23 17:26,2025-12-23 17:26,0,J6,0,LiftedPackage,USB-C-3.1_16P,,00005789_1.txt,2025-12-23 17:26,2025-12-23 17:26
MV-6E,RTU_MAIN_TOP,5808,2025-12-23 17:37,2025-12-23 17:37,1,U5,2,InsufficientSolder,A31G224CLN,,00005808_1.txt,2025-12-23 17:37,2025-12-23 17:37
MV-6E,RTU_MAIN_TOP,5817,2025-12-23 17:42,2025-12-23 17:42,1,U2,1,InsufficientSolder,ZLDO1117-3.3,,00005817_1.txt,2025-12-23 17:42,2025-12-23 17:42
MV-6E,RTU_MAIN_TOP,5819,2025-12-23 17:43,2025-12-23 17:43,1,J6,0,Shift,USB-C-3.1_16P,,00005819_1.txt,2025-12-23 17:43,2025-12-23 17:43
MV-6E,RTU_MAIN_TOP,5827,2025-12-23 17:47,2025-12-23 17:47,0,U7,1,InsufficientSolder,MX25L3233FM2I-08,,00005827_1.txt,2025-12-23 17:47,2025-12-23 17:47
MV-6E,RTU_MAIN_TOP,5836,2025-12-23 17:52,2025-12-23 17:52,1,U5,2,InsufficientSolder,A31G224CLN,,00005836_1.txt,2025-12-23 17:52,2025-12-23 17:52
MV-6E,RTU_MAIN_TOP,5842,2025-12-23 17:55,2025-12-23 17:55,0,U2,1,InsufficientSolder,ZLDO1117-3.3,,00005842_1.txt,2025-12-23 17:55,2025-12-23 17:55
MV-6E,RTU_MAIN_TOP,5847,2025-12-23 17:58,2025-12-23 17:58,1,U7,1,InsufficientSolder,MX25L3233FM2I-08,,00005847_1.txt,2025-12-23 17:58,2025-12-23 17:58
MV-6E,RTU_MAIN_TOP,5856,2025-12-23 18:03,2025-12-23 18:03,1,SW1,2,Shift,IT-1101NHA,,00005856_1.txt,2025-12-23 18:03,2025-12-23 18:03
MV-6E,RTU_MAIN_TOP,5863,2025-12-23 18:07,2025-12-23 18:07,1,J6,0,LiftedPackage,USB-C-3.1_16P,,00005863_1.txt,2025-12-23 18:07,2025-12-23 18:07
MV-6E,RTU_MAIN_TOP,5871,2025-12-23 18:11,2025-12-23 18:11,0,D9,3,WrongPart,1N5819HW-7-F,,00005871_1.txt,2025-12-23 18:11,2025-12-23 18:11
MV-6E,RTU_MAIN_TOP,5881,2025-12-23 18:16,2025-12-23 18:16,1,D9,3,WrongPart,1N5819HW-7-F,,00005881_1.txt,2025-12-23 18:16,2025-12-23 18:16
MV-6E,RTU_MAIN_TOP,5882,2025-12-23 18:17,2025-12-23 18:17,0,U5,4,Bridge,A31G224CLN,,00005882_1.txt,2025-12-23 18:17,2025-12-23 18:17
MV-6E,RTU_MAIN_TOP,5882,2025-12-23 18:17,2025-12-23 18:17,0,U2,1,InsufficientSolder,ZLDO1117-3.3,,00005882_1.txt,2025-12-23 18:17,2025-12-23 18:17
MV-6E,RTU_MAIN_TOP,5882,2025-12-23 18:17,2025-12-23 18:17,1,D2,3,WrongPart,1N5819HW-7-F,,00005882_1.txt,2025-12-23 18:17,2025-12-23 18:17
MV-6E,RTU_MAIN_TOP,5885,2025-12-23 18:19,2025-12-23 18:19,1,U7,1,InsufficientSolder,MX25L3233FM2I-08,,00005885_1.txt,2025-12-23 18:19,2025-12-23 18:19
MV-6E,RTU_MAIN_TOP,5894,2025-12-23 18:24,2025-12-23 18:24,1,U5,2,InsufficientSolder,A31G224CLN,,00005894_1.txt,2025-12-23 18:24,2025-12-23 18:24
MV-6E,RTU_MAIN_TOP,5900,2025-12-23 18:27,2025-12-23 18:27,1,J6,0,LiftedPackage,USB-C-3.1_16P,,00005900_1.txt,2025-12-23 18:27,2025-12-23 18:27
MV-6E,RTU_MAIN_TOP,5903,2025-12-23 18:28,2025-12-23 18:28,0,J6,0,LiftedPackage,USB-C-3.1_16P,,00005903_1.txt,2025-12-23 18:28,2025-12-23 18:28
MV-6E,RTU_MAIN_TOP,5904,2025-12-23 18:29,2025-12-23 18:29,1,U5,2,InsufficientSolder,A31G224CLN,,00005904_1.txt,2025-12-23 18:29,2025-12-23 18:29
MV-6E,RTU_MAIN_TOP,5906,2025-12-23 18:30,2025-12-23 18:30,1,U7,1,InsufficientSolder,MX25L3233FM2I-08,,00005906_1.txt,2025-12-23 18:30,2025-12-23 18:30
MV-6E,RTU_MAIN_TOP,5909,2025-12-23 18:32,2025-12-23 18:32,0,D9,3,WrongPart,1N5819HW-7-F,,00005909_1.txt,2025-12-23 18:32,2025-12-23 18:32
MV-6E,RTU_MAIN_TOP,5928,2025-12-23 18:42,2025-12-23 18:42,0,U2,1,InsufficientSolder,ZLDO1117-3.3,,00005928_1.txt,2025-12-23 18:42,2025-12-23 18:42
MV-6E,RTU_MAIN_TOP,5929,2025-12-23 18:43,2025-12-23 18:43,0,J6,0,LiftedPackage,USB-C-3.1_16P,,00005929_1.txt,2025-12-23 18:43,2025-12-23 18:43
MV-6E,RTU_MAIN_TOP,5932,2025-12-23 18:44,2025-12-23 18:44,1,U7,3,InsufficientSolder,MX25L3233FM2I-08,,00005932_1.txt,2025-12-23 18:44,2025-12-23 18:44
MV-6E,RTU_MAIN_TOP,5935,2025-12-23 18:46,2025-12-23 18:46,1,D2,3,WrongPart,1N5819HW-7-F,,00005935_1.txt,2025-12-23 18:46,2025-12-23 18:46
MV-6E,RTU_MAIN_TOP,5959,2025-12-23 18:59,2025-12-23 18:59,1,D2,3,WrongPart,1N5819HW-7-F,,00005959_1.txt,2025-12-23 18:59,2025-12-23 18:59
MV-6E,RTU_MAIN_TOP,5960,2025-12-23 19:00,2025-12-23 19:00,0,R57,0,Missing,1K_J1608,,00005960_1.txt,2025-12-23 19:00,2025-12-23 19:00
MV-6E,RTU_MAIN_TOP,5960,2025-12-23 19:00,2025-12-23 19:00,0,J6,0,LiftedPackage,USB-C-3.1_16P,,00005960_1.txt,2025-12-23 19:00,2025-12-23 19:00
MV-6E,RTU_MAIN_TOP,5960,2025-12-23 19:00,2025-12-23 19:00,1,U7,1,InsufficientSolder,MX25L3233FM2I-08,,00005960_1.txt,2025-12-23 19:00,2025-12-23 19:00
MV-6E,RTU_MAIN_TOP,5960,2025-12-23 19:00,2025-12-23 19:00,1,J6,0,LiftedPackage,USB-C-3.1_16P,,00005960_1.txt,2025-12-23 19:00,2025-12-23 19:00
MV-6E,RTU_MAIN_TOP,5962,2025-12-23 19:01,2025-12-23 19:01,1,Q4,3,WrongPart,KN2222AS,,00005962_1.txt,2025-12-23 19:01,2025-12-23 19:01
MV-6E,RTU_MAIN_TOP,5969,2025-12-23 19:04,2025-12-23 19:04,1,D2,3,WrongPart,1N5819HW-7-F,,00005969_1.txt,2025-12-23 19:04,2025-12-23 19:04
MV-6E,RTU_MAIN_TOP,5974,2025-12-23 19:07,2025-12-23 19:07,1,J6,0,LiftedPackage,USB-C-3.1_16P,,00005974_1.txt,2025-12-23 19:07,2025-12-23 19:07
MV-6E,RTU_MAIN_TOP,5977,2025-12-23 19:09,2025-12-23 19:09,1,D9,3,WrongPart,1N5819HW-7-F,,00005977_1.txt,2025-12-23 19:09,2025-12-23 19:09
MV-6E,RTU_MAIN_TOP,5980,2025-12-23 19:10,2025-12-23 19:10,0,U2,1,InsufficientSolder,ZLDO1117-3.3,,00005980_1.txt,2025-12-23 19:10,2025-12-23 19:10
MV-6E,RTU_MAIN_TOP,5997,2025-12-23 19:20,2025-12-23 19:20,1,R63,3,WrongPart,22_J1608,,00005997_1.txt,2025-12-23 19:20,2025-12-23 19:20
MV-6E,RTU_MAIN_TOP,5997,2025-12-23 19:20,2025-12-23 19:20,1,U2,1,InsufficientSolder,ZLDO1117-3.3,,00005997_1.txt,2025-12-23 19:20,2025-12-23 19:20
MV-6E,RTU_MAIN_TOP,5998,2025-12-23 19:20,2025-12-23 19:20,1,U5,2,InsufficientSolder,A31G224CLN,,00005998_1.txt,2025-12-23 19:20,2025-12-23 19:20
MV-6E,RTU_MAIN_TOP,6000,2025-12-23 19:21,2025-12-23 19:21,0,J6,0,LiftedPackage,USB-C-3.1_16P,,00006000_1.txt,2025-12-23 19:21,2025-12-23 19:21
MV-6E,RTU_MAIN_TOP,6000,2025-12-23 19:21,2025-12-23 19:21,1,J6,0,LiftedPackage,USB-C-3.1_16P,,00006000_1.txt,2025-12-23 19:21,2025-12-23 19:21
MV-6E,RTU_MAIN_TOP,6009,2025-12-23 19:26,2025-12-23 19:26,1,TC1,2,Shift,10uF_16V_3216,,00006009_1.txt,2025-12-23 19:26,2025-12-23 19:26
MV-6E,RTU_MAIN_TOP,6009,2025-12-23 19:26,2025-12-23 19:26,1,U7,1,InsufficientSolder,MX25L3233FM2I-08,,00006009_1.txt,2025-12-23 19:26,2025-12-23 19:26
MV-6E,RTU_MAIN_TOP,6026,2025-12-23 19:35,2025-12-23 19:35,1,Q4,3,WrongPart,KN2222AS,,00006026_1.txt,2025-12-23 19:35,2025-12-23 19:35
MV-6E,RTU_MAIN_TOP,6026,2025-12-23 19:35,2025-12-23 19:35,1,J6,0,Shift,USB-C-3.1_16P,,00006026_1.txt,2025-12-23 19:35,2025-12-23 19:35
MV-6E,RTU_MAIN_TOP,6027,2025-12-23 19:36,2025-12-23 19:36,0,U3,1,Shift,NB860,,00006027_1.txt,2025-12-23 19:36,2025-12-23 19:36
MV-6E,RTU_MAIN_TOP,6029,2025-12-23 19:37,2025-12-23 19:37,0,U2,1,InsufficientSolder,ZLDO1117-3.3,,00006029_1.txt,2025-12-23 19:37,2025-12-23 19:37
MV-6E,RTU_MAIN_TOP,6038,2025-12-23 19:42,2025-12-23 19:42,1,U2,1,InsufficientSolder,ZLDO1117-3.3,,00006038_1.txt,2025-12-23 19:42,2025-12-23 19:42
MV-6E,RTU_MAIN_TOP,6040,2025-12-23 19:43,2025-12-23 19:43,1,U2,1,InsufficientSolder,ZLDO1117-3.3,,00006040_1.txt,2025-12-23 19:43,2025-12-23 19:43
MV-6E,RTU_MAIN_TOP,6049,2025-12-23 19:48,2025-12-23 19:48,1,R5,3,WrongPart,100_J1608,,00006049_1.txt,2025-12-23 19:48,2025-12-23 19:48
MV-6E,RTU_MAIN_TOP,6062,2025-12-23 19:55,2025-12-23 19:55,0,LED1,0,Rotate,RED-LED1608,,00006062.txt,2025-12-23 19:55,2025-12-23 19:55
MV-6E,RTU_MAIN_TOP,6081,2025-12-23 20:05,2025-12-23 20:05,1,D9,3,WrongPart,1N5819HW-7-F,,00006081.txt,2025-12-23 20:05,2025-12-23 20:05
MV-6E,RTU_MAIN_TOP,6084,2025-12-23 20:07,2025-12-23 20:07,1,Q1,3,WrongPart,KN2222AS,,00006084.txt,2025-12-23 20:07,2025-12-23 20:07
MV-6E,RTU_MAIN_TOP,6085,2025-12-23 20:07,2025-12-23 20:07,0,LED2,0,Missing,GREEN-LED1608,,00006085.txt,2025-12-23 20:07,2025-12-23 20:07
MV-6E,RTU_MAIN_TOP,6092,2025-12-23 20:12,2025-12-23 20:12,1,U5,2,InsufficientSolder,A31G224CLN,,00006092.txt,2025-12-23 20:12,2025-12-23 20:12
MV-6E,RTU_MAIN_TOP,6095,2025-12-23 20:13,2025-12-23 20:13,0,U7,1,InsufficientSolder,MX25L3233FM2I-08,,00006095.txt,2025-12-23 20:13,2025-12-23 20:13
MV-6E,RTU_MAIN_TOP,6096,2025-12-23 20:14,2025-12-23 20:14,1,J6,0,Shift,USB-C-3.1_16P,,00006096.txt,2025-12-23 20:14,2025-12-23 20:14
MV-6E,RTU_MAIN_TOP,6097,2025-12-23 20:14,2025-12-23 20:14,0,U7,1,InsufficientSolder,MX25L3233FM2I-08,,00006097.txt,2025-12-23 20:14,2025-12-23 20:14
MV-6E,RTU_MAIN_TOP,6097,2025-12-23 20:14,2025-12-23 20:14,1,TC1,2,Shift,10uF_16V_3216,,00006097.txt,2025-12-23 20:14,2025-12-23 20:14
MV-6E,RTU_MAIN_TOP,6097,2025-12-23 20:14,2025-12-23 20:14,1,R19,3,WrongPart,22_J1608,,00006097.txt,2025-12-23 20:14,2025-12-23 20:14
MV-6E,RTU_MAIN_TOP,6097,2025-12-23 20:14,2025-12-23 20:14,1,J6,0,LiftedPackage,USB-C-3.1_16P,,00006097.txt,2025-12-23 20:14,2025-12-23 20:14
MV-6E,RTU_MAIN_TOP,6104,2025-12-23 20:18,2025-12-23 20:18,0,J6,0,Shift,USB-C-3.1_16P,,00006104.txt,2025-12-23 20:18,2025-12-23 20:18
MV-6E,RTU_MAIN_TOP,6106,2025-12-23 20:19,2025-12-23 20:19,1,U5,2,InsufficientSolder,A31G224CLN,,00006106.txt,2025-12-23 20:19,2025-12-23 20:19
MV-6E,RTU_MAIN_TOP,6108,2025-12-23 20:20,2025-12-23 20:20,0,U5,1,InsufficientSolder,A31G224CLN,,00006108.txt,2025-12-23 20:20,2025-12-23 20:20
MV-6E,RTU_MAIN_TOP,6108,2025-12-23 20:20,2025-12-23 20:20,0,U5,2,InsufficientSolder,A31G224CLN,,00006108.txt,2025-12-23 20:20,2025-12-23 20:20
MV-6E,RTU_MAIN_TOP,6108,2025-12-23 20:20,2025-12-23 20:20,1,U7,1,InsufficientSolder,MX25L3233FM2I-08,,00006108.txt,2025-12-23 20:20,2025-12-23 20:20
MV-6E,RTU_MAIN_TOP,6108,2025-12-23 20:20,2025-12-23 20:20,1,U7,3,InsufficientSolder,MX25L3233FM2I-08,,00006108.txt,2025-12-23 20:20,2025-12-23 20:20
MV-6E,RTU_MAIN_TOP,6109,2025-12-23 20:20,2025-12-23 20:20,0,U5,4,InsufficientSolder,A31G224CLN,,00006109.txt,2025-12-23 20:20,2025-12-23 20:20
MV-6E,RTU_MAIN_TOP,6109,2025-12-23 20:20,2025-12-23 20:20,0,U7,1,InsufficientSolder,MX25L3233FM2I-08,,00006109.txt,2025-12-23 20:20,2025-12-23 20:20
MV-6E,RTU_MAIN_TOP,6109,2025-12-23 20:20,2025-12-23 20:20,1,U5,2,InsufficientSolder,A31G224CLN,,00006109.txt,2025-12-23 20:20,2025-12-23 20:20
MV-6E,RTU_MAIN_TOP,6109,2025-12-23 20:20,2025-12-23 20:20,1,U7,1,InsufficientSolder,MX25L3233FM2I-08,,00006109.txt,2025-12-23 20:20,2025-12-23 20:20
MV-6E,RTU_MAIN_TOP,6110,2025-12-23 20:21,2025-12-23 20:21,1,J6,0,LiftedPackage,USB-C-3.1_16P,,00006110.txt,2025-12-23 20:21,2025-12-23 20:21
MV-6E,RTU_MAIN_TOP,6111,2025-12-23 20:22,2025-12-23 20:22,0,U7,1,InsufficientSolder,MX25L3233FM2I-08,,00006111.txt,2025-12-23 20:22,2025-12-23 20:22
MV-6E,RTU_MAIN_TOP,6117,2025-12-23 20:25,2025-12-23 20:25,0,C42,0,Tilt,4.7uF_10V_1608,,00006117.txt,2025-12-23 20:25,2025-12-23 20:25
MV-6E,RTU_MAIN_TOP,6118,2025-12-23 20:26,2025-12-23 20:26,1,U5,2,InsufficientSolder,A31G224CLN,,00006118.txt,2025-12-23 20:26,2025-12-23 20:26
MV-6E,RTU_MAIN_TOP,6122,2025-12-23 20:28,2025-12-23 20:28,1,Q1,3,WrongPart,KN2222AS,,00006122.txt,2025-12-23 20:28,2025-12-23 20:28
MV-6E,RTU_MAIN_TOP,6125,2025-12-23 20:29,2025-12-23 20:29,0,Q1,3,WrongPart,KN2222AS,,00006125.txt,2025-12-23 20:29,2025-12-23 20:29
MV-6E,RTU_MAIN_TOP,6126,2025-12-23 20:30,2025-12-23 20:30,0,J6,0,LiftedPackage,USB-C-3.1_16P,,00006126.txt,2025-12-23 20:30,2025-12-23 20:30
MV-6E,RTU_MAIN_TOP,6126,2025-12-23 20:30,2025-12-23 20:30,1,C33,0,Shift,100nF_100V_1608,,00006126.txt,2025-12-23 20:30,2025-12-23 20:30
MV-6E,RTU_MAIN_TOP,6126,2025-12-23 20:30,2025-12-23 20:30,1,J6,0,LiftedPackage,USB-C-3.1_16P,,00006126.txt,2025-12-23 20:30,2025-12-23 20:30
MV-6E,RTU_MAIN_TOP,6127,2025-12-23 20:30,2025-12-23 20:30,1,R61,3,WrongPart,22_J1608,,00006127.txt,2025-12-23 20:30,2025-12-23 20:30
MV-6E,RTU_MAIN_TOP,6128,2025-12-23 20:31,2025-12-23 20:31,0,U7,1,InsufficientSolder,MX25L3233FM2I-08,,00006128.txt,2025-12-23 20:31,2025-12-23 20:31
MV-6E,RTU_MAIN_TOP,6128,2025-12-23 20:31,2025-12-23 20:31,0,J6,0,LiftedPackage,USB-C-3.1_16P,,00006128.txt,2025-12-23 20:31,2025-12-23 20:31
MV-6E,RTU_MAIN_TOP,6128,2025-12-23 20:31,2025-12-23 20:31,1,U5,2,InsufficientSolder,A31G224CLN,,00006128.txt,2025-12-23 20:31,2025-12-23 20:31
MV-6E,RTU_MAIN_TOP,6128,2025-12-23 20:31,2025-12-23 20:31,1,J6,0,Shift,USB-C-3.1_16P,,00006128.txt,2025-12-23 20:31,2025-12-23 20:31
MV-6E,RTU_MAIN_TOP,6132,2025-12-23 20:35,2025-12-23 20:35,1,D9,3,WrongPart,1N5819HW-7-F,,00006132.txt,2025-12-23 20:35,2025-12-23 20:35
MV-6E,RTU_MAIN_TOP,6139,2025-12-23 20:41,2025-12-23 20:41,1,U5,4,InsufficientSolder,A31G224CLN,,00006139.txt,2025-12-23 20:41,2025-12-23 20:41
MV-6E,RTU_MAIN_TOP,6141,2025-12-23 22:28,2025-12-23 22:28,1,Q1,2,LiftedSolder,KN2222AS,,00006141.txt,2025-12-23 22:28,2025-12-23 22:28
MV-6E,RTU_MAIN_TOP,6141,2025-12-23 22:28,2025-12-23 22:28,1,U5,1,InsufficientSolder,A31G224CLN,,00006141.txt,2025-12-23 22:28,2025-12-23 22:28
